-- POKEMON-SPECIES, FORMS, ITS TYPES AND BASE_STATS
-- POKEMON-SPECIES, FORMS, ITS TYPES AND BASE_STATS
-- POKEMON-SPECIES, FORMS, ITS TYPES AND BASE_STATS
INSERT INTO pokemon.pokemon_species (name, pokedex_index, is_baby, is_legendary, is_mythical, evolves_from)
VALUES ('bulbasaur', 1, False, False, False, None);
INSERT INTO pokemon.form (name, is_default, fk_pokemon_species, height, weight, legacy_cry, latest_cry, artwork, shiny_artwork)
VALUES ('bulbasaur', True, 1, 7, 69, https://raw.githubusercontent.com/PokeAPI/cries/main/cries/pokemon/legacy/1.ogg, https://raw.githubusercontent.com/PokeAPI/cries/main/cries/pokemon/latest/1.ogg, https://raw.githubusercontent.com/PokeAPI/sprites/master/sprites/pokemon/other/official-artwork/1.png, https://raw.githubusercontent.com/PokeAPI/sprites/master/sprites/pokemon/other/official-artwork/shiny/1.png);
INSERT INTO pokemon.base_stats (base_hp, base_attack, base_defense, base_special_attack, base_special_defense, base_speed, fk_generation, fk_form)
VALUES (45, 49, 49, 65, 65, 45, 1, 1);
INSERT INTO pokemon.form_has_type_per_generation (fk_form, fk_type, fk_generation, is_primary)
VALUES (1, 12, 1, True);
INSERT INTO pokemon.form_has_type_per_generation (fk_form, fk_type, fk_generation, is_primary)
VALUES (1, 4, 1, False);

INSERT INTO pokemon.pokemon_species (name, pokedex_index, is_baby, is_legendary, is_mythical, evolves_from)
VALUES ('charmander', 4, False, False, False, None);
INSERT INTO pokemon.form (name, is_default, fk_pokemon_species, height, weight, legacy_cry, latest_cry, artwork, shiny_artwork)
VALUES ('charmander', True, 2, 6, 85, https://raw.githubusercontent.com/PokeAPI/cries/main/cries/pokemon/legacy/4.ogg, https://raw.githubusercontent.com/PokeAPI/cries/main/cries/pokemon/latest/4.ogg, https://raw.githubusercontent.com/PokeAPI/sprites/master/sprites/pokemon/other/official-artwork/4.png, https://raw.githubusercontent.com/PokeAPI/sprites/master/sprites/pokemon/other/official-artwork/shiny/4.png);
INSERT INTO pokemon.base_stats (base_hp, base_attack, base_defense, base_special_attack, base_special_defense, base_speed, fk_generation, fk_form)
VALUES (39, 52, 43, 60, 50, 65, 1, 2);
INSERT INTO pokemon.form_has_type_per_generation (fk_form, fk_type, fk_generation, is_primary)
VALUES (2, 10, 1, True);

INSERT INTO pokemon.pokemon_species (name, pokedex_index, is_baby, is_legendary, is_mythical, evolves_from)
VALUES ('squirtle', 7, False, False, False, None);
INSERT INTO pokemon.form (name, is_default, fk_pokemon_species, height, weight, legacy_cry, latest_cry, artwork, shiny_artwork)
VALUES ('squirtle', True, 3, 5, 90, https://raw.githubusercontent.com/PokeAPI/cries/main/cries/pokemon/legacy/7.ogg, https://raw.githubusercontent.com/PokeAPI/cries/main/cries/pokemon/latest/7.ogg, https://raw.githubusercontent.com/PokeAPI/sprites/master/sprites/pokemon/other/official-artwork/7.png, https://raw.githubusercontent.com/PokeAPI/sprites/master/sprites/pokemon/other/official-artwork/shiny/7.png);
INSERT INTO pokemon.base_stats (base_hp, base_attack, base_defense, base_special_attack, base_special_defense, base_speed, fk_generation, fk_form)
VALUES (44, 48, 65, 50, 64, 43, 1, 3);
INSERT INTO pokemon.form_has_type_per_generation (fk_form, fk_type, fk_generation, is_primary)
VALUES (3, 11, 1, True);

INSERT INTO pokemon.pokemon_species (name, pokedex_index, is_baby, is_legendary, is_mythical, evolves_from)
VALUES ('caterpie', 10, False, False, False, None);
INSERT INTO pokemon.form (name, is_default, fk_pokemon_species, height, weight, legacy_cry, latest_cry, artwork, shiny_artwork)
VALUES ('caterpie', True, 4, 3, 29, https://raw.githubusercontent.com/PokeAPI/cries/main/cries/pokemon/legacy/10.ogg, https://raw.githubusercontent.com/PokeAPI/cries/main/cries/pokemon/latest/10.ogg, https://raw.githubusercontent.com/PokeAPI/sprites/master/sprites/pokemon/other/official-artwork/10.png, https://raw.githubusercontent.com/PokeAPI/sprites/master/sprites/pokemon/other/official-artwork/shiny/10.png);
INSERT INTO pokemon.base_stats (base_hp, base_attack, base_defense, base_special_attack, base_special_defense, base_speed, fk_generation, fk_form)
VALUES (45, 30, 35, 20, 20, 45, 1, 4);
INSERT INTO pokemon.form_has_type_per_generation (fk_form, fk_type, fk_generation, is_primary)
VALUES (4, 7, 1, True);

INSERT INTO pokemon.pokemon_species (name, pokedex_index, is_baby, is_legendary, is_mythical, evolves_from)
VALUES ('weedle', 13, False, False, False, None);
INSERT INTO pokemon.form (name, is_default, fk_pokemon_species, height, weight, legacy_cry, latest_cry, artwork, shiny_artwork)
VALUES ('weedle', True, 5, 3, 32, https://raw.githubusercontent.com/PokeAPI/cries/main/cries/pokemon/legacy/13.ogg, https://raw.githubusercontent.com/PokeAPI/cries/main/cries/pokemon/latest/13.ogg, https://raw.githubusercontent.com/PokeAPI/sprites/master/sprites/pokemon/other/official-artwork/13.png, https://raw.githubusercontent.com/PokeAPI/sprites/master/sprites/pokemon/other/official-artwork/shiny/13.png);
INSERT INTO pokemon.base_stats (base_hp, base_attack, base_defense, base_special_attack, base_special_defense, base_speed, fk_generation, fk_form)
VALUES (40, 35, 30, 20, 20, 50, 1, 5);
INSERT INTO pokemon.form_has_type_per_generation (fk_form, fk_type, fk_generation, is_primary)
VALUES (5, 7, 1, True);
INSERT INTO pokemon.form_has_type_per_generation (fk_form, fk_type, fk_generation, is_primary)
VALUES (5, 4, 1, False);

INSERT INTO pokemon.pokemon_species (name, pokedex_index, is_baby, is_legendary, is_mythical, evolves_from)
VALUES ('pidgey', 16, False, False, False, None);
INSERT INTO pokemon.form (name, is_default, fk_pokemon_species, height, weight, legacy_cry, latest_cry, artwork, shiny_artwork)
VALUES ('pidgey', True, 6, 3, 18, https://raw.githubusercontent.com/PokeAPI/cries/main/cries/pokemon/legacy/16.ogg, https://raw.githubusercontent.com/PokeAPI/cries/main/cries/pokemon/latest/16.ogg, https://raw.githubusercontent.com/PokeAPI/sprites/master/sprites/pokemon/other/official-artwork/16.png, https://raw.githubusercontent.com/PokeAPI/sprites/master/sprites/pokemon/other/official-artwork/shiny/16.png);
INSERT INTO pokemon.base_stats (base_hp, base_attack, base_defense, base_special_attack, base_special_defense, base_speed, fk_generation, fk_form)
VALUES (40, 45, 40, 35, 35, 56, 1, 6);
INSERT INTO pokemon.form_has_type_per_generation (fk_form, fk_type, fk_generation, is_primary)
VALUES (6, 1, 1, True);
INSERT INTO pokemon.form_has_type_per_generation (fk_form, fk_type, fk_generation, is_primary)
VALUES (6, 3, 1, False);

INSERT INTO pokemon.pokemon_species (name, pokedex_index, is_baby, is_legendary, is_mythical, evolves_from)
VALUES ('rattata', 19, False, False, False, None);
INSERT INTO pokemon.form (name, is_default, fk_pokemon_species, height, weight, legacy_cry, latest_cry, artwork, shiny_artwork)
VALUES ('rattata', True, 7, 3, 35, https://raw.githubusercontent.com/PokeAPI/cries/main/cries/pokemon/legacy/19.ogg, https://raw.githubusercontent.com/PokeAPI/cries/main/cries/pokemon/latest/19.ogg, https://raw.githubusercontent.com/PokeAPI/sprites/master/sprites/pokemon/other/official-artwork/19.png, https://raw.githubusercontent.com/PokeAPI/sprites/master/sprites/pokemon/other/official-artwork/shiny/19.png);
INSERT INTO pokemon.base_stats (base_hp, base_attack, base_defense, base_special_attack, base_special_defense, base_speed, fk_generation, fk_form)
VALUES (30, 56, 35, 25, 35, 72, 1, 7);
INSERT INTO pokemon.form_has_type_per_generation (fk_form, fk_type, fk_generation, is_primary)
VALUES (7, 1, 1, True);

INSERT INTO pokemon.form (name, is_default, fk_pokemon_species, height, weight, legacy_cry, latest_cry, artwork, shiny_artwork)
VALUES ('rattata-alola', False, 7, 3, 38, None, https://raw.githubusercontent.com/PokeAPI/cries/main/cries/pokemon/latest/10091.ogg, https://raw.githubusercontent.com/PokeAPI/sprites/master/sprites/pokemon/other/official-artwork/10091.png, https://raw.githubusercontent.com/PokeAPI/sprites/master/sprites/pokemon/other/official-artwork/shiny/10091.png);
INSERT INTO pokemon.base_stats (base_hp, base_attack, base_defense, base_special_attack, base_special_defense, base_speed, fk_generation, fk_form)
VALUES (30, 56, 35, 25, 35, 72, 7, 8);
INSERT INTO pokemon.form_has_type_per_generation (fk_form, fk_type, fk_generation, is_primary)
VALUES (8, 17, 7, True);
INSERT INTO pokemon.form_has_type_per_generation (fk_form, fk_type, fk_generation, is_primary)
VALUES (8, 1, 7, False);

INSERT INTO pokemon.pokemon_species (name, pokedex_index, is_baby, is_legendary, is_mythical, evolves_from)
VALUES ('spearow', 21, False, False, False, None);
INSERT INTO pokemon.form (name, is_default, fk_pokemon_species, height, weight, legacy_cry, latest_cry, artwork, shiny_artwork)
VALUES ('spearow', True, 8, 3, 20, https://raw.githubusercontent.com/PokeAPI/cries/main/cries/pokemon/legacy/21.ogg, https://raw.githubusercontent.com/PokeAPI/cries/main/cries/pokemon/latest/21.ogg, https://raw.githubusercontent.com/PokeAPI/sprites/master/sprites/pokemon/other/official-artwork/21.png, https://raw.githubusercontent.com/PokeAPI/sprites/master/sprites/pokemon/other/official-artwork/shiny/21.png);
INSERT INTO pokemon.base_stats (base_hp, base_attack, base_defense, base_special_attack, base_special_defense, base_speed, fk_generation, fk_form)
VALUES (40, 60, 30, 31, 31, 70, 1, 9);
INSERT INTO pokemon.form_has_type_per_generation (fk_form, fk_type, fk_generation, is_primary)
VALUES (9, 1, 1, True);
INSERT INTO pokemon.form_has_type_per_generation (fk_form, fk_type, fk_generation, is_primary)
VALUES (9, 3, 1, False);

INSERT INTO pokemon.pokemon_species (name, pokedex_index, is_baby, is_legendary, is_mythical, evolves_from)
VALUES ('ekans', 23, False, False, False, None);
INSERT INTO pokemon.form (name, is_default, fk_pokemon_species, height, weight, legacy_cry, latest_cry, artwork, shiny_artwork)
VALUES ('ekans', True, 9, 20, 69, https://raw.githubusercontent.com/PokeAPI/cries/main/cries/pokemon/legacy/23.ogg, https://raw.githubusercontent.com/PokeAPI/cries/main/cries/pokemon/latest/23.ogg, https://raw.githubusercontent.com/PokeAPI/sprites/master/sprites/pokemon/other/official-artwork/23.png, https://raw.githubusercontent.com/PokeAPI/sprites/master/sprites/pokemon/other/official-artwork/shiny/23.png);
INSERT INTO pokemon.base_stats (base_hp, base_attack, base_defense, base_special_attack, base_special_defense, base_speed, fk_generation, fk_form)
VALUES (35, 60, 44, 40, 54, 55, 1, 10);
INSERT INTO pokemon.form_has_type_per_generation (fk_form, fk_type, fk_generation, is_primary)
VALUES (10, 4, 1, True);

INSERT INTO pokemon.pokemon_species (name, pokedex_index, is_baby, is_legendary, is_mythical, evolves_from)
VALUES ('sandshrew', 27, False, False, False, None);
INSERT INTO pokemon.form (name, is_default, fk_pokemon_species, height, weight, legacy_cry, latest_cry, artwork, shiny_artwork)
VALUES ('sandshrew', True, 10, 6, 120, https://raw.githubusercontent.com/PokeAPI/cries/main/cries/pokemon/legacy/27.ogg, https://raw.githubusercontent.com/PokeAPI/cries/main/cries/pokemon/latest/27.ogg, https://raw.githubusercontent.com/PokeAPI/sprites/master/sprites/pokemon/other/official-artwork/27.png, https://raw.githubusercontent.com/PokeAPI/sprites/master/sprites/pokemon/other/official-artwork/shiny/27.png);
INSERT INTO pokemon.base_stats (base_hp, base_attack, base_defense, base_special_attack, base_special_defense, base_speed, fk_generation, fk_form)
VALUES (50, 75, 85, 20, 30, 40, 1, 11);
INSERT INTO pokemon.form_has_type_per_generation (fk_form, fk_type, fk_generation, is_primary)
VALUES (11, 5, 1, True);

INSERT INTO pokemon.form (name, is_default, fk_pokemon_species, height, weight, legacy_cry, latest_cry, artwork, shiny_artwork)
VALUES ('sandshrew-alola', False, 10, 7, 400, None, https://raw.githubusercontent.com/PokeAPI/cries/main/cries/pokemon/latest/10101.ogg, https://raw.githubusercontent.com/PokeAPI/sprites/master/sprites/pokemon/other/official-artwork/10101.png, https://raw.githubusercontent.com/PokeAPI/sprites/master/sprites/pokemon/other/official-artwork/shiny/10101.png);
INSERT INTO pokemon.base_stats (base_hp, base_attack, base_defense, base_special_attack, base_special_defense, base_speed, fk_generation, fk_form)
VALUES (50, 75, 90, 10, 35, 40, 7, 12);
INSERT INTO pokemon.form_has_type_per_generation (fk_form, fk_type, fk_generation, is_primary)
VALUES (12, 15, 7, True);
INSERT INTO pokemon.form_has_type_per_generation (fk_form, fk_type, fk_generation, is_primary)
VALUES (12, 9, 7, False);

INSERT INTO pokemon.pokemon_species (name, pokedex_index, is_baby, is_legendary, is_mythical, evolves_from)
VALUES ('nidoran-f', 29, False, False, False, None);
INSERT INTO pokemon.form (name, is_default, fk_pokemon_species, height, weight, legacy_cry, latest_cry, artwork, shiny_artwork)
VALUES ('nidoran-f', True, 11, 4, 70, https://raw.githubusercontent.com/PokeAPI/cries/main/cries/pokemon/legacy/29.ogg, https://raw.githubusercontent.com/PokeAPI/cries/main/cries/pokemon/latest/29.ogg, https://raw.githubusercontent.com/PokeAPI/sprites/master/sprites/pokemon/other/official-artwork/29.png, https://raw.githubusercontent.com/PokeAPI/sprites/master/sprites/pokemon/other/official-artwork/shiny/29.png);
INSERT INTO pokemon.base_stats (base_hp, base_attack, base_defense, base_special_attack, base_special_defense, base_speed, fk_generation, fk_form)
VALUES (55, 47, 52, 40, 40, 41, 1, 13);
INSERT INTO pokemon.form_has_type_per_generation (fk_form, fk_type, fk_generation, is_primary)
VALUES (13, 4, 1, True);

INSERT INTO pokemon.pokemon_species (name, pokedex_index, is_baby, is_legendary, is_mythical, evolves_from)
VALUES ('nidoran-m', 32, False, False, False, None);
INSERT INTO pokemon.form (name, is_default, fk_pokemon_species, height, weight, legacy_cry, latest_cry, artwork, shiny_artwork)
VALUES ('nidoran-m', True, 12, 5, 90, https://raw.githubusercontent.com/PokeAPI/cries/main/cries/pokemon/legacy/32.ogg, https://raw.githubusercontent.com/PokeAPI/cries/main/cries/pokemon/latest/32.ogg, https://raw.githubusercontent.com/PokeAPI/sprites/master/sprites/pokemon/other/official-artwork/32.png, https://raw.githubusercontent.com/PokeAPI/sprites/master/sprites/pokemon/other/official-artwork/shiny/32.png);
INSERT INTO pokemon.base_stats (base_hp, base_attack, base_defense, base_special_attack, base_special_defense, base_speed, fk_generation, fk_form)
VALUES (46, 57, 40, 40, 40, 50, 1, 14);
INSERT INTO pokemon.form_has_type_per_generation (fk_form, fk_type, fk_generation, is_primary)
VALUES (14, 4, 1, True);

INSERT INTO pokemon.pokemon_species (name, pokedex_index, is_baby, is_legendary, is_mythical, evolves_from)
VALUES ('vulpix', 37, False, False, False, None);
INSERT INTO pokemon.form (name, is_default, fk_pokemon_species, height, weight, legacy_cry, latest_cry, artwork, shiny_artwork)
VALUES ('vulpix', True, 13, 6, 99, https://raw.githubusercontent.com/PokeAPI/cries/main/cries/pokemon/legacy/37.ogg, https://raw.githubusercontent.com/PokeAPI/cries/main/cries/pokemon/latest/37.ogg, https://raw.githubusercontent.com/PokeAPI/sprites/master/sprites/pokemon/other/official-artwork/37.png, https://raw.githubusercontent.com/PokeAPI/sprites/master/sprites/pokemon/other/official-artwork/shiny/37.png);
INSERT INTO pokemon.base_stats (base_hp, base_attack, base_defense, base_special_attack, base_special_defense, base_speed, fk_generation, fk_form)
VALUES (38, 41, 40, 50, 65, 65, 1, 15);
INSERT INTO pokemon.form_has_type_per_generation (fk_form, fk_type, fk_generation, is_primary)
VALUES (15, 10, 1, True);

INSERT INTO pokemon.form (name, is_default, fk_pokemon_species, height, weight, legacy_cry, latest_cry, artwork, shiny_artwork)
VALUES ('vulpix-alola', False, 13, 6, 99, None, https://raw.githubusercontent.com/PokeAPI/cries/main/cries/pokemon/latest/10103.ogg, https://raw.githubusercontent.com/PokeAPI/sprites/master/sprites/pokemon/other/official-artwork/10103.png, https://raw.githubusercontent.com/PokeAPI/sprites/master/sprites/pokemon/other/official-artwork/shiny/10103.png);
INSERT INTO pokemon.base_stats (base_hp, base_attack, base_defense, base_special_attack, base_special_defense, base_speed, fk_generation, fk_form)
VALUES (38, 41, 40, 50, 65, 65, 7, 16);
INSERT INTO pokemon.form_has_type_per_generation (fk_form, fk_type, fk_generation, is_primary)
VALUES (16, 15, 7, True);

INSERT INTO pokemon.pokemon_species (name, pokedex_index, is_baby, is_legendary, is_mythical, evolves_from)
VALUES ('zubat', 41, False, False, False, None);
INSERT INTO pokemon.form (name, is_default, fk_pokemon_species, height, weight, legacy_cry, latest_cry, artwork, shiny_artwork)
VALUES ('zubat', True, 14, 8, 75, https://raw.githubusercontent.com/PokeAPI/cries/main/cries/pokemon/legacy/41.ogg, https://raw.githubusercontent.com/PokeAPI/cries/main/cries/pokemon/latest/41.ogg, https://raw.githubusercontent.com/PokeAPI/sprites/master/sprites/pokemon/other/official-artwork/41.png, https://raw.githubusercontent.com/PokeAPI/sprites/master/sprites/pokemon/other/official-artwork/shiny/41.png);
INSERT INTO pokemon.base_stats (base_hp, base_attack, base_defense, base_special_attack, base_special_defense, base_speed, fk_generation, fk_form)
VALUES (40, 45, 35, 30, 40, 55, 1, 17);
INSERT INTO pokemon.form_has_type_per_generation (fk_form, fk_type, fk_generation, is_primary)
VALUES (17, 4, 1, True);
INSERT INTO pokemon.form_has_type_per_generation (fk_form, fk_type, fk_generation, is_primary)
VALUES (17, 3, 1, False);

INSERT INTO pokemon.pokemon_species (name, pokedex_index, is_baby, is_legendary, is_mythical, evolves_from)
VALUES ('oddish', 43, False, False, False, None);
INSERT INTO pokemon.form (name, is_default, fk_pokemon_species, height, weight, legacy_cry, latest_cry, artwork, shiny_artwork)
VALUES ('oddish', True, 15, 5, 54, https://raw.githubusercontent.com/PokeAPI/cries/main/cries/pokemon/legacy/43.ogg, https://raw.githubusercontent.com/PokeAPI/cries/main/cries/pokemon/latest/43.ogg, https://raw.githubusercontent.com/PokeAPI/sprites/master/sprites/pokemon/other/official-artwork/43.png, https://raw.githubusercontent.com/PokeAPI/sprites/master/sprites/pokemon/other/official-artwork/shiny/43.png);
INSERT INTO pokemon.base_stats (base_hp, base_attack, base_defense, base_special_attack, base_special_defense, base_speed, fk_generation, fk_form)
VALUES (45, 50, 55, 75, 65, 30, 1, 18);
INSERT INTO pokemon.form_has_type_per_generation (fk_form, fk_type, fk_generation, is_primary)
VALUES (18, 12, 1, True);
INSERT INTO pokemon.form_has_type_per_generation (fk_form, fk_type, fk_generation, is_primary)
VALUES (18, 4, 1, False);

INSERT INTO pokemon.pokemon_species (name, pokedex_index, is_baby, is_legendary, is_mythical, evolves_from)
VALUES ('paras', 46, False, False, False, None);
INSERT INTO pokemon.form (name, is_default, fk_pokemon_species, height, weight, legacy_cry, latest_cry, artwork, shiny_artwork)
VALUES ('paras', True, 16, 3, 54, https://raw.githubusercontent.com/PokeAPI/cries/main/cries/pokemon/legacy/46.ogg, https://raw.githubusercontent.com/PokeAPI/cries/main/cries/pokemon/latest/46.ogg, https://raw.githubusercontent.com/PokeAPI/sprites/master/sprites/pokemon/other/official-artwork/46.png, https://raw.githubusercontent.com/PokeAPI/sprites/master/sprites/pokemon/other/official-artwork/shiny/46.png);
INSERT INTO pokemon.base_stats (base_hp, base_attack, base_defense, base_special_attack, base_special_defense, base_speed, fk_generation, fk_form)
VALUES (35, 70, 55, 45, 55, 25, 1, 19);
INSERT INTO pokemon.form_has_type_per_generation (fk_form, fk_type, fk_generation, is_primary)
VALUES (19, 7, 1, True);
INSERT INTO pokemon.form_has_type_per_generation (fk_form, fk_type, fk_generation, is_primary)
VALUES (19, 12, 1, False);

INSERT INTO pokemon.pokemon_species (name, pokedex_index, is_baby, is_legendary, is_mythical, evolves_from)
VALUES ('venonat', 48, False, False, False, None);
INSERT INTO pokemon.form (name, is_default, fk_pokemon_species, height, weight, legacy_cry, latest_cry, artwork, shiny_artwork)
VALUES ('venonat', True, 17, 10, 300, https://raw.githubusercontent.com/PokeAPI/cries/main/cries/pokemon/legacy/48.ogg, https://raw.githubusercontent.com/PokeAPI/cries/main/cries/pokemon/latest/48.ogg, https://raw.githubusercontent.com/PokeAPI/sprites/master/sprites/pokemon/other/official-artwork/48.png, https://raw.githubusercontent.com/PokeAPI/sprites/master/sprites/pokemon/other/official-artwork/shiny/48.png);
INSERT INTO pokemon.base_stats (base_hp, base_attack, base_defense, base_special_attack, base_special_defense, base_speed, fk_generation, fk_form)
VALUES (60, 55, 50, 40, 55, 45, 1, 20);
INSERT INTO pokemon.form_has_type_per_generation (fk_form, fk_type, fk_generation, is_primary)
VALUES (20, 7, 1, True);
INSERT INTO pokemon.form_has_type_per_generation (fk_form, fk_type, fk_generation, is_primary)
VALUES (20, 4, 1, False);

INSERT INTO pokemon.pokemon_species (name, pokedex_index, is_baby, is_legendary, is_mythical, evolves_from)
VALUES ('diglett', 50, False, False, False, None);
INSERT INTO pokemon.form (name, is_default, fk_pokemon_species, height, weight, legacy_cry, latest_cry, artwork, shiny_artwork)
VALUES ('diglett', True, 18, 2, 8, https://raw.githubusercontent.com/PokeAPI/cries/main/cries/pokemon/legacy/50.ogg, https://raw.githubusercontent.com/PokeAPI/cries/main/cries/pokemon/latest/50.ogg, https://raw.githubusercontent.com/PokeAPI/sprites/master/sprites/pokemon/other/official-artwork/50.png, https://raw.githubusercontent.com/PokeAPI/sprites/master/sprites/pokemon/other/official-artwork/shiny/50.png);
INSERT INTO pokemon.base_stats (base_hp, base_attack, base_defense, base_special_attack, base_special_defense, base_speed, fk_generation, fk_form)
VALUES (10, 55, 25, 35, 45, 95, 1, 21);
INSERT INTO pokemon.form_has_type_per_generation (fk_form, fk_type, fk_generation, is_primary)
VALUES (21, 5, 1, True);

INSERT INTO pokemon.form (name, is_default, fk_pokemon_species, height, weight, legacy_cry, latest_cry, artwork, shiny_artwork)
VALUES ('diglett-alola', False, 18, 2, 10, None, https://raw.githubusercontent.com/PokeAPI/cries/main/cries/pokemon/latest/10105.ogg, https://raw.githubusercontent.com/PokeAPI/sprites/master/sprites/pokemon/other/official-artwork/10105.png, https://raw.githubusercontent.com/PokeAPI/sprites/master/sprites/pokemon/other/official-artwork/shiny/10105.png);
INSERT INTO pokemon.base_stats (base_hp, base_attack, base_defense, base_special_attack, base_special_defense, base_speed, fk_generation, fk_form)
VALUES (10, 55, 30, 35, 45, 90, 7, 22);
INSERT INTO pokemon.form_has_type_per_generation (fk_form, fk_type, fk_generation, is_primary)
VALUES (22, 5, 7, True);
INSERT INTO pokemon.form_has_type_per_generation (fk_form, fk_type, fk_generation, is_primary)
VALUES (22, 9, 7, False);

INSERT INTO pokemon.pokemon_species (name, pokedex_index, is_baby, is_legendary, is_mythical, evolves_from)
VALUES ('meowth', 52, False, False, False, None);
INSERT INTO pokemon.form (name, is_default, fk_pokemon_species, height, weight, legacy_cry, latest_cry, artwork, shiny_artwork)
VALUES ('meowth', True, 19, 4, 42, https://raw.githubusercontent.com/PokeAPI/cries/main/cries/pokemon/legacy/52.ogg, https://raw.githubusercontent.com/PokeAPI/cries/main/cries/pokemon/latest/52.ogg, https://raw.githubusercontent.com/PokeAPI/sprites/master/sprites/pokemon/other/official-artwork/52.png, https://raw.githubusercontent.com/PokeAPI/sprites/master/sprites/pokemon/other/official-artwork/shiny/52.png);
INSERT INTO pokemon.base_stats (base_hp, base_attack, base_defense, base_special_attack, base_special_defense, base_speed, fk_generation, fk_form)
VALUES (40, 45, 35, 40, 40, 90, 1, 23);
INSERT INTO pokemon.form_has_type_per_generation (fk_form, fk_type, fk_generation, is_primary)
VALUES (23, 1, 1, True);

INSERT INTO pokemon.form (name, is_default, fk_pokemon_species, height, weight, legacy_cry, latest_cry, artwork, shiny_artwork)
VALUES ('meowth-alola', False, 19, 4, 42, None, https://raw.githubusercontent.com/PokeAPI/cries/main/cries/pokemon/latest/10107.ogg, https://raw.githubusercontent.com/PokeAPI/sprites/master/sprites/pokemon/other/official-artwork/10107.png, https://raw.githubusercontent.com/PokeAPI/sprites/master/sprites/pokemon/other/official-artwork/shiny/10107.png);
INSERT INTO pokemon.base_stats (base_hp, base_attack, base_defense, base_special_attack, base_special_defense, base_speed, fk_generation, fk_form)
VALUES (40, 35, 35, 50, 40, 90, 7, 24);
INSERT INTO pokemon.form_has_type_per_generation (fk_form, fk_type, fk_generation, is_primary)
VALUES (24, 17, 7, True);

INSERT INTO pokemon.form (name, is_default, fk_pokemon_species, height, weight, legacy_cry, latest_cry, artwork, shiny_artwork)
VALUES ('meowth-galar', False, 19, 4, 75, None, https://raw.githubusercontent.com/PokeAPI/cries/main/cries/pokemon/latest/10161.ogg, https://raw.githubusercontent.com/PokeAPI/sprites/master/sprites/pokemon/other/official-artwork/10161.png, https://raw.githubusercontent.com/PokeAPI/sprites/master/sprites/pokemon/other/official-artwork/shiny/10161.png);
INSERT INTO pokemon.base_stats (base_hp, base_attack, base_defense, base_special_attack, base_special_defense, base_speed, fk_generation, fk_form)
VALUES (50, 65, 55, 40, 40, 40, 8, 25);
INSERT INTO pokemon.form_has_type_per_generation (fk_form, fk_type, fk_generation, is_primary)
VALUES (25, 9, 8, True);

INSERT INTO pokemon.form (name, is_default, fk_pokemon_species, height, weight, legacy_cry, latest_cry, artwork, shiny_artwork)
VALUES ('meowth-gmax', False, 19, 330, 10000, None, https://raw.githubusercontent.com/PokeAPI/cries/main/cries/pokemon/latest/10200.ogg, https://raw.githubusercontent.com/PokeAPI/sprites/master/sprites/pokemon/other/official-artwork/10200.png, https://raw.githubusercontent.com/PokeAPI/sprites/master/sprites/pokemon/other/official-artwork/shiny/10200.png);
INSERT INTO pokemon.base_stats (base_hp, base_attack, base_defense, base_special_attack, base_special_defense, base_speed, fk_generation, fk_form)
VALUES (40, 45, 35, 40, 40, 90, 8, 26);
INSERT INTO pokemon.form_has_type_per_generation (fk_form, fk_type, fk_generation, is_primary)
VALUES (26, 1, 8, True);

INSERT INTO pokemon.pokemon_species (name, pokedex_index, is_baby, is_legendary, is_mythical, evolves_from)
VALUES ('psyduck', 54, False, False, False, None);
INSERT INTO pokemon.form (name, is_default, fk_pokemon_species, height, weight, legacy_cry, latest_cry, artwork, shiny_artwork)
VALUES ('psyduck', True, 20, 8, 196, https://raw.githubusercontent.com/PokeAPI/cries/main/cries/pokemon/legacy/54.ogg, https://raw.githubusercontent.com/PokeAPI/cries/main/cries/pokemon/latest/54.ogg, https://raw.githubusercontent.com/PokeAPI/sprites/master/sprites/pokemon/other/official-artwork/54.png, https://raw.githubusercontent.com/PokeAPI/sprites/master/sprites/pokemon/other/official-artwork/shiny/54.png);
INSERT INTO pokemon.base_stats (base_hp, base_attack, base_defense, base_special_attack, base_special_defense, base_speed, fk_generation, fk_form)
VALUES (50, 52, 48, 65, 50, 55, 1, 27);
INSERT INTO pokemon.form_has_type_per_generation (fk_form, fk_type, fk_generation, is_primary)
VALUES (27, 11, 1, True);

INSERT INTO pokemon.pokemon_species (name, pokedex_index, is_baby, is_legendary, is_mythical, evolves_from)
VALUES ('mankey', 56, False, False, False, None);
INSERT INTO pokemon.form (name, is_default, fk_pokemon_species, height, weight, legacy_cry, latest_cry, artwork, shiny_artwork)
VALUES ('mankey', True, 21, 5, 280, https://raw.githubusercontent.com/PokeAPI/cries/main/cries/pokemon/legacy/56.ogg, https://raw.githubusercontent.com/PokeAPI/cries/main/cries/pokemon/latest/56.ogg, https://raw.githubusercontent.com/PokeAPI/sprites/master/sprites/pokemon/other/official-artwork/56.png, https://raw.githubusercontent.com/PokeAPI/sprites/master/sprites/pokemon/other/official-artwork/shiny/56.png);
INSERT INTO pokemon.base_stats (base_hp, base_attack, base_defense, base_special_attack, base_special_defense, base_speed, fk_generation, fk_form)
VALUES (40, 80, 35, 35, 45, 70, 1, 28);
INSERT INTO pokemon.form_has_type_per_generation (fk_form, fk_type, fk_generation, is_primary)
VALUES (28, 2, 1, True);

INSERT INTO pokemon.pokemon_species (name, pokedex_index, is_baby, is_legendary, is_mythical, evolves_from)
VALUES ('growlithe', 58, False, False, False, None);
INSERT INTO pokemon.form (name, is_default, fk_pokemon_species, height, weight, legacy_cry, latest_cry, artwork, shiny_artwork)
VALUES ('growlithe', True, 22, 7, 190, https://raw.githubusercontent.com/PokeAPI/cries/main/cries/pokemon/legacy/58.ogg, https://raw.githubusercontent.com/PokeAPI/cries/main/cries/pokemon/latest/58.ogg, https://raw.githubusercontent.com/PokeAPI/sprites/master/sprites/pokemon/other/official-artwork/58.png, https://raw.githubusercontent.com/PokeAPI/sprites/master/sprites/pokemon/other/official-artwork/shiny/58.png);
INSERT INTO pokemon.base_stats (base_hp, base_attack, base_defense, base_special_attack, base_special_defense, base_speed, fk_generation, fk_form)
VALUES (55, 70, 45, 70, 50, 60, 1, 29);
INSERT INTO pokemon.form_has_type_per_generation (fk_form, fk_type, fk_generation, is_primary)
VALUES (29, 10, 1, True);

INSERT INTO pokemon.form (name, is_default, fk_pokemon_species, height, weight, legacy_cry, latest_cry, artwork, shiny_artwork)
VALUES ('growlithe-hisui', False, 22, 8, 227, None, https://raw.githubusercontent.com/PokeAPI/cries/main/cries/pokemon/latest/10229.ogg, https://raw.githubusercontent.com/PokeAPI/sprites/master/sprites/pokemon/other/official-artwork/10229.png, https://raw.githubusercontent.com/PokeAPI/sprites/master/sprites/pokemon/other/official-artwork/shiny/10229.png);
INSERT INTO pokemon.base_stats (base_hp, base_attack, base_defense, base_special_attack, base_special_defense, base_speed, fk_generation, fk_form)
VALUES (60, 75, 45, 65, 50, 55, 8, 30);
INSERT INTO pokemon.form_has_type_per_generation (fk_form, fk_type, fk_generation, is_primary)
VALUES (30, 10, 8, True);
INSERT INTO pokemon.form_has_type_per_generation (fk_form, fk_type, fk_generation, is_primary)
VALUES (30, 6, 8, False);

INSERT INTO pokemon.pokemon_species (name, pokedex_index, is_baby, is_legendary, is_mythical, evolves_from)
VALUES ('poliwag', 60, False, False, False, None);
INSERT INTO pokemon.form (name, is_default, fk_pokemon_species, height, weight, legacy_cry, latest_cry, artwork, shiny_artwork)
VALUES ('poliwag', True, 23, 6, 124, https://raw.githubusercontent.com/PokeAPI/cries/main/cries/pokemon/legacy/60.ogg, https://raw.githubusercontent.com/PokeAPI/cries/main/cries/pokemon/latest/60.ogg, https://raw.githubusercontent.com/PokeAPI/sprites/master/sprites/pokemon/other/official-artwork/60.png, https://raw.githubusercontent.com/PokeAPI/sprites/master/sprites/pokemon/other/official-artwork/shiny/60.png);
INSERT INTO pokemon.base_stats (base_hp, base_attack, base_defense, base_special_attack, base_special_defense, base_speed, fk_generation, fk_form)
VALUES (40, 50, 40, 40, 40, 90, 1, 31);
INSERT INTO pokemon.form_has_type_per_generation (fk_form, fk_type, fk_generation, is_primary)
VALUES (31, 11, 1, True);

INSERT INTO pokemon.pokemon_species (name, pokedex_index, is_baby, is_legendary, is_mythical, evolves_from)
VALUES ('abra', 63, False, False, False, None);
INSERT INTO pokemon.form (name, is_default, fk_pokemon_species, height, weight, legacy_cry, latest_cry, artwork, shiny_artwork)
VALUES ('abra', True, 24, 9, 195, https://raw.githubusercontent.com/PokeAPI/cries/main/cries/pokemon/legacy/63.ogg, https://raw.githubusercontent.com/PokeAPI/cries/main/cries/pokemon/latest/63.ogg, https://raw.githubusercontent.com/PokeAPI/sprites/master/sprites/pokemon/other/official-artwork/63.png, https://raw.githubusercontent.com/PokeAPI/sprites/master/sprites/pokemon/other/official-artwork/shiny/63.png);
INSERT INTO pokemon.base_stats (base_hp, base_attack, base_defense, base_special_attack, base_special_defense, base_speed, fk_generation, fk_form)
VALUES (25, 20, 15, 105, 55, 90, 1, 32);
INSERT INTO pokemon.form_has_type_per_generation (fk_form, fk_type, fk_generation, is_primary)
VALUES (32, 14, 1, True);

INSERT INTO pokemon.pokemon_species (name, pokedex_index, is_baby, is_legendary, is_mythical, evolves_from)
VALUES ('machop', 66, False, False, False, None);
INSERT INTO pokemon.form (name, is_default, fk_pokemon_species, height, weight, legacy_cry, latest_cry, artwork, shiny_artwork)
VALUES ('machop', True, 25, 8, 195, https://raw.githubusercontent.com/PokeAPI/cries/main/cries/pokemon/legacy/66.ogg, https://raw.githubusercontent.com/PokeAPI/cries/main/cries/pokemon/latest/66.ogg, https://raw.githubusercontent.com/PokeAPI/sprites/master/sprites/pokemon/other/official-artwork/66.png, https://raw.githubusercontent.com/PokeAPI/sprites/master/sprites/pokemon/other/official-artwork/shiny/66.png);
INSERT INTO pokemon.base_stats (base_hp, base_attack, base_defense, base_special_attack, base_special_defense, base_speed, fk_generation, fk_form)
VALUES (70, 80, 50, 35, 35, 35, 1, 33);
INSERT INTO pokemon.form_has_type_per_generation (fk_form, fk_type, fk_generation, is_primary)
VALUES (33, 2, 1, True);

INSERT INTO pokemon.pokemon_species (name, pokedex_index, is_baby, is_legendary, is_mythical, evolves_from)
VALUES ('bellsprout', 69, False, False, False, None);
INSERT INTO pokemon.form (name, is_default, fk_pokemon_species, height, weight, legacy_cry, latest_cry, artwork, shiny_artwork)
VALUES ('bellsprout', True, 26, 7, 40, https://raw.githubusercontent.com/PokeAPI/cries/main/cries/pokemon/legacy/69.ogg, https://raw.githubusercontent.com/PokeAPI/cries/main/cries/pokemon/latest/69.ogg, https://raw.githubusercontent.com/PokeAPI/sprites/master/sprites/pokemon/other/official-artwork/69.png, https://raw.githubusercontent.com/PokeAPI/sprites/master/sprites/pokemon/other/official-artwork/shiny/69.png);
INSERT INTO pokemon.base_stats (base_hp, base_attack, base_defense, base_special_attack, base_special_defense, base_speed, fk_generation, fk_form)
VALUES (50, 75, 35, 70, 30, 40, 1, 34);
INSERT INTO pokemon.form_has_type_per_generation (fk_form, fk_type, fk_generation, is_primary)
VALUES (34, 12, 1, True);
INSERT INTO pokemon.form_has_type_per_generation (fk_form, fk_type, fk_generation, is_primary)
VALUES (34, 4, 1, False);

INSERT INTO pokemon.pokemon_species (name, pokedex_index, is_baby, is_legendary, is_mythical, evolves_from)
VALUES ('tentacool', 72, False, False, False, None);
INSERT INTO pokemon.form (name, is_default, fk_pokemon_species, height, weight, legacy_cry, latest_cry, artwork, shiny_artwork)
VALUES ('tentacool', True, 27, 9, 455, https://raw.githubusercontent.com/PokeAPI/cries/main/cries/pokemon/legacy/72.ogg, https://raw.githubusercontent.com/PokeAPI/cries/main/cries/pokemon/latest/72.ogg, https://raw.githubusercontent.com/PokeAPI/sprites/master/sprites/pokemon/other/official-artwork/72.png, https://raw.githubusercontent.com/PokeAPI/sprites/master/sprites/pokemon/other/official-artwork/shiny/72.png);
INSERT INTO pokemon.base_stats (base_hp, base_attack, base_defense, base_special_attack, base_special_defense, base_speed, fk_generation, fk_form)
VALUES (40, 40, 35, 50, 100, 70, 1, 35);
INSERT INTO pokemon.form_has_type_per_generation (fk_form, fk_type, fk_generation, is_primary)
VALUES (35, 11, 1, True);
INSERT INTO pokemon.form_has_type_per_generation (fk_form, fk_type, fk_generation, is_primary)
VALUES (35, 4, 1, False);

INSERT INTO pokemon.pokemon_species (name, pokedex_index, is_baby, is_legendary, is_mythical, evolves_from)
VALUES ('geodude', 74, False, False, False, None);
INSERT INTO pokemon.form (name, is_default, fk_pokemon_species, height, weight, legacy_cry, latest_cry, artwork, shiny_artwork)
VALUES ('geodude', True, 28, 4, 200, https://raw.githubusercontent.com/PokeAPI/cries/main/cries/pokemon/legacy/74.ogg, https://raw.githubusercontent.com/PokeAPI/cries/main/cries/pokemon/latest/74.ogg, https://raw.githubusercontent.com/PokeAPI/sprites/master/sprites/pokemon/other/official-artwork/74.png, https://raw.githubusercontent.com/PokeAPI/sprites/master/sprites/pokemon/other/official-artwork/shiny/74.png);
INSERT INTO pokemon.base_stats (base_hp, base_attack, base_defense, base_special_attack, base_special_defense, base_speed, fk_generation, fk_form)
VALUES (40, 80, 100, 30, 30, 20, 1, 36);
INSERT INTO pokemon.form_has_type_per_generation (fk_form, fk_type, fk_generation, is_primary)
VALUES (36, 6, 1, True);
INSERT INTO pokemon.form_has_type_per_generation (fk_form, fk_type, fk_generation, is_primary)
VALUES (36, 5, 1, False);

INSERT INTO pokemon.form (name, is_default, fk_pokemon_species, height, weight, legacy_cry, latest_cry, artwork, shiny_artwork)
VALUES ('geodude-alola', False, 28, 4, 203, None, https://raw.githubusercontent.com/PokeAPI/cries/main/cries/pokemon/latest/10109.ogg, https://raw.githubusercontent.com/PokeAPI/sprites/master/sprites/pokemon/other/official-artwork/10109.png, https://raw.githubusercontent.com/PokeAPI/sprites/master/sprites/pokemon/other/official-artwork/shiny/10109.png);
INSERT INTO pokemon.base_stats (base_hp, base_attack, base_defense, base_special_attack, base_special_defense, base_speed, fk_generation, fk_form)
VALUES (40, 80, 100, 30, 30, 20, 7, 37);
INSERT INTO pokemon.form_has_type_per_generation (fk_form, fk_type, fk_generation, is_primary)
VALUES (37, 6, 7, True);
INSERT INTO pokemon.form_has_type_per_generation (fk_form, fk_type, fk_generation, is_primary)
VALUES (37, 13, 7, False);

INSERT INTO pokemon.pokemon_species (name, pokedex_index, is_baby, is_legendary, is_mythical, evolves_from)
VALUES ('venusaur', 3, False, False, False, ivysaur);
INSERT INTO pokemon.form (name, is_default, fk_pokemon_species, height, weight, legacy_cry, latest_cry, artwork, shiny_artwork)
VALUES ('venusaur', True, 29, 20, 1000, https://raw.githubusercontent.com/PokeAPI/cries/main/cries/pokemon/legacy/3.ogg, https://raw.githubusercontent.com/PokeAPI/cries/main/cries/pokemon/latest/3.ogg, https://raw.githubusercontent.com/PokeAPI/sprites/master/sprites/pokemon/other/official-artwork/3.png, https://raw.githubusercontent.com/PokeAPI/sprites/master/sprites/pokemon/other/official-artwork/shiny/3.png);
INSERT INTO pokemon.base_stats (base_hp, base_attack, base_defense, base_special_attack, base_special_defense, base_speed, fk_generation, fk_form)
VALUES (80, 82, 83, 100, 100, 80, 1, 38);
INSERT INTO pokemon.form_has_type_per_generation (fk_form, fk_type, fk_generation, is_primary)
VALUES (38, 12, 1, True);
INSERT INTO pokemon.form_has_type_per_generation (fk_form, fk_type, fk_generation, is_primary)
VALUES (38, 4, 1, False);

INSERT INTO pokemon.form (name, is_default, fk_pokemon_species, height, weight, legacy_cry, latest_cry, artwork, shiny_artwork)
VALUES ('venusaur-mega', False, 29, 24, 1555, None, https://raw.githubusercontent.com/PokeAPI/cries/main/cries/pokemon/latest/10033.ogg, https://raw.githubusercontent.com/PokeAPI/sprites/master/sprites/pokemon/other/official-artwork/10033.png, https://raw.githubusercontent.com/PokeAPI/sprites/master/sprites/pokemon/other/official-artwork/shiny/10033.png);
INSERT INTO pokemon.base_stats (base_hp, base_attack, base_defense, base_special_attack, base_special_defense, base_speed, fk_generation, fk_form)
VALUES (80, 100, 123, 122, 120, 80, 6, 39);
INSERT INTO pokemon.form_has_type_per_generation (fk_form, fk_type, fk_generation, is_primary)
VALUES (39, 12, 6, True);
INSERT INTO pokemon.form_has_type_per_generation (fk_form, fk_type, fk_generation, is_primary)
VALUES (39, 4, 6, False);

INSERT INTO pokemon.form (name, is_default, fk_pokemon_species, height, weight, legacy_cry, latest_cry, artwork, shiny_artwork)
VALUES ('venusaur-gmax', False, 29, 240, 10000, None, https://raw.githubusercontent.com/PokeAPI/cries/main/cries/pokemon/latest/10195.ogg, https://raw.githubusercontent.com/PokeAPI/sprites/master/sprites/pokemon/other/official-artwork/10195.png, https://raw.githubusercontent.com/PokeAPI/sprites/master/sprites/pokemon/other/official-artwork/shiny/10195.png);
INSERT INTO pokemon.base_stats (base_hp, base_attack, base_defense, base_special_attack, base_special_defense, base_speed, fk_generation, fk_form)
VALUES (80, 82, 83, 100, 100, 80, 8, 40);
INSERT INTO pokemon.form_has_type_per_generation (fk_form, fk_type, fk_generation, is_primary)
VALUES (40, 12, 8, True);
INSERT INTO pokemon.form_has_type_per_generation (fk_form, fk_type, fk_generation, is_primary)
VALUES (40, 4, 8, False);

INSERT INTO pokemon.pokemon_species (name, pokedex_index, is_baby, is_legendary, is_mythical, evolves_from)
VALUES ('charmeleon', 5, False, False, False, charmander);
INSERT INTO pokemon.form (name, is_default, fk_pokemon_species, height, weight, legacy_cry, latest_cry, artwork, shiny_artwork)
VALUES ('charmeleon', True, 30, 11, 190, https://raw.githubusercontent.com/PokeAPI/cries/main/cries/pokemon/legacy/5.ogg, https://raw.githubusercontent.com/PokeAPI/cries/main/cries/pokemon/latest/5.ogg, https://raw.githubusercontent.com/PokeAPI/sprites/master/sprites/pokemon/other/official-artwork/5.png, https://raw.githubusercontent.com/PokeAPI/sprites/master/sprites/pokemon/other/official-artwork/shiny/5.png);
INSERT INTO pokemon.base_stats (base_hp, base_attack, base_defense, base_special_attack, base_special_defense, base_speed, fk_generation, fk_form)
VALUES (58, 64, 58, 80, 65, 80, 1, 41);
INSERT INTO pokemon.form_has_type_per_generation (fk_form, fk_type, fk_generation, is_primary)
VALUES (41, 10, 1, True);

INSERT INTO pokemon.pokemon_species (name, pokedex_index, is_baby, is_legendary, is_mythical, evolves_from)
VALUES ('charizard', 6, False, False, False, charmeleon);
INSERT INTO pokemon.form (name, is_default, fk_pokemon_species, height, weight, legacy_cry, latest_cry, artwork, shiny_artwork)
VALUES ('charizard', True, 31, 17, 905, https://raw.githubusercontent.com/PokeAPI/cries/main/cries/pokemon/legacy/6.ogg, https://raw.githubusercontent.com/PokeAPI/cries/main/cries/pokemon/latest/6.ogg, https://raw.githubusercontent.com/PokeAPI/sprites/master/sprites/pokemon/other/official-artwork/6.png, https://raw.githubusercontent.com/PokeAPI/sprites/master/sprites/pokemon/other/official-artwork/shiny/6.png);
INSERT INTO pokemon.base_stats (base_hp, base_attack, base_defense, base_special_attack, base_special_defense, base_speed, fk_generation, fk_form)
VALUES (78, 84, 78, 109, 85, 100, 1, 42);
INSERT INTO pokemon.form_has_type_per_generation (fk_form, fk_type, fk_generation, is_primary)
VALUES (42, 10, 1, True);
INSERT INTO pokemon.form_has_type_per_generation (fk_form, fk_type, fk_generation, is_primary)
VALUES (42, 3, 1, False);

INSERT INTO pokemon.form (name, is_default, fk_pokemon_species, height, weight, legacy_cry, latest_cry, artwork, shiny_artwork)
VALUES ('charizard-mega-x', False, 31, 17, 1105, None, https://raw.githubusercontent.com/PokeAPI/cries/main/cries/pokemon/latest/10034.ogg, https://raw.githubusercontent.com/PokeAPI/sprites/master/sprites/pokemon/other/official-artwork/10034.png, https://raw.githubusercontent.com/PokeAPI/sprites/master/sprites/pokemon/other/official-artwork/shiny/10034.png);
INSERT INTO pokemon.base_stats (base_hp, base_attack, base_defense, base_special_attack, base_special_defense, base_speed, fk_generation, fk_form)
VALUES (78, 130, 111, 130, 85, 100, 6, 43);
INSERT INTO pokemon.form_has_type_per_generation (fk_form, fk_type, fk_generation, is_primary)
VALUES (43, 10, 6, True);
INSERT INTO pokemon.form_has_type_per_generation (fk_form, fk_type, fk_generation, is_primary)
VALUES (43, 16, 6, False);

INSERT INTO pokemon.form (name, is_default, fk_pokemon_species, height, weight, legacy_cry, latest_cry, artwork, shiny_artwork)
VALUES ('charizard-mega-y', False, 31, 17, 1005, None, https://raw.githubusercontent.com/PokeAPI/cries/main/cries/pokemon/latest/10035.ogg, https://raw.githubusercontent.com/PokeAPI/sprites/master/sprites/pokemon/other/official-artwork/10035.png, https://raw.githubusercontent.com/PokeAPI/sprites/master/sprites/pokemon/other/official-artwork/shiny/10035.png);
INSERT INTO pokemon.base_stats (base_hp, base_attack, base_defense, base_special_attack, base_special_defense, base_speed, fk_generation, fk_form)
VALUES (78, 104, 78, 159, 115, 100, 6, 44);
INSERT INTO pokemon.form_has_type_per_generation (fk_form, fk_type, fk_generation, is_primary)
VALUES (44, 10, 6, True);
INSERT INTO pokemon.form_has_type_per_generation (fk_form, fk_type, fk_generation, is_primary)
VALUES (44, 3, 6, False);

INSERT INTO pokemon.form (name, is_default, fk_pokemon_species, height, weight, legacy_cry, latest_cry, artwork, shiny_artwork)
VALUES ('charizard-gmax', False, 31, 280, 10000, None, https://raw.githubusercontent.com/PokeAPI/cries/main/cries/pokemon/latest/10196.ogg, https://raw.githubusercontent.com/PokeAPI/sprites/master/sprites/pokemon/other/official-artwork/10196.png, https://raw.githubusercontent.com/PokeAPI/sprites/master/sprites/pokemon/other/official-artwork/shiny/10196.png);
INSERT INTO pokemon.base_stats (base_hp, base_attack, base_defense, base_special_attack, base_special_defense, base_speed, fk_generation, fk_form)
VALUES (78, 84, 78, 109, 85, 100, 8, 45);
INSERT INTO pokemon.form_has_type_per_generation (fk_form, fk_type, fk_generation, is_primary)
VALUES (45, 10, 8, True);
INSERT INTO pokemon.form_has_type_per_generation (fk_form, fk_type, fk_generation, is_primary)
VALUES (45, 3, 8, False);

INSERT INTO pokemon.pokemon_species (name, pokedex_index, is_baby, is_legendary, is_mythical, evolves_from)
VALUES ('wartortle', 8, False, False, False, squirtle);
INSERT INTO pokemon.form (name, is_default, fk_pokemon_species, height, weight, legacy_cry, latest_cry, artwork, shiny_artwork)
VALUES ('wartortle', True, 32, 10, 225, https://raw.githubusercontent.com/PokeAPI/cries/main/cries/pokemon/legacy/8.ogg, https://raw.githubusercontent.com/PokeAPI/cries/main/cries/pokemon/latest/8.ogg, https://raw.githubusercontent.com/PokeAPI/sprites/master/sprites/pokemon/other/official-artwork/8.png, https://raw.githubusercontent.com/PokeAPI/sprites/master/sprites/pokemon/other/official-artwork/shiny/8.png);
INSERT INTO pokemon.base_stats (base_hp, base_attack, base_defense, base_special_attack, base_special_defense, base_speed, fk_generation, fk_form)
VALUES (59, 63, 80, 65, 80, 58, 1, 46);
INSERT INTO pokemon.form_has_type_per_generation (fk_form, fk_type, fk_generation, is_primary)
VALUES (46, 11, 1, True);

INSERT INTO pokemon.pokemon_species (name, pokedex_index, is_baby, is_legendary, is_mythical, evolves_from)
VALUES ('blastoise', 9, False, False, False, wartortle);
INSERT INTO pokemon.form (name, is_default, fk_pokemon_species, height, weight, legacy_cry, latest_cry, artwork, shiny_artwork)
VALUES ('blastoise', True, 33, 16, 855, https://raw.githubusercontent.com/PokeAPI/cries/main/cries/pokemon/legacy/9.ogg, https://raw.githubusercontent.com/PokeAPI/cries/main/cries/pokemon/latest/9.ogg, https://raw.githubusercontent.com/PokeAPI/sprites/master/sprites/pokemon/other/official-artwork/9.png, https://raw.githubusercontent.com/PokeAPI/sprites/master/sprites/pokemon/other/official-artwork/shiny/9.png);
INSERT INTO pokemon.base_stats (base_hp, base_attack, base_defense, base_special_attack, base_special_defense, base_speed, fk_generation, fk_form)
VALUES (79, 83, 100, 85, 105, 78, 1, 47);
INSERT INTO pokemon.form_has_type_per_generation (fk_form, fk_type, fk_generation, is_primary)
VALUES (47, 11, 1, True);

INSERT INTO pokemon.form (name, is_default, fk_pokemon_species, height, weight, legacy_cry, latest_cry, artwork, shiny_artwork)
VALUES ('blastoise-mega', False, 33, 16, 1011, None, https://raw.githubusercontent.com/PokeAPI/cries/main/cries/pokemon/latest/10036.ogg, https://raw.githubusercontent.com/PokeAPI/sprites/master/sprites/pokemon/other/official-artwork/10036.png, https://raw.githubusercontent.com/PokeAPI/sprites/master/sprites/pokemon/other/official-artwork/shiny/10036.png);
INSERT INTO pokemon.base_stats (base_hp, base_attack, base_defense, base_special_attack, base_special_defense, base_speed, fk_generation, fk_form)
VALUES (79, 103, 120, 135, 115, 78, 6, 48);
INSERT INTO pokemon.form_has_type_per_generation (fk_form, fk_type, fk_generation, is_primary)
VALUES (48, 11, 6, True);

INSERT INTO pokemon.form (name, is_default, fk_pokemon_species, height, weight, legacy_cry, latest_cry, artwork, shiny_artwork)
VALUES ('blastoise-gmax', False, 33, 250, 10000, None, https://raw.githubusercontent.com/PokeAPI/cries/main/cries/pokemon/latest/10197.ogg, https://raw.githubusercontent.com/PokeAPI/sprites/master/sprites/pokemon/other/official-artwork/10197.png, https://raw.githubusercontent.com/PokeAPI/sprites/master/sprites/pokemon/other/official-artwork/shiny/10197.png);
INSERT INTO pokemon.base_stats (base_hp, base_attack, base_defense, base_special_attack, base_special_defense, base_speed, fk_generation, fk_form)
VALUES (79, 83, 100, 85, 105, 78, 8, 49);
INSERT INTO pokemon.form_has_type_per_generation (fk_form, fk_type, fk_generation, is_primary)
VALUES (49, 11, 8, True);

INSERT INTO pokemon.pokemon_species (name, pokedex_index, is_baby, is_legendary, is_mythical, evolves_from)
VALUES ('metapod', 11, False, False, False, caterpie);
INSERT INTO pokemon.form (name, is_default, fk_pokemon_species, height, weight, legacy_cry, latest_cry, artwork, shiny_artwork)
VALUES ('metapod', True, 34, 7, 99, https://raw.githubusercontent.com/PokeAPI/cries/main/cries/pokemon/legacy/11.ogg, https://raw.githubusercontent.com/PokeAPI/cries/main/cries/pokemon/latest/11.ogg, https://raw.githubusercontent.com/PokeAPI/sprites/master/sprites/pokemon/other/official-artwork/11.png, https://raw.githubusercontent.com/PokeAPI/sprites/master/sprites/pokemon/other/official-artwork/shiny/11.png);
INSERT INTO pokemon.base_stats (base_hp, base_attack, base_defense, base_special_attack, base_special_defense, base_speed, fk_generation, fk_form)
VALUES (50, 20, 55, 25, 25, 30, 1, 50);
INSERT INTO pokemon.form_has_type_per_generation (fk_form, fk_type, fk_generation, is_primary)
VALUES (50, 7, 1, True);

INSERT INTO pokemon.pokemon_species (name, pokedex_index, is_baby, is_legendary, is_mythical, evolves_from)
VALUES ('butterfree', 12, False, False, False, metapod);
INSERT INTO pokemon.form (name, is_default, fk_pokemon_species, height, weight, legacy_cry, latest_cry, artwork, shiny_artwork)
VALUES ('butterfree', True, 35, 11, 320, https://raw.githubusercontent.com/PokeAPI/cries/main/cries/pokemon/legacy/12.ogg, https://raw.githubusercontent.com/PokeAPI/cries/main/cries/pokemon/latest/12.ogg, https://raw.githubusercontent.com/PokeAPI/sprites/master/sprites/pokemon/other/official-artwork/12.png, https://raw.githubusercontent.com/PokeAPI/sprites/master/sprites/pokemon/other/official-artwork/shiny/12.png);
INSERT INTO pokemon.base_stats (base_hp, base_attack, base_defense, base_special_attack, base_special_defense, base_speed, fk_generation, fk_form)
VALUES (60, 45, 50, 90, 80, 70, 1, 51);
INSERT INTO pokemon.form_has_type_per_generation (fk_form, fk_type, fk_generation, is_primary)
VALUES (51, 7, 1, True);
INSERT INTO pokemon.form_has_type_per_generation (fk_form, fk_type, fk_generation, is_primary)
VALUES (51, 3, 1, False);

INSERT INTO pokemon.form (name, is_default, fk_pokemon_species, height, weight, legacy_cry, latest_cry, artwork, shiny_artwork)
VALUES ('butterfree-gmax', False, 35, 170, 10000, None, https://raw.githubusercontent.com/PokeAPI/cries/main/cries/pokemon/latest/10198.ogg, https://raw.githubusercontent.com/PokeAPI/sprites/master/sprites/pokemon/other/official-artwork/10198.png, https://raw.githubusercontent.com/PokeAPI/sprites/master/sprites/pokemon/other/official-artwork/shiny/10198.png);
INSERT INTO pokemon.base_stats (base_hp, base_attack, base_defense, base_special_attack, base_special_defense, base_speed, fk_generation, fk_form)
VALUES (60, 45, 50, 90, 80, 70, 8, 52);
INSERT INTO pokemon.form_has_type_per_generation (fk_form, fk_type, fk_generation, is_primary)
VALUES (52, 7, 8, True);
INSERT INTO pokemon.form_has_type_per_generation (fk_form, fk_type, fk_generation, is_primary)
VALUES (52, 3, 8, False);

INSERT INTO pokemon.pokemon_species (name, pokedex_index, is_baby, is_legendary, is_mythical, evolves_from)
VALUES ('kakuna', 14, False, False, False, weedle);
INSERT INTO pokemon.form (name, is_default, fk_pokemon_species, height, weight, legacy_cry, latest_cry, artwork, shiny_artwork)
VALUES ('kakuna', True, 36, 6, 100, https://raw.githubusercontent.com/PokeAPI/cries/main/cries/pokemon/legacy/14.ogg, https://raw.githubusercontent.com/PokeAPI/cries/main/cries/pokemon/latest/14.ogg, https://raw.githubusercontent.com/PokeAPI/sprites/master/sprites/pokemon/other/official-artwork/14.png, https://raw.githubusercontent.com/PokeAPI/sprites/master/sprites/pokemon/other/official-artwork/shiny/14.png);
INSERT INTO pokemon.base_stats (base_hp, base_attack, base_defense, base_special_attack, base_special_defense, base_speed, fk_generation, fk_form)
VALUES (45, 25, 50, 25, 25, 35, 1, 53);
INSERT INTO pokemon.form_has_type_per_generation (fk_form, fk_type, fk_generation, is_primary)
VALUES (53, 7, 1, True);
INSERT INTO pokemon.form_has_type_per_generation (fk_form, fk_type, fk_generation, is_primary)
VALUES (53, 4, 1, False);

INSERT INTO pokemon.pokemon_species (name, pokedex_index, is_baby, is_legendary, is_mythical, evolves_from)
VALUES ('beedrill', 15, False, False, False, kakuna);
INSERT INTO pokemon.form (name, is_default, fk_pokemon_species, height, weight, legacy_cry, latest_cry, artwork, shiny_artwork)
VALUES ('beedrill', True, 37, 10, 295, https://raw.githubusercontent.com/PokeAPI/cries/main/cries/pokemon/legacy/15.ogg, https://raw.githubusercontent.com/PokeAPI/cries/main/cries/pokemon/latest/15.ogg, https://raw.githubusercontent.com/PokeAPI/sprites/master/sprites/pokemon/other/official-artwork/15.png, https://raw.githubusercontent.com/PokeAPI/sprites/master/sprites/pokemon/other/official-artwork/shiny/15.png);
INSERT INTO pokemon.base_stats (base_hp, base_attack, base_defense, base_special_attack, base_special_defense, base_speed, fk_generation, fk_form)
VALUES (65, 90, 40, 45, 80, 75, 1, 54);
INSERT INTO pokemon.form_has_type_per_generation (fk_form, fk_type, fk_generation, is_primary)
VALUES (54, 7, 1, True);
INSERT INTO pokemon.form_has_type_per_generation (fk_form, fk_type, fk_generation, is_primary)
VALUES (54, 4, 1, False);

INSERT INTO pokemon.form (name, is_default, fk_pokemon_species, height, weight, legacy_cry, latest_cry, artwork, shiny_artwork)
VALUES ('beedrill-mega', False, 37, 14, 405, None, https://raw.githubusercontent.com/PokeAPI/cries/main/cries/pokemon/latest/10090.ogg, https://raw.githubusercontent.com/PokeAPI/sprites/master/sprites/pokemon/other/official-artwork/10090.png, https://raw.githubusercontent.com/PokeAPI/sprites/master/sprites/pokemon/other/official-artwork/shiny/10090.png);
INSERT INTO pokemon.base_stats (base_hp, base_attack, base_defense, base_special_attack, base_special_defense, base_speed, fk_generation, fk_form)
VALUES (65, 150, 40, 15, 80, 145, 6, 55);
INSERT INTO pokemon.form_has_type_per_generation (fk_form, fk_type, fk_generation, is_primary)
VALUES (55, 7, 6, True);
INSERT INTO pokemon.form_has_type_per_generation (fk_form, fk_type, fk_generation, is_primary)
VALUES (55, 4, 6, False);

INSERT INTO pokemon.pokemon_species (name, pokedex_index, is_baby, is_legendary, is_mythical, evolves_from)
VALUES ('pidgeotto', 17, False, False, False, pidgey);
INSERT INTO pokemon.form (name, is_default, fk_pokemon_species, height, weight, legacy_cry, latest_cry, artwork, shiny_artwork)
VALUES ('pidgeotto', True, 38, 11, 300, https://raw.githubusercontent.com/PokeAPI/cries/main/cries/pokemon/legacy/17.ogg, https://raw.githubusercontent.com/PokeAPI/cries/main/cries/pokemon/latest/17.ogg, https://raw.githubusercontent.com/PokeAPI/sprites/master/sprites/pokemon/other/official-artwork/17.png, https://raw.githubusercontent.com/PokeAPI/sprites/master/sprites/pokemon/other/official-artwork/shiny/17.png);
INSERT INTO pokemon.base_stats (base_hp, base_attack, base_defense, base_special_attack, base_special_defense, base_speed, fk_generation, fk_form)
VALUES (63, 60, 55, 50, 50, 71, 1, 56);
INSERT INTO pokemon.form_has_type_per_generation (fk_form, fk_type, fk_generation, is_primary)
VALUES (56, 1, 1, True);
INSERT INTO pokemon.form_has_type_per_generation (fk_form, fk_type, fk_generation, is_primary)
VALUES (56, 3, 1, False);

INSERT INTO pokemon.pokemon_species (name, pokedex_index, is_baby, is_legendary, is_mythical, evolves_from)
VALUES ('pidgeot', 18, False, False, False, pidgeotto);
INSERT INTO pokemon.form (name, is_default, fk_pokemon_species, height, weight, legacy_cry, latest_cry, artwork, shiny_artwork)
VALUES ('pidgeot', True, 39, 15, 395, https://raw.githubusercontent.com/PokeAPI/cries/main/cries/pokemon/legacy/18.ogg, https://raw.githubusercontent.com/PokeAPI/cries/main/cries/pokemon/latest/18.ogg, https://raw.githubusercontent.com/PokeAPI/sprites/master/sprites/pokemon/other/official-artwork/18.png, https://raw.githubusercontent.com/PokeAPI/sprites/master/sprites/pokemon/other/official-artwork/shiny/18.png);
INSERT INTO pokemon.base_stats (base_hp, base_attack, base_defense, base_special_attack, base_special_defense, base_speed, fk_generation, fk_form)
VALUES (83, 80, 75, 70, 70, 101, 1, 57);
INSERT INTO pokemon.form_has_type_per_generation (fk_form, fk_type, fk_generation, is_primary)
VALUES (57, 1, 1, True);
INSERT INTO pokemon.form_has_type_per_generation (fk_form, fk_type, fk_generation, is_primary)
VALUES (57, 3, 1, False);

INSERT INTO pokemon.form (name, is_default, fk_pokemon_species, height, weight, legacy_cry, latest_cry, artwork, shiny_artwork)
VALUES ('pidgeot-mega', False, 39, 22, 505, None, https://raw.githubusercontent.com/PokeAPI/cries/main/cries/pokemon/latest/10073.ogg, https://raw.githubusercontent.com/PokeAPI/sprites/master/sprites/pokemon/other/official-artwork/10073.png, https://raw.githubusercontent.com/PokeAPI/sprites/master/sprites/pokemon/other/official-artwork/shiny/10073.png);
INSERT INTO pokemon.base_stats (base_hp, base_attack, base_defense, base_special_attack, base_special_defense, base_speed, fk_generation, fk_form)
VALUES (83, 80, 80, 135, 80, 121, 6, 58);
INSERT INTO pokemon.form_has_type_per_generation (fk_form, fk_type, fk_generation, is_primary)
VALUES (58, 1, 6, True);
INSERT INTO pokemon.form_has_type_per_generation (fk_form, fk_type, fk_generation, is_primary)
VALUES (58, 3, 6, False);

INSERT INTO pokemon.pokemon_species (name, pokedex_index, is_baby, is_legendary, is_mythical, evolves_from)
VALUES ('raticate', 20, False, False, False, rattata);
INSERT INTO pokemon.form (name, is_default, fk_pokemon_species, height, weight, legacy_cry, latest_cry, artwork, shiny_artwork)
VALUES ('raticate', True, 40, 7, 185, https://raw.githubusercontent.com/PokeAPI/cries/main/cries/pokemon/legacy/20.ogg, https://raw.githubusercontent.com/PokeAPI/cries/main/cries/pokemon/latest/20.ogg, https://raw.githubusercontent.com/PokeAPI/sprites/master/sprites/pokemon/other/official-artwork/20.png, https://raw.githubusercontent.com/PokeAPI/sprites/master/sprites/pokemon/other/official-artwork/shiny/20.png);
INSERT INTO pokemon.base_stats (base_hp, base_attack, base_defense, base_special_attack, base_special_defense, base_speed, fk_generation, fk_form)
VALUES (55, 81, 60, 50, 70, 97, 1, 59);
INSERT INTO pokemon.form_has_type_per_generation (fk_form, fk_type, fk_generation, is_primary)
VALUES (59, 1, 1, True);

INSERT INTO pokemon.form (name, is_default, fk_pokemon_species, height, weight, legacy_cry, latest_cry, artwork, shiny_artwork)
VALUES ('raticate-alola', False, 40, 7, 255, None, https://raw.githubusercontent.com/PokeAPI/cries/main/cries/pokemon/latest/10092.ogg, https://raw.githubusercontent.com/PokeAPI/sprites/master/sprites/pokemon/other/official-artwork/10092.png, https://raw.githubusercontent.com/PokeAPI/sprites/master/sprites/pokemon/other/official-artwork/shiny/10092.png);
INSERT INTO pokemon.base_stats (base_hp, base_attack, base_defense, base_special_attack, base_special_defense, base_speed, fk_generation, fk_form)
VALUES (75, 71, 70, 40, 80, 77, 7, 60);
INSERT INTO pokemon.form_has_type_per_generation (fk_form, fk_type, fk_generation, is_primary)
VALUES (60, 17, 7, True);
INSERT INTO pokemon.form_has_type_per_generation (fk_form, fk_type, fk_generation, is_primary)
VALUES (60, 1, 7, False);

INSERT INTO pokemon.form (name, is_default, fk_pokemon_species, height, weight, legacy_cry, latest_cry, artwork, shiny_artwork)
VALUES ('raticate-totem-alola', False, 40, 14, 1050, None, https://raw.githubusercontent.com/PokeAPI/cries/main/cries/pokemon/latest/10093.ogg, https://raw.githubusercontent.com/PokeAPI/sprites/master/sprites/pokemon/other/official-artwork/10093.png, https://raw.githubusercontent.com/PokeAPI/sprites/master/sprites/pokemon/other/official-artwork/shiny/10093.png);
INSERT INTO pokemon.base_stats (base_hp, base_attack, base_defense, base_special_attack, base_special_defense, base_speed, fk_generation, fk_form)
VALUES (75, 71, 70, 40, 80, 77, 7, 61);
INSERT INTO pokemon.form_has_type_per_generation (fk_form, fk_type, fk_generation, is_primary)
VALUES (61, 17, 7, True);
INSERT INTO pokemon.form_has_type_per_generation (fk_form, fk_type, fk_generation, is_primary)
VALUES (61, 1, 7, False);

INSERT INTO pokemon.pokemon_species (name, pokedex_index, is_baby, is_legendary, is_mythical, evolves_from)
VALUES ('fearow', 22, False, False, False, spearow);
INSERT INTO pokemon.form (name, is_default, fk_pokemon_species, height, weight, legacy_cry, latest_cry, artwork, shiny_artwork)
VALUES ('fearow', True, 41, 12, 380, https://raw.githubusercontent.com/PokeAPI/cries/main/cries/pokemon/legacy/22.ogg, https://raw.githubusercontent.com/PokeAPI/cries/main/cries/pokemon/latest/22.ogg, https://raw.githubusercontent.com/PokeAPI/sprites/master/sprites/pokemon/other/official-artwork/22.png, https://raw.githubusercontent.com/PokeAPI/sprites/master/sprites/pokemon/other/official-artwork/shiny/22.png);
INSERT INTO pokemon.base_stats (base_hp, base_attack, base_defense, base_special_attack, base_special_defense, base_speed, fk_generation, fk_form)
VALUES (65, 90, 65, 61, 61, 100, 1, 62);
INSERT INTO pokemon.form_has_type_per_generation (fk_form, fk_type, fk_generation, is_primary)
VALUES (62, 1, 1, True);
INSERT INTO pokemon.form_has_type_per_generation (fk_form, fk_type, fk_generation, is_primary)
VALUES (62, 3, 1, False);

INSERT INTO pokemon.pokemon_species (name, pokedex_index, is_baby, is_legendary, is_mythical, evolves_from)
VALUES ('arbok', 24, False, False, False, ekans);
INSERT INTO pokemon.form (name, is_default, fk_pokemon_species, height, weight, legacy_cry, latest_cry, artwork, shiny_artwork)
VALUES ('arbok', True, 42, 35, 650, https://raw.githubusercontent.com/PokeAPI/cries/main/cries/pokemon/legacy/24.ogg, https://raw.githubusercontent.com/PokeAPI/cries/main/cries/pokemon/latest/24.ogg, https://raw.githubusercontent.com/PokeAPI/sprites/master/sprites/pokemon/other/official-artwork/24.png, https://raw.githubusercontent.com/PokeAPI/sprites/master/sprites/pokemon/other/official-artwork/shiny/24.png);
INSERT INTO pokemon.base_stats (base_hp, base_attack, base_defense, base_special_attack, base_special_defense, base_speed, fk_generation, fk_form)
VALUES (60, 95, 69, 65, 79, 80, 1, 63);
INSERT INTO pokemon.form_has_type_per_generation (fk_form, fk_type, fk_generation, is_primary)
VALUES (63, 4, 1, True);

INSERT INTO pokemon.pokemon_species (name, pokedex_index, is_baby, is_legendary, is_mythical, evolves_from)
VALUES ('pikachu', 25, False, False, False, pichu);
INSERT INTO pokemon.form (name, is_default, fk_pokemon_species, height, weight, legacy_cry, latest_cry, artwork, shiny_artwork)
VALUES ('pikachu', True, 43, 4, 60, https://raw.githubusercontent.com/PokeAPI/cries/main/cries/pokemon/legacy/25.ogg, https://raw.githubusercontent.com/PokeAPI/cries/main/cries/pokemon/latest/25.ogg, https://raw.githubusercontent.com/PokeAPI/sprites/master/sprites/pokemon/other/official-artwork/25.png, https://raw.githubusercontent.com/PokeAPI/sprites/master/sprites/pokemon/other/official-artwork/shiny/25.png);
INSERT INTO pokemon.base_stats (base_hp, base_attack, base_defense, base_special_attack, base_special_defense, base_speed, fk_generation, fk_form)
VALUES (35, 55, 40, 50, 50, 90, 1, 64);
INSERT INTO pokemon.form_has_type_per_generation (fk_form, fk_type, fk_generation, is_primary)
VALUES (64, 13, 1, True);

INSERT INTO pokemon.form (name, is_default, fk_pokemon_species, height, weight, legacy_cry, latest_cry, artwork, shiny_artwork)
VALUES ('pikachu-rock-star', False, 43, 4, 60, None, https://raw.githubusercontent.com/PokeAPI/cries/main/cries/pokemon/latest/10080.ogg, https://raw.githubusercontent.com/PokeAPI/sprites/master/sprites/pokemon/other/official-artwork/10080.png, https://raw.githubusercontent.com/PokeAPI/sprites/master/sprites/pokemon/other/official-artwork/shiny/10080.png);
INSERT INTO pokemon.base_stats (base_hp, base_attack, base_defense, base_special_attack, base_special_defense, base_speed, fk_generation, fk_form)
VALUES (35, 55, 40, 50, 50, 90, 1, 65);
INSERT INTO pokemon.form_has_type_per_generation (fk_form, fk_type, fk_generation, is_primary)
VALUES (65, 13, 1, True);

INSERT INTO pokemon.form (name, is_default, fk_pokemon_species, height, weight, legacy_cry, latest_cry, artwork, shiny_artwork)
VALUES ('pikachu-belle', False, 43, 4, 60, None, https://raw.githubusercontent.com/PokeAPI/cries/main/cries/pokemon/latest/10081.ogg, https://raw.githubusercontent.com/PokeAPI/sprites/master/sprites/pokemon/other/official-artwork/10081.png, https://raw.githubusercontent.com/PokeAPI/sprites/master/sprites/pokemon/other/official-artwork/shiny/10081.png);
INSERT INTO pokemon.base_stats (base_hp, base_attack, base_defense, base_special_attack, base_special_defense, base_speed, fk_generation, fk_form)
VALUES (35, 55, 40, 50, 50, 90, 1, 66);
INSERT INTO pokemon.form_has_type_per_generation (fk_form, fk_type, fk_generation, is_primary)
VALUES (66, 13, 1, True);

INSERT INTO pokemon.form (name, is_default, fk_pokemon_species, height, weight, legacy_cry, latest_cry, artwork, shiny_artwork)
VALUES ('pikachu-pop-star', False, 43, 4, 60, None, https://raw.githubusercontent.com/PokeAPI/cries/main/cries/pokemon/latest/10082.ogg, https://raw.githubusercontent.com/PokeAPI/sprites/master/sprites/pokemon/other/official-artwork/10082.png, https://raw.githubusercontent.com/PokeAPI/sprites/master/sprites/pokemon/other/official-artwork/shiny/10082.png);
INSERT INTO pokemon.base_stats (base_hp, base_attack, base_defense, base_special_attack, base_special_defense, base_speed, fk_generation, fk_form)
VALUES (35, 55, 40, 50, 50, 90, 1, 67);
INSERT INTO pokemon.form_has_type_per_generation (fk_form, fk_type, fk_generation, is_primary)
VALUES (67, 13, 1, True);

INSERT INTO pokemon.form (name, is_default, fk_pokemon_species, height, weight, legacy_cry, latest_cry, artwork, shiny_artwork)
VALUES ('pikachu-phd', False, 43, 4, 60, None, https://raw.githubusercontent.com/PokeAPI/cries/main/cries/pokemon/latest/10083.ogg, https://raw.githubusercontent.com/PokeAPI/sprites/master/sprites/pokemon/other/official-artwork/10083.png, https://raw.githubusercontent.com/PokeAPI/sprites/master/sprites/pokemon/other/official-artwork/shiny/10083.png);
INSERT INTO pokemon.base_stats (base_hp, base_attack, base_defense, base_special_attack, base_special_defense, base_speed, fk_generation, fk_form)
VALUES (35, 55, 40, 50, 50, 90, 1, 68);
INSERT INTO pokemon.form_has_type_per_generation (fk_form, fk_type, fk_generation, is_primary)
VALUES (68, 13, 1, True);

INSERT INTO pokemon.form (name, is_default, fk_pokemon_species, height, weight, legacy_cry, latest_cry, artwork, shiny_artwork)
VALUES ('pikachu-libre', False, 43, 4, 60, None, https://raw.githubusercontent.com/PokeAPI/cries/main/cries/pokemon/latest/10084.ogg, https://raw.githubusercontent.com/PokeAPI/sprites/master/sprites/pokemon/other/official-artwork/10084.png, https://raw.githubusercontent.com/PokeAPI/sprites/master/sprites/pokemon/other/official-artwork/shiny/10084.png);
INSERT INTO pokemon.base_stats (base_hp, base_attack, base_defense, base_special_attack, base_special_defense, base_speed, fk_generation, fk_form)
VALUES (35, 55, 40, 50, 50, 90, 1, 69);
INSERT INTO pokemon.form_has_type_per_generation (fk_form, fk_type, fk_generation, is_primary)
VALUES (69, 13, 1, True);

INSERT INTO pokemon.form (name, is_default, fk_pokemon_species, height, weight, legacy_cry, latest_cry, artwork, shiny_artwork)
VALUES ('pikachu-cosplay', False, 43, 4, 60, None, https://raw.githubusercontent.com/PokeAPI/cries/main/cries/pokemon/latest/10085.ogg, https://raw.githubusercontent.com/PokeAPI/sprites/master/sprites/pokemon/other/official-artwork/10085.png, None);
INSERT INTO pokemon.base_stats (base_hp, base_attack, base_defense, base_special_attack, base_special_defense, base_speed, fk_generation, fk_form)
VALUES (35, 55, 40, 50, 50, 90, 1, 70);
INSERT INTO pokemon.form_has_type_per_generation (fk_form, fk_type, fk_generation, is_primary)
VALUES (70, 13, 1, True);

INSERT INTO pokemon.form (name, is_default, fk_pokemon_species, height, weight, legacy_cry, latest_cry, artwork, shiny_artwork)
VALUES ('pikachu-original-cap', False, 43, 4, 60, None, https://raw.githubusercontent.com/PokeAPI/cries/main/cries/pokemon/latest/10094.ogg, https://raw.githubusercontent.com/PokeAPI/sprites/master/sprites/pokemon/other/official-artwork/10094.png, https://raw.githubusercontent.com/PokeAPI/sprites/master/sprites/pokemon/other/official-artwork/shiny/10094.png);
INSERT INTO pokemon.base_stats (base_hp, base_attack, base_defense, base_special_attack, base_special_defense, base_speed, fk_generation, fk_form)
VALUES (35, 55, 40, 50, 50, 90, 1, 71);
INSERT INTO pokemon.form_has_type_per_generation (fk_form, fk_type, fk_generation, is_primary)
VALUES (71, 13, 1, True);

INSERT INTO pokemon.form (name, is_default, fk_pokemon_species, height, weight, legacy_cry, latest_cry, artwork, shiny_artwork)
VALUES ('pikachu-hoenn-cap', False, 43, 4, 60, None, https://raw.githubusercontent.com/PokeAPI/cries/main/cries/pokemon/latest/10095.ogg, https://raw.githubusercontent.com/PokeAPI/sprites/master/sprites/pokemon/other/official-artwork/10095.png, https://raw.githubusercontent.com/PokeAPI/sprites/master/sprites/pokemon/other/official-artwork/shiny/10095.png);
INSERT INTO pokemon.base_stats (base_hp, base_attack, base_defense, base_special_attack, base_special_defense, base_speed, fk_generation, fk_form)
VALUES (35, 55, 40, 50, 50, 90, 1, 72);
INSERT INTO pokemon.form_has_type_per_generation (fk_form, fk_type, fk_generation, is_primary)
VALUES (72, 13, 1, True);

INSERT INTO pokemon.form (name, is_default, fk_pokemon_species, height, weight, legacy_cry, latest_cry, artwork, shiny_artwork)
VALUES ('pikachu-sinnoh-cap', False, 43, 4, 60, None, https://raw.githubusercontent.com/PokeAPI/cries/main/cries/pokemon/latest/10096.ogg, https://raw.githubusercontent.com/PokeAPI/sprites/master/sprites/pokemon/other/official-artwork/10096.png, https://raw.githubusercontent.com/PokeAPI/sprites/master/sprites/pokemon/other/official-artwork/shiny/10096.png);
INSERT INTO pokemon.base_stats (base_hp, base_attack, base_defense, base_special_attack, base_special_defense, base_speed, fk_generation, fk_form)
VALUES (35, 55, 40, 50, 50, 90, 1, 73);
INSERT INTO pokemon.form_has_type_per_generation (fk_form, fk_type, fk_generation, is_primary)
VALUES (73, 13, 1, True);

INSERT INTO pokemon.form (name, is_default, fk_pokemon_species, height, weight, legacy_cry, latest_cry, artwork, shiny_artwork)
VALUES ('pikachu-unova-cap', False, 43, 4, 60, None, https://raw.githubusercontent.com/PokeAPI/cries/main/cries/pokemon/latest/10097.ogg, https://raw.githubusercontent.com/PokeAPI/sprites/master/sprites/pokemon/other/official-artwork/10097.png, https://raw.githubusercontent.com/PokeAPI/sprites/master/sprites/pokemon/other/official-artwork/shiny/10097.png);
INSERT INTO pokemon.base_stats (base_hp, base_attack, base_defense, base_special_attack, base_special_defense, base_speed, fk_generation, fk_form)
VALUES (35, 55, 40, 50, 50, 90, 1, 74);
INSERT INTO pokemon.form_has_type_per_generation (fk_form, fk_type, fk_generation, is_primary)
VALUES (74, 13, 1, True);

INSERT INTO pokemon.form (name, is_default, fk_pokemon_species, height, weight, legacy_cry, latest_cry, artwork, shiny_artwork)
VALUES ('pikachu-kalos-cap', False, 43, 4, 60, None, https://raw.githubusercontent.com/PokeAPI/cries/main/cries/pokemon/latest/10098.ogg, https://raw.githubusercontent.com/PokeAPI/sprites/master/sprites/pokemon/other/official-artwork/10098.png, https://raw.githubusercontent.com/PokeAPI/sprites/master/sprites/pokemon/other/official-artwork/shiny/10098.png);
INSERT INTO pokemon.base_stats (base_hp, base_attack, base_defense, base_special_attack, base_special_defense, base_speed, fk_generation, fk_form)
VALUES (35, 55, 40, 50, 50, 90, 1, 75);
INSERT INTO pokemon.form_has_type_per_generation (fk_form, fk_type, fk_generation, is_primary)
VALUES (75, 13, 1, True);

INSERT INTO pokemon.form (name, is_default, fk_pokemon_species, height, weight, legacy_cry, latest_cry, artwork, shiny_artwork)
VALUES ('pikachu-alola-cap', False, 43, 4, 60, None, https://raw.githubusercontent.com/PokeAPI/cries/main/cries/pokemon/latest/10099.ogg, https://raw.githubusercontent.com/PokeAPI/sprites/master/sprites/pokemon/other/official-artwork/10099.png, https://raw.githubusercontent.com/PokeAPI/sprites/master/sprites/pokemon/other/official-artwork/shiny/10099.png);
INSERT INTO pokemon.base_stats (base_hp, base_attack, base_defense, base_special_attack, base_special_defense, base_speed, fk_generation, fk_form)
VALUES (35, 55, 40, 50, 50, 90, 7, 76);
INSERT INTO pokemon.form_has_type_per_generation (fk_form, fk_type, fk_generation, is_primary)
VALUES (76, 13, 7, True);

INSERT INTO pokemon.form (name, is_default, fk_pokemon_species, height, weight, legacy_cry, latest_cry, artwork, shiny_artwork)
VALUES ('pikachu-partner-cap', False, 43, 4, 60, None, https://raw.githubusercontent.com/PokeAPI/cries/main/cries/pokemon/latest/10148.ogg, https://raw.githubusercontent.com/PokeAPI/sprites/master/sprites/pokemon/other/official-artwork/10148.png, None);
INSERT INTO pokemon.base_stats (base_hp, base_attack, base_defense, base_special_attack, base_special_defense, base_speed, fk_generation, fk_form)
VALUES (35, 55, 40, 50, 50, 90, 1, 77);
INSERT INTO pokemon.form_has_type_per_generation (fk_form, fk_type, fk_generation, is_primary)
VALUES (77, 13, 1, True);

INSERT INTO pokemon.form (name, is_default, fk_pokemon_species, height, weight, legacy_cry, latest_cry, artwork, shiny_artwork)
VALUES ('pikachu-starter', False, 43, 4, 60, None, https://raw.githubusercontent.com/PokeAPI/cries/main/cries/pokemon/latest/10158.ogg, https://raw.githubusercontent.com/PokeAPI/sprites/master/sprites/pokemon/other/official-artwork/10158.png, None);
INSERT INTO pokemon.base_stats (base_hp, base_attack, base_defense, base_special_attack, base_special_defense, base_speed, fk_generation, fk_form)
VALUES (45, 80, 50, 75, 60, 120, 1, 78);
INSERT INTO pokemon.form_has_type_per_generation (fk_form, fk_type, fk_generation, is_primary)
VALUES (78, 13, 1, True);

INSERT INTO pokemon.form (name, is_default, fk_pokemon_species, height, weight, legacy_cry, latest_cry, artwork, shiny_artwork)
VALUES ('pikachu-world-cap', False, 43, 4, 60, None, https://raw.githubusercontent.com/PokeAPI/cries/main/cries/pokemon/latest/10160.ogg, https://raw.githubusercontent.com/PokeAPI/sprites/master/sprites/pokemon/other/official-artwork/10160.png, None);
INSERT INTO pokemon.base_stats (base_hp, base_attack, base_defense, base_special_attack, base_special_defense, base_speed, fk_generation, fk_form)
VALUES (35, 55, 40, 50, 50, 90, 1, 79);
INSERT INTO pokemon.form_has_type_per_generation (fk_form, fk_type, fk_generation, is_primary)
VALUES (79, 13, 1, True);

INSERT INTO pokemon.form (name, is_default, fk_pokemon_species, height, weight, legacy_cry, latest_cry, artwork, shiny_artwork)
VALUES ('pikachu-gmax', False, 43, 210, 10000, None, https://raw.githubusercontent.com/PokeAPI/cries/main/cries/pokemon/latest/10199.ogg, https://raw.githubusercontent.com/PokeAPI/sprites/master/sprites/pokemon/other/official-artwork/10199.png, https://raw.githubusercontent.com/PokeAPI/sprites/master/sprites/pokemon/other/official-artwork/shiny/10199.png);
INSERT INTO pokemon.base_stats (base_hp, base_attack, base_defense, base_special_attack, base_special_defense, base_speed, fk_generation, fk_form)
VALUES (35, 55, 40, 50, 50, 90, 8, 80);
INSERT INTO pokemon.form_has_type_per_generation (fk_form, fk_type, fk_generation, is_primary)
VALUES (80, 13, 8, True);

INSERT INTO pokemon.pokemon_species (name, pokedex_index, is_baby, is_legendary, is_mythical, evolves_from)
VALUES ('raichu', 26, False, False, False, pikachu);
INSERT INTO pokemon.form (name, is_default, fk_pokemon_species, height, weight, legacy_cry, latest_cry, artwork, shiny_artwork)
VALUES ('raichu', True, 44, 8, 300, https://raw.githubusercontent.com/PokeAPI/cries/main/cries/pokemon/legacy/26.ogg, https://raw.githubusercontent.com/PokeAPI/cries/main/cries/pokemon/latest/26.ogg, https://raw.githubusercontent.com/PokeAPI/sprites/master/sprites/pokemon/other/official-artwork/26.png, https://raw.githubusercontent.com/PokeAPI/sprites/master/sprites/pokemon/other/official-artwork/shiny/26.png);
INSERT INTO pokemon.base_stats (base_hp, base_attack, base_defense, base_special_attack, base_special_defense, base_speed, fk_generation, fk_form)
VALUES (60, 90, 55, 90, 80, 110, 1, 81);
INSERT INTO pokemon.form_has_type_per_generation (fk_form, fk_type, fk_generation, is_primary)
VALUES (81, 13, 1, True);

INSERT INTO pokemon.form (name, is_default, fk_pokemon_species, height, weight, legacy_cry, latest_cry, artwork, shiny_artwork)
VALUES ('raichu-alola', False, 44, 7, 210, None, https://raw.githubusercontent.com/PokeAPI/cries/main/cries/pokemon/latest/10100.ogg, https://raw.githubusercontent.com/PokeAPI/sprites/master/sprites/pokemon/other/official-artwork/10100.png, https://raw.githubusercontent.com/PokeAPI/sprites/master/sprites/pokemon/other/official-artwork/shiny/10100.png);
INSERT INTO pokemon.base_stats (base_hp, base_attack, base_defense, base_special_attack, base_special_defense, base_speed, fk_generation, fk_form)
VALUES (60, 85, 50, 95, 85, 110, 7, 82);
INSERT INTO pokemon.form_has_type_per_generation (fk_form, fk_type, fk_generation, is_primary)
VALUES (82, 13, 7, True);
INSERT INTO pokemon.form_has_type_per_generation (fk_form, fk_type, fk_generation, is_primary)
VALUES (82, 14, 7, False);

INSERT INTO pokemon.pokemon_species (name, pokedex_index, is_baby, is_legendary, is_mythical, evolves_from)
VALUES ('sandslash', 28, False, False, False, sandshrew);
INSERT INTO pokemon.form (name, is_default, fk_pokemon_species, height, weight, legacy_cry, latest_cry, artwork, shiny_artwork)
VALUES ('sandslash', True, 45, 10, 295, https://raw.githubusercontent.com/PokeAPI/cries/main/cries/pokemon/legacy/28.ogg, https://raw.githubusercontent.com/PokeAPI/cries/main/cries/pokemon/latest/28.ogg, https://raw.githubusercontent.com/PokeAPI/sprites/master/sprites/pokemon/other/official-artwork/28.png, https://raw.githubusercontent.com/PokeAPI/sprites/master/sprites/pokemon/other/official-artwork/shiny/28.png);
INSERT INTO pokemon.base_stats (base_hp, base_attack, base_defense, base_special_attack, base_special_defense, base_speed, fk_generation, fk_form)
VALUES (75, 100, 110, 45, 55, 65, 1, 83);
INSERT INTO pokemon.form_has_type_per_generation (fk_form, fk_type, fk_generation, is_primary)
VALUES (83, 5, 1, True);

INSERT INTO pokemon.form (name, is_default, fk_pokemon_species, height, weight, legacy_cry, latest_cry, artwork, shiny_artwork)
VALUES ('sandslash-alola', False, 45, 12, 550, None, https://raw.githubusercontent.com/PokeAPI/cries/main/cries/pokemon/latest/10102.ogg, https://raw.githubusercontent.com/PokeAPI/sprites/master/sprites/pokemon/other/official-artwork/10102.png, https://raw.githubusercontent.com/PokeAPI/sprites/master/sprites/pokemon/other/official-artwork/shiny/10102.png);
INSERT INTO pokemon.base_stats (base_hp, base_attack, base_defense, base_special_attack, base_special_defense, base_speed, fk_generation, fk_form)
VALUES (75, 100, 120, 25, 65, 65, 7, 84);
INSERT INTO pokemon.form_has_type_per_generation (fk_form, fk_type, fk_generation, is_primary)
VALUES (84, 15, 7, True);
INSERT INTO pokemon.form_has_type_per_generation (fk_form, fk_type, fk_generation, is_primary)
VALUES (84, 9, 7, False);

INSERT INTO pokemon.pokemon_species (name, pokedex_index, is_baby, is_legendary, is_mythical, evolves_from)
VALUES ('nidorina', 30, False, False, False, nidoran-f);
INSERT INTO pokemon.form (name, is_default, fk_pokemon_species, height, weight, legacy_cry, latest_cry, artwork, shiny_artwork)
VALUES ('nidorina', True, 46, 8, 200, https://raw.githubusercontent.com/PokeAPI/cries/main/cries/pokemon/legacy/30.ogg, https://raw.githubusercontent.com/PokeAPI/cries/main/cries/pokemon/latest/30.ogg, https://raw.githubusercontent.com/PokeAPI/sprites/master/sprites/pokemon/other/official-artwork/30.png, https://raw.githubusercontent.com/PokeAPI/sprites/master/sprites/pokemon/other/official-artwork/shiny/30.png);
INSERT INTO pokemon.base_stats (base_hp, base_attack, base_defense, base_special_attack, base_special_defense, base_speed, fk_generation, fk_form)
VALUES (70, 62, 67, 55, 55, 56, 1, 85);
INSERT INTO pokemon.form_has_type_per_generation (fk_form, fk_type, fk_generation, is_primary)
VALUES (85, 4, 1, True);

INSERT INTO pokemon.pokemon_species (name, pokedex_index, is_baby, is_legendary, is_mythical, evolves_from)
VALUES ('nidoqueen', 31, False, False, False, nidorina);
INSERT INTO pokemon.form (name, is_default, fk_pokemon_species, height, weight, legacy_cry, latest_cry, artwork, shiny_artwork)
VALUES ('nidoqueen', True, 47, 13, 600, https://raw.githubusercontent.com/PokeAPI/cries/main/cries/pokemon/legacy/31.ogg, https://raw.githubusercontent.com/PokeAPI/cries/main/cries/pokemon/latest/31.ogg, https://raw.githubusercontent.com/PokeAPI/sprites/master/sprites/pokemon/other/official-artwork/31.png, https://raw.githubusercontent.com/PokeAPI/sprites/master/sprites/pokemon/other/official-artwork/shiny/31.png);
INSERT INTO pokemon.base_stats (base_hp, base_attack, base_defense, base_special_attack, base_special_defense, base_speed, fk_generation, fk_form)
VALUES (90, 92, 87, 75, 85, 76, 1, 86);
INSERT INTO pokemon.form_has_type_per_generation (fk_form, fk_type, fk_generation, is_primary)
VALUES (86, 4, 1, True);
INSERT INTO pokemon.form_has_type_per_generation (fk_form, fk_type, fk_generation, is_primary)
VALUES (86, 5, 1, False);

INSERT INTO pokemon.pokemon_species (name, pokedex_index, is_baby, is_legendary, is_mythical, evolves_from)
VALUES ('nidorino', 33, False, False, False, nidoran-m);
INSERT INTO pokemon.form (name, is_default, fk_pokemon_species, height, weight, legacy_cry, latest_cry, artwork, shiny_artwork)
VALUES ('nidorino', True, 48, 9, 195, https://raw.githubusercontent.com/PokeAPI/cries/main/cries/pokemon/legacy/33.ogg, https://raw.githubusercontent.com/PokeAPI/cries/main/cries/pokemon/latest/33.ogg, https://raw.githubusercontent.com/PokeAPI/sprites/master/sprites/pokemon/other/official-artwork/33.png, https://raw.githubusercontent.com/PokeAPI/sprites/master/sprites/pokemon/other/official-artwork/shiny/33.png);
INSERT INTO pokemon.base_stats (base_hp, base_attack, base_defense, base_special_attack, base_special_defense, base_speed, fk_generation, fk_form)
VALUES (61, 72, 57, 55, 55, 65, 1, 87);
INSERT INTO pokemon.form_has_type_per_generation (fk_form, fk_type, fk_generation, is_primary)
VALUES (87, 4, 1, True);

INSERT INTO pokemon.pokemon_species (name, pokedex_index, is_baby, is_legendary, is_mythical, evolves_from)
VALUES ('nidoking', 34, False, False, False, nidorino);
INSERT INTO pokemon.form (name, is_default, fk_pokemon_species, height, weight, legacy_cry, latest_cry, artwork, shiny_artwork)
VALUES ('nidoking', True, 49, 14, 620, https://raw.githubusercontent.com/PokeAPI/cries/main/cries/pokemon/legacy/34.ogg, https://raw.githubusercontent.com/PokeAPI/cries/main/cries/pokemon/latest/34.ogg, https://raw.githubusercontent.com/PokeAPI/sprites/master/sprites/pokemon/other/official-artwork/34.png, https://raw.githubusercontent.com/PokeAPI/sprites/master/sprites/pokemon/other/official-artwork/shiny/34.png);
INSERT INTO pokemon.base_stats (base_hp, base_attack, base_defense, base_special_attack, base_special_defense, base_speed, fk_generation, fk_form)
VALUES (81, 102, 77, 85, 75, 85, 1, 88);
INSERT INTO pokemon.form_has_type_per_generation (fk_form, fk_type, fk_generation, is_primary)
VALUES (88, 4, 1, True);
INSERT INTO pokemon.form_has_type_per_generation (fk_form, fk_type, fk_generation, is_primary)
VALUES (88, 5, 1, False);

INSERT INTO pokemon.pokemon_species (name, pokedex_index, is_baby, is_legendary, is_mythical, evolves_from)
VALUES ('clefairy', 35, False, False, False, cleffa);
INSERT INTO pokemon.form (name, is_default, fk_pokemon_species, height, weight, legacy_cry, latest_cry, artwork, shiny_artwork)
VALUES ('clefairy', True, 50, 6, 75, https://raw.githubusercontent.com/PokeAPI/cries/main/cries/pokemon/legacy/35.ogg, https://raw.githubusercontent.com/PokeAPI/cries/main/cries/pokemon/latest/35.ogg, https://raw.githubusercontent.com/PokeAPI/sprites/master/sprites/pokemon/other/official-artwork/35.png, https://raw.githubusercontent.com/PokeAPI/sprites/master/sprites/pokemon/other/official-artwork/shiny/35.png);
INSERT INTO pokemon.base_stats (base_hp, base_attack, base_defense, base_special_attack, base_special_defense, base_speed, fk_generation, fk_form)
VALUES (70, 45, 48, 60, 65, 35, 1, 89);
INSERT INTO pokemon.form_has_type_per_generation (fk_form, fk_type, fk_generation, is_primary)
VALUES (89, 18, 1, True);

INSERT INTO pokemon.pokemon_species (name, pokedex_index, is_baby, is_legendary, is_mythical, evolves_from)
VALUES ('clefable', 36, False, False, False, clefairy);
INSERT INTO pokemon.form (name, is_default, fk_pokemon_species, height, weight, legacy_cry, latest_cry, artwork, shiny_artwork)
VALUES ('clefable', True, 51, 13, 400, https://raw.githubusercontent.com/PokeAPI/cries/main/cries/pokemon/legacy/36.ogg, https://raw.githubusercontent.com/PokeAPI/cries/main/cries/pokemon/latest/36.ogg, https://raw.githubusercontent.com/PokeAPI/sprites/master/sprites/pokemon/other/official-artwork/36.png, https://raw.githubusercontent.com/PokeAPI/sprites/master/sprites/pokemon/other/official-artwork/shiny/36.png);
INSERT INTO pokemon.base_stats (base_hp, base_attack, base_defense, base_special_attack, base_special_defense, base_speed, fk_generation, fk_form)
VALUES (95, 70, 73, 95, 90, 60, 1, 90);
INSERT INTO pokemon.form_has_type_per_generation (fk_form, fk_type, fk_generation, is_primary)
VALUES (90, 18, 1, True);

INSERT INTO pokemon.pokemon_species (name, pokedex_index, is_baby, is_legendary, is_mythical, evolves_from)
VALUES ('ninetales', 38, False, False, False, vulpix);
INSERT INTO pokemon.form (name, is_default, fk_pokemon_species, height, weight, legacy_cry, latest_cry, artwork, shiny_artwork)
VALUES ('ninetales', True, 52, 11, 199, https://raw.githubusercontent.com/PokeAPI/cries/main/cries/pokemon/legacy/38.ogg, https://raw.githubusercontent.com/PokeAPI/cries/main/cries/pokemon/latest/38.ogg, https://raw.githubusercontent.com/PokeAPI/sprites/master/sprites/pokemon/other/official-artwork/38.png, https://raw.githubusercontent.com/PokeAPI/sprites/master/sprites/pokemon/other/official-artwork/shiny/38.png);
INSERT INTO pokemon.base_stats (base_hp, base_attack, base_defense, base_special_attack, base_special_defense, base_speed, fk_generation, fk_form)
VALUES (73, 76, 75, 81, 100, 100, 1, 91);
INSERT INTO pokemon.form_has_type_per_generation (fk_form, fk_type, fk_generation, is_primary)
VALUES (91, 10, 1, True);

INSERT INTO pokemon.form (name, is_default, fk_pokemon_species, height, weight, legacy_cry, latest_cry, artwork, shiny_artwork)
VALUES ('ninetales-alola', False, 52, 11, 199, None, https://raw.githubusercontent.com/PokeAPI/cries/main/cries/pokemon/latest/10104.ogg, https://raw.githubusercontent.com/PokeAPI/sprites/master/sprites/pokemon/other/official-artwork/10104.png, https://raw.githubusercontent.com/PokeAPI/sprites/master/sprites/pokemon/other/official-artwork/shiny/10104.png);
INSERT INTO pokemon.base_stats (base_hp, base_attack, base_defense, base_special_attack, base_special_defense, base_speed, fk_generation, fk_form)
VALUES (73, 67, 75, 81, 100, 109, 7, 92);
INSERT INTO pokemon.form_has_type_per_generation (fk_form, fk_type, fk_generation, is_primary)
VALUES (92, 15, 7, True);
INSERT INTO pokemon.form_has_type_per_generation (fk_form, fk_type, fk_generation, is_primary)
VALUES (92, 18, 7, False);

INSERT INTO pokemon.pokemon_species (name, pokedex_index, is_baby, is_legendary, is_mythical, evolves_from)
VALUES ('jigglypuff', 39, False, False, False, igglybuff);
INSERT INTO pokemon.form (name, is_default, fk_pokemon_species, height, weight, legacy_cry, latest_cry, artwork, shiny_artwork)
VALUES ('jigglypuff', True, 53, 5, 55, https://raw.githubusercontent.com/PokeAPI/cries/main/cries/pokemon/legacy/39.ogg, https://raw.githubusercontent.com/PokeAPI/cries/main/cries/pokemon/latest/39.ogg, https://raw.githubusercontent.com/PokeAPI/sprites/master/sprites/pokemon/other/official-artwork/39.png, https://raw.githubusercontent.com/PokeAPI/sprites/master/sprites/pokemon/other/official-artwork/shiny/39.png);
INSERT INTO pokemon.base_stats (base_hp, base_attack, base_defense, base_special_attack, base_special_defense, base_speed, fk_generation, fk_form)
VALUES (115, 45, 20, 45, 25, 20, 1, 93);
INSERT INTO pokemon.form_has_type_per_generation (fk_form, fk_type, fk_generation, is_primary)
VALUES (93, 1, 1, True);
INSERT INTO pokemon.form_has_type_per_generation (fk_form, fk_type, fk_generation, is_primary)
VALUES (93, 18, 1, False);

INSERT INTO pokemon.pokemon_species (name, pokedex_index, is_baby, is_legendary, is_mythical, evolves_from)
VALUES ('wigglytuff', 40, False, False, False, jigglypuff);
INSERT INTO pokemon.form (name, is_default, fk_pokemon_species, height, weight, legacy_cry, latest_cry, artwork, shiny_artwork)
VALUES ('wigglytuff', True, 54, 10, 120, https://raw.githubusercontent.com/PokeAPI/cries/main/cries/pokemon/legacy/40.ogg, https://raw.githubusercontent.com/PokeAPI/cries/main/cries/pokemon/latest/40.ogg, https://raw.githubusercontent.com/PokeAPI/sprites/master/sprites/pokemon/other/official-artwork/40.png, https://raw.githubusercontent.com/PokeAPI/sprites/master/sprites/pokemon/other/official-artwork/shiny/40.png);
INSERT INTO pokemon.base_stats (base_hp, base_attack, base_defense, base_special_attack, base_special_defense, base_speed, fk_generation, fk_form)
VALUES (140, 70, 45, 85, 50, 45, 1, 94);
INSERT INTO pokemon.form_has_type_per_generation (fk_form, fk_type, fk_generation, is_primary)
VALUES (94, 1, 1, True);
INSERT INTO pokemon.form_has_type_per_generation (fk_form, fk_type, fk_generation, is_primary)
VALUES (94, 18, 1, False);

INSERT INTO pokemon.pokemon_species (name, pokedex_index, is_baby, is_legendary, is_mythical, evolves_from)
VALUES ('golbat', 42, False, False, False, zubat);
INSERT INTO pokemon.form (name, is_default, fk_pokemon_species, height, weight, legacy_cry, latest_cry, artwork, shiny_artwork)
VALUES ('golbat', True, 55, 16, 550, https://raw.githubusercontent.com/PokeAPI/cries/main/cries/pokemon/legacy/42.ogg, https://raw.githubusercontent.com/PokeAPI/cries/main/cries/pokemon/latest/42.ogg, https://raw.githubusercontent.com/PokeAPI/sprites/master/sprites/pokemon/other/official-artwork/42.png, https://raw.githubusercontent.com/PokeAPI/sprites/master/sprites/pokemon/other/official-artwork/shiny/42.png);
INSERT INTO pokemon.base_stats (base_hp, base_attack, base_defense, base_special_attack, base_special_defense, base_speed, fk_generation, fk_form)
VALUES (75, 80, 70, 65, 75, 90, 1, 95);
INSERT INTO pokemon.form_has_type_per_generation (fk_form, fk_type, fk_generation, is_primary)
VALUES (95, 4, 1, True);
INSERT INTO pokemon.form_has_type_per_generation (fk_form, fk_type, fk_generation, is_primary)
VALUES (95, 3, 1, False);

INSERT INTO pokemon.pokemon_species (name, pokedex_index, is_baby, is_legendary, is_mythical, evolves_from)
VALUES ('gloom', 44, False, False, False, oddish);
INSERT INTO pokemon.form (name, is_default, fk_pokemon_species, height, weight, legacy_cry, latest_cry, artwork, shiny_artwork)
VALUES ('gloom', True, 56, 8, 86, https://raw.githubusercontent.com/PokeAPI/cries/main/cries/pokemon/legacy/44.ogg, https://raw.githubusercontent.com/PokeAPI/cries/main/cries/pokemon/latest/44.ogg, https://raw.githubusercontent.com/PokeAPI/sprites/master/sprites/pokemon/other/official-artwork/44.png, https://raw.githubusercontent.com/PokeAPI/sprites/master/sprites/pokemon/other/official-artwork/shiny/44.png);
INSERT INTO pokemon.base_stats (base_hp, base_attack, base_defense, base_special_attack, base_special_defense, base_speed, fk_generation, fk_form)
VALUES (60, 65, 70, 85, 75, 40, 1, 96);
INSERT INTO pokemon.form_has_type_per_generation (fk_form, fk_type, fk_generation, is_primary)
VALUES (96, 12, 1, True);
INSERT INTO pokemon.form_has_type_per_generation (fk_form, fk_type, fk_generation, is_primary)
VALUES (96, 4, 1, False);

INSERT INTO pokemon.pokemon_species (name, pokedex_index, is_baby, is_legendary, is_mythical, evolves_from)
VALUES ('vileplume', 45, False, False, False, gloom);
INSERT INTO pokemon.form (name, is_default, fk_pokemon_species, height, weight, legacy_cry, latest_cry, artwork, shiny_artwork)
VALUES ('vileplume', True, 57, 12, 186, https://raw.githubusercontent.com/PokeAPI/cries/main/cries/pokemon/legacy/45.ogg, https://raw.githubusercontent.com/PokeAPI/cries/main/cries/pokemon/latest/45.ogg, https://raw.githubusercontent.com/PokeAPI/sprites/master/sprites/pokemon/other/official-artwork/45.png, https://raw.githubusercontent.com/PokeAPI/sprites/master/sprites/pokemon/other/official-artwork/shiny/45.png);
INSERT INTO pokemon.base_stats (base_hp, base_attack, base_defense, base_special_attack, base_special_defense, base_speed, fk_generation, fk_form)
VALUES (75, 80, 85, 110, 90, 50, 1, 97);
INSERT INTO pokemon.form_has_type_per_generation (fk_form, fk_type, fk_generation, is_primary)
VALUES (97, 12, 1, True);
INSERT INTO pokemon.form_has_type_per_generation (fk_form, fk_type, fk_generation, is_primary)
VALUES (97, 4, 1, False);

INSERT INTO pokemon.pokemon_species (name, pokedex_index, is_baby, is_legendary, is_mythical, evolves_from)
VALUES ('parasect', 47, False, False, False, paras);
INSERT INTO pokemon.form (name, is_default, fk_pokemon_species, height, weight, legacy_cry, latest_cry, artwork, shiny_artwork)
VALUES ('parasect', True, 58, 10, 295, https://raw.githubusercontent.com/PokeAPI/cries/main/cries/pokemon/legacy/47.ogg, https://raw.githubusercontent.com/PokeAPI/cries/main/cries/pokemon/latest/47.ogg, https://raw.githubusercontent.com/PokeAPI/sprites/master/sprites/pokemon/other/official-artwork/47.png, https://raw.githubusercontent.com/PokeAPI/sprites/master/sprites/pokemon/other/official-artwork/shiny/47.png);
INSERT INTO pokemon.base_stats (base_hp, base_attack, base_defense, base_special_attack, base_special_defense, base_speed, fk_generation, fk_form)
VALUES (60, 95, 80, 60, 80, 30, 1, 98);
INSERT INTO pokemon.form_has_type_per_generation (fk_form, fk_type, fk_generation, is_primary)
VALUES (98, 7, 1, True);
INSERT INTO pokemon.form_has_type_per_generation (fk_form, fk_type, fk_generation, is_primary)
VALUES (98, 12, 1, False);

INSERT INTO pokemon.pokemon_species (name, pokedex_index, is_baby, is_legendary, is_mythical, evolves_from)
VALUES ('venomoth', 49, False, False, False, venonat);
INSERT INTO pokemon.form (name, is_default, fk_pokemon_species, height, weight, legacy_cry, latest_cry, artwork, shiny_artwork)
VALUES ('venomoth', True, 59, 15, 125, https://raw.githubusercontent.com/PokeAPI/cries/main/cries/pokemon/legacy/49.ogg, https://raw.githubusercontent.com/PokeAPI/cries/main/cries/pokemon/latest/49.ogg, https://raw.githubusercontent.com/PokeAPI/sprites/master/sprites/pokemon/other/official-artwork/49.png, https://raw.githubusercontent.com/PokeAPI/sprites/master/sprites/pokemon/other/official-artwork/shiny/49.png);
INSERT INTO pokemon.base_stats (base_hp, base_attack, base_defense, base_special_attack, base_special_defense, base_speed, fk_generation, fk_form)
VALUES (70, 65, 60, 90, 75, 90, 1, 99);
INSERT INTO pokemon.form_has_type_per_generation (fk_form, fk_type, fk_generation, is_primary)
VALUES (99, 7, 1, True);
INSERT INTO pokemon.form_has_type_per_generation (fk_form, fk_type, fk_generation, is_primary)
VALUES (99, 4, 1, False);

INSERT INTO pokemon.pokemon_species (name, pokedex_index, is_baby, is_legendary, is_mythical, evolves_from)
VALUES ('dugtrio', 51, False, False, False, diglett);
INSERT INTO pokemon.form (name, is_default, fk_pokemon_species, height, weight, legacy_cry, latest_cry, artwork, shiny_artwork)
VALUES ('dugtrio', True, 60, 7, 333, https://raw.githubusercontent.com/PokeAPI/cries/main/cries/pokemon/legacy/51.ogg, https://raw.githubusercontent.com/PokeAPI/cries/main/cries/pokemon/latest/51.ogg, https://raw.githubusercontent.com/PokeAPI/sprites/master/sprites/pokemon/other/official-artwork/51.png, https://raw.githubusercontent.com/PokeAPI/sprites/master/sprites/pokemon/other/official-artwork/shiny/51.png);
INSERT INTO pokemon.base_stats (base_hp, base_attack, base_defense, base_special_attack, base_special_defense, base_speed, fk_generation, fk_form)
VALUES (35, 100, 50, 50, 70, 120, 1, 100);
INSERT INTO pokemon.form_has_type_per_generation (fk_form, fk_type, fk_generation, is_primary)
VALUES (100, 5, 1, True);

INSERT INTO pokemon.form (name, is_default, fk_pokemon_species, height, weight, legacy_cry, latest_cry, artwork, shiny_artwork)
VALUES ('dugtrio-alola', False, 60, 7, 666, None, https://raw.githubusercontent.com/PokeAPI/cries/main/cries/pokemon/latest/10106.ogg, https://raw.githubusercontent.com/PokeAPI/sprites/master/sprites/pokemon/other/official-artwork/10106.png, https://raw.githubusercontent.com/PokeAPI/sprites/master/sprites/pokemon/other/official-artwork/shiny/10106.png);
INSERT INTO pokemon.base_stats (base_hp, base_attack, base_defense, base_special_attack, base_special_defense, base_speed, fk_generation, fk_form)
VALUES (35, 100, 60, 50, 70, 110, 7, 101);
INSERT INTO pokemon.form_has_type_per_generation (fk_form, fk_type, fk_generation, is_primary)
VALUES (101, 5, 7, True);
INSERT INTO pokemon.form_has_type_per_generation (fk_form, fk_type, fk_generation, is_primary)
VALUES (101, 9, 7, False);

INSERT INTO pokemon.pokemon_species (name, pokedex_index, is_baby, is_legendary, is_mythical, evolves_from)
VALUES ('persian', 53, False, False, False, meowth);
INSERT INTO pokemon.form (name, is_default, fk_pokemon_species, height, weight, legacy_cry, latest_cry, artwork, shiny_artwork)
VALUES ('persian', True, 61, 10, 320, https://raw.githubusercontent.com/PokeAPI/cries/main/cries/pokemon/legacy/53.ogg, https://raw.githubusercontent.com/PokeAPI/cries/main/cries/pokemon/latest/53.ogg, https://raw.githubusercontent.com/PokeAPI/sprites/master/sprites/pokemon/other/official-artwork/53.png, https://raw.githubusercontent.com/PokeAPI/sprites/master/sprites/pokemon/other/official-artwork/shiny/53.png);
INSERT INTO pokemon.base_stats (base_hp, base_attack, base_defense, base_special_attack, base_special_defense, base_speed, fk_generation, fk_form)
VALUES (65, 70, 60, 65, 65, 115, 1, 102);
INSERT INTO pokemon.form_has_type_per_generation (fk_form, fk_type, fk_generation, is_primary)
VALUES (102, 1, 1, True);

INSERT INTO pokemon.form (name, is_default, fk_pokemon_species, height, weight, legacy_cry, latest_cry, artwork, shiny_artwork)
VALUES ('persian-alola', False, 61, 11, 330, None, https://raw.githubusercontent.com/PokeAPI/cries/main/cries/pokemon/latest/10108.ogg, https://raw.githubusercontent.com/PokeAPI/sprites/master/sprites/pokemon/other/official-artwork/10108.png, https://raw.githubusercontent.com/PokeAPI/sprites/master/sprites/pokemon/other/official-artwork/shiny/10108.png);
INSERT INTO pokemon.base_stats (base_hp, base_attack, base_defense, base_special_attack, base_special_defense, base_speed, fk_generation, fk_form)
VALUES (65, 60, 60, 75, 65, 115, 7, 103);
INSERT INTO pokemon.form_has_type_per_generation (fk_form, fk_type, fk_generation, is_primary)
VALUES (103, 17, 7, True);

INSERT INTO pokemon.pokemon_species (name, pokedex_index, is_baby, is_legendary, is_mythical, evolves_from)
VALUES ('golduck', 55, False, False, False, psyduck);
INSERT INTO pokemon.form (name, is_default, fk_pokemon_species, height, weight, legacy_cry, latest_cry, artwork, shiny_artwork)
VALUES ('golduck', True, 62, 17, 766, https://raw.githubusercontent.com/PokeAPI/cries/main/cries/pokemon/legacy/55.ogg, https://raw.githubusercontent.com/PokeAPI/cries/main/cries/pokemon/latest/55.ogg, https://raw.githubusercontent.com/PokeAPI/sprites/master/sprites/pokemon/other/official-artwork/55.png, https://raw.githubusercontent.com/PokeAPI/sprites/master/sprites/pokemon/other/official-artwork/shiny/55.png);
INSERT INTO pokemon.base_stats (base_hp, base_attack, base_defense, base_special_attack, base_special_defense, base_speed, fk_generation, fk_form)
VALUES (80, 82, 78, 95, 80, 85, 1, 104);
INSERT INTO pokemon.form_has_type_per_generation (fk_form, fk_type, fk_generation, is_primary)
VALUES (104, 11, 1, True);

INSERT INTO pokemon.pokemon_species (name, pokedex_index, is_baby, is_legendary, is_mythical, evolves_from)
VALUES ('primeape', 57, False, False, False, mankey);
INSERT INTO pokemon.form (name, is_default, fk_pokemon_species, height, weight, legacy_cry, latest_cry, artwork, shiny_artwork)
VALUES ('primeape', True, 63, 10, 320, https://raw.githubusercontent.com/PokeAPI/cries/main/cries/pokemon/legacy/57.ogg, https://raw.githubusercontent.com/PokeAPI/cries/main/cries/pokemon/latest/57.ogg, https://raw.githubusercontent.com/PokeAPI/sprites/master/sprites/pokemon/other/official-artwork/57.png, https://raw.githubusercontent.com/PokeAPI/sprites/master/sprites/pokemon/other/official-artwork/shiny/57.png);
INSERT INTO pokemon.base_stats (base_hp, base_attack, base_defense, base_special_attack, base_special_defense, base_speed, fk_generation, fk_form)
VALUES (65, 105, 60, 60, 70, 95, 1, 105);
INSERT INTO pokemon.form_has_type_per_generation (fk_form, fk_type, fk_generation, is_primary)
VALUES (105, 2, 1, True);

INSERT INTO pokemon.pokemon_species (name, pokedex_index, is_baby, is_legendary, is_mythical, evolves_from)
VALUES ('arcanine', 59, False, False, False, growlithe);
INSERT INTO pokemon.form (name, is_default, fk_pokemon_species, height, weight, legacy_cry, latest_cry, artwork, shiny_artwork)
VALUES ('arcanine', True, 64, 19, 1550, https://raw.githubusercontent.com/PokeAPI/cries/main/cries/pokemon/legacy/59.ogg, https://raw.githubusercontent.com/PokeAPI/cries/main/cries/pokemon/latest/59.ogg, https://raw.githubusercontent.com/PokeAPI/sprites/master/sprites/pokemon/other/official-artwork/59.png, https://raw.githubusercontent.com/PokeAPI/sprites/master/sprites/pokemon/other/official-artwork/shiny/59.png);
INSERT INTO pokemon.base_stats (base_hp, base_attack, base_defense, base_special_attack, base_special_defense, base_speed, fk_generation, fk_form)
VALUES (90, 110, 80, 100, 80, 95, 1, 106);
INSERT INTO pokemon.form_has_type_per_generation (fk_form, fk_type, fk_generation, is_primary)
VALUES (106, 10, 1, True);

INSERT INTO pokemon.form (name, is_default, fk_pokemon_species, height, weight, legacy_cry, latest_cry, artwork, shiny_artwork)
VALUES ('arcanine-hisui', False, 64, 20, 1680, None, https://raw.githubusercontent.com/PokeAPI/cries/main/cries/pokemon/latest/10230.ogg, https://raw.githubusercontent.com/PokeAPI/sprites/master/sprites/pokemon/other/official-artwork/10230.png, https://raw.githubusercontent.com/PokeAPI/sprites/master/sprites/pokemon/other/official-artwork/shiny/10230.png);
INSERT INTO pokemon.base_stats (base_hp, base_attack, base_defense, base_special_attack, base_special_defense, base_speed, fk_generation, fk_form)
VALUES (95, 115, 80, 95, 80, 90, 8, 107);
INSERT INTO pokemon.form_has_type_per_generation (fk_form, fk_type, fk_generation, is_primary)
VALUES (107, 10, 8, True);
INSERT INTO pokemon.form_has_type_per_generation (fk_form, fk_type, fk_generation, is_primary)
VALUES (107, 6, 8, False);

INSERT INTO pokemon.pokemon_species (name, pokedex_index, is_baby, is_legendary, is_mythical, evolves_from)
VALUES ('poliwhirl', 61, False, False, False, poliwag);
INSERT INTO pokemon.form (name, is_default, fk_pokemon_species, height, weight, legacy_cry, latest_cry, artwork, shiny_artwork)
VALUES ('poliwhirl', True, 65, 10, 200, https://raw.githubusercontent.com/PokeAPI/cries/main/cries/pokemon/legacy/61.ogg, https://raw.githubusercontent.com/PokeAPI/cries/main/cries/pokemon/latest/61.ogg, https://raw.githubusercontent.com/PokeAPI/sprites/master/sprites/pokemon/other/official-artwork/61.png, https://raw.githubusercontent.com/PokeAPI/sprites/master/sprites/pokemon/other/official-artwork/shiny/61.png);
INSERT INTO pokemon.base_stats (base_hp, base_attack, base_defense, base_special_attack, base_special_defense, base_speed, fk_generation, fk_form)
VALUES (65, 65, 65, 50, 50, 90, 1, 108);
INSERT INTO pokemon.form_has_type_per_generation (fk_form, fk_type, fk_generation, is_primary)
VALUES (108, 11, 1, True);

INSERT INTO pokemon.pokemon_species (name, pokedex_index, is_baby, is_legendary, is_mythical, evolves_from)
VALUES ('poliwrath', 62, False, False, False, poliwhirl);
INSERT INTO pokemon.form (name, is_default, fk_pokemon_species, height, weight, legacy_cry, latest_cry, artwork, shiny_artwork)
VALUES ('poliwrath', True, 66, 13, 540, https://raw.githubusercontent.com/PokeAPI/cries/main/cries/pokemon/legacy/62.ogg, https://raw.githubusercontent.com/PokeAPI/cries/main/cries/pokemon/latest/62.ogg, https://raw.githubusercontent.com/PokeAPI/sprites/master/sprites/pokemon/other/official-artwork/62.png, https://raw.githubusercontent.com/PokeAPI/sprites/master/sprites/pokemon/other/official-artwork/shiny/62.png);
INSERT INTO pokemon.base_stats (base_hp, base_attack, base_defense, base_special_attack, base_special_defense, base_speed, fk_generation, fk_form)
VALUES (90, 95, 95, 70, 90, 70, 1, 109);
INSERT INTO pokemon.form_has_type_per_generation (fk_form, fk_type, fk_generation, is_primary)
VALUES (109, 11, 1, True);
INSERT INTO pokemon.form_has_type_per_generation (fk_form, fk_type, fk_generation, is_primary)
VALUES (109, 2, 1, False);

INSERT INTO pokemon.pokemon_species (name, pokedex_index, is_baby, is_legendary, is_mythical, evolves_from)
VALUES ('kadabra', 64, False, False, False, abra);
INSERT INTO pokemon.form (name, is_default, fk_pokemon_species, height, weight, legacy_cry, latest_cry, artwork, shiny_artwork)
VALUES ('kadabra', True, 67, 13, 565, https://raw.githubusercontent.com/PokeAPI/cries/main/cries/pokemon/legacy/64.ogg, https://raw.githubusercontent.com/PokeAPI/cries/main/cries/pokemon/latest/64.ogg, https://raw.githubusercontent.com/PokeAPI/sprites/master/sprites/pokemon/other/official-artwork/64.png, https://raw.githubusercontent.com/PokeAPI/sprites/master/sprites/pokemon/other/official-artwork/shiny/64.png);
INSERT INTO pokemon.base_stats (base_hp, base_attack, base_defense, base_special_attack, base_special_defense, base_speed, fk_generation, fk_form)
VALUES (40, 35, 30, 120, 70, 105, 1, 110);
INSERT INTO pokemon.form_has_type_per_generation (fk_form, fk_type, fk_generation, is_primary)
VALUES (110, 14, 1, True);

INSERT INTO pokemon.pokemon_species (name, pokedex_index, is_baby, is_legendary, is_mythical, evolves_from)
VALUES ('alakazam', 65, False, False, False, kadabra);
INSERT INTO pokemon.form (name, is_default, fk_pokemon_species, height, weight, legacy_cry, latest_cry, artwork, shiny_artwork)
VALUES ('alakazam', True, 68, 15, 480, https://raw.githubusercontent.com/PokeAPI/cries/main/cries/pokemon/legacy/65.ogg, https://raw.githubusercontent.com/PokeAPI/cries/main/cries/pokemon/latest/65.ogg, https://raw.githubusercontent.com/PokeAPI/sprites/master/sprites/pokemon/other/official-artwork/65.png, https://raw.githubusercontent.com/PokeAPI/sprites/master/sprites/pokemon/other/official-artwork/shiny/65.png);
INSERT INTO pokemon.base_stats (base_hp, base_attack, base_defense, base_special_attack, base_special_defense, base_speed, fk_generation, fk_form)
VALUES (55, 50, 45, 135, 95, 120, 1, 111);
INSERT INTO pokemon.form_has_type_per_generation (fk_form, fk_type, fk_generation, is_primary)
VALUES (111, 14, 1, True);

INSERT INTO pokemon.form (name, is_default, fk_pokemon_species, height, weight, legacy_cry, latest_cry, artwork, shiny_artwork)
VALUES ('alakazam-mega', False, 68, 12, 480, None, https://raw.githubusercontent.com/PokeAPI/cries/main/cries/pokemon/latest/10037.ogg, https://raw.githubusercontent.com/PokeAPI/sprites/master/sprites/pokemon/other/official-artwork/10037.png, https://raw.githubusercontent.com/PokeAPI/sprites/master/sprites/pokemon/other/official-artwork/shiny/10037.png);
INSERT INTO pokemon.base_stats (base_hp, base_attack, base_defense, base_special_attack, base_special_defense, base_speed, fk_generation, fk_form)
VALUES (55, 50, 65, 175, 105, 150, 6, 112);
INSERT INTO pokemon.form_has_type_per_generation (fk_form, fk_type, fk_generation, is_primary)
VALUES (112, 14, 6, True);

INSERT INTO pokemon.pokemon_species (name, pokedex_index, is_baby, is_legendary, is_mythical, evolves_from)
VALUES ('machoke', 67, False, False, False, machop);
INSERT INTO pokemon.form (name, is_default, fk_pokemon_species, height, weight, legacy_cry, latest_cry, artwork, shiny_artwork)
VALUES ('machoke', True, 69, 15, 705, https://raw.githubusercontent.com/PokeAPI/cries/main/cries/pokemon/legacy/67.ogg, https://raw.githubusercontent.com/PokeAPI/cries/main/cries/pokemon/latest/67.ogg, https://raw.githubusercontent.com/PokeAPI/sprites/master/sprites/pokemon/other/official-artwork/67.png, https://raw.githubusercontent.com/PokeAPI/sprites/master/sprites/pokemon/other/official-artwork/shiny/67.png);
INSERT INTO pokemon.base_stats (base_hp, base_attack, base_defense, base_special_attack, base_special_defense, base_speed, fk_generation, fk_form)
VALUES (80, 100, 70, 50, 60, 45, 1, 113);
INSERT INTO pokemon.form_has_type_per_generation (fk_form, fk_type, fk_generation, is_primary)
VALUES (113, 2, 1, True);

INSERT INTO pokemon.pokemon_species (name, pokedex_index, is_baby, is_legendary, is_mythical, evolves_from)
VALUES ('machamp', 68, False, False, False, machoke);
INSERT INTO pokemon.form (name, is_default, fk_pokemon_species, height, weight, legacy_cry, latest_cry, artwork, shiny_artwork)
VALUES ('machamp', True, 70, 16, 1300, https://raw.githubusercontent.com/PokeAPI/cries/main/cries/pokemon/legacy/68.ogg, https://raw.githubusercontent.com/PokeAPI/cries/main/cries/pokemon/latest/68.ogg, https://raw.githubusercontent.com/PokeAPI/sprites/master/sprites/pokemon/other/official-artwork/68.png, https://raw.githubusercontent.com/PokeAPI/sprites/master/sprites/pokemon/other/official-artwork/shiny/68.png);
INSERT INTO pokemon.base_stats (base_hp, base_attack, base_defense, base_special_attack, base_special_defense, base_speed, fk_generation, fk_form)
VALUES (90, 130, 80, 65, 85, 55, 1, 114);
INSERT INTO pokemon.form_has_type_per_generation (fk_form, fk_type, fk_generation, is_primary)
VALUES (114, 2, 1, True);

INSERT INTO pokemon.form (name, is_default, fk_pokemon_species, height, weight, legacy_cry, latest_cry, artwork, shiny_artwork)
VALUES ('machamp-gmax', False, 70, 250, 10000, None, https://raw.githubusercontent.com/PokeAPI/cries/main/cries/pokemon/latest/10201.ogg, https://raw.githubusercontent.com/PokeAPI/sprites/master/sprites/pokemon/other/official-artwork/10201.png, https://raw.githubusercontent.com/PokeAPI/sprites/master/sprites/pokemon/other/official-artwork/shiny/10201.png);
INSERT INTO pokemon.base_stats (base_hp, base_attack, base_defense, base_special_attack, base_special_defense, base_speed, fk_generation, fk_form)
VALUES (90, 130, 80, 65, 85, 55, 8, 115);
INSERT INTO pokemon.form_has_type_per_generation (fk_form, fk_type, fk_generation, is_primary)
VALUES (115, 2, 8, True);

INSERT INTO pokemon.pokemon_species (name, pokedex_index, is_baby, is_legendary, is_mythical, evolves_from)
VALUES ('weepinbell', 70, False, False, False, bellsprout);
INSERT INTO pokemon.form (name, is_default, fk_pokemon_species, height, weight, legacy_cry, latest_cry, artwork, shiny_artwork)
VALUES ('weepinbell', True, 71, 10, 64, https://raw.githubusercontent.com/PokeAPI/cries/main/cries/pokemon/legacy/70.ogg, https://raw.githubusercontent.com/PokeAPI/cries/main/cries/pokemon/latest/70.ogg, https://raw.githubusercontent.com/PokeAPI/sprites/master/sprites/pokemon/other/official-artwork/70.png, https://raw.githubusercontent.com/PokeAPI/sprites/master/sprites/pokemon/other/official-artwork/shiny/70.png);
INSERT INTO pokemon.base_stats (base_hp, base_attack, base_defense, base_special_attack, base_special_defense, base_speed, fk_generation, fk_form)
VALUES (65, 90, 50, 85, 45, 55, 1, 116);
INSERT INTO pokemon.form_has_type_per_generation (fk_form, fk_type, fk_generation, is_primary)
VALUES (116, 12, 1, True);
INSERT INTO pokemon.form_has_type_per_generation (fk_form, fk_type, fk_generation, is_primary)
VALUES (116, 4, 1, False);

INSERT INTO pokemon.pokemon_species (name, pokedex_index, is_baby, is_legendary, is_mythical, evolves_from)
VALUES ('victreebel', 71, False, False, False, weepinbell);
INSERT INTO pokemon.form (name, is_default, fk_pokemon_species, height, weight, legacy_cry, latest_cry, artwork, shiny_artwork)
VALUES ('victreebel', True, 72, 17, 155, https://raw.githubusercontent.com/PokeAPI/cries/main/cries/pokemon/legacy/71.ogg, https://raw.githubusercontent.com/PokeAPI/cries/main/cries/pokemon/latest/71.ogg, https://raw.githubusercontent.com/PokeAPI/sprites/master/sprites/pokemon/other/official-artwork/71.png, https://raw.githubusercontent.com/PokeAPI/sprites/master/sprites/pokemon/other/official-artwork/shiny/71.png);
INSERT INTO pokemon.base_stats (base_hp, base_attack, base_defense, base_special_attack, base_special_defense, base_speed, fk_generation, fk_form)
VALUES (80, 105, 65, 100, 70, 70, 1, 117);
INSERT INTO pokemon.form_has_type_per_generation (fk_form, fk_type, fk_generation, is_primary)
VALUES (117, 12, 1, True);
INSERT INTO pokemon.form_has_type_per_generation (fk_form, fk_type, fk_generation, is_primary)
VALUES (117, 4, 1, False);

INSERT INTO pokemon.pokemon_species (name, pokedex_index, is_baby, is_legendary, is_mythical, evolves_from)
VALUES ('tentacruel', 73, False, False, False, tentacool);
INSERT INTO pokemon.form (name, is_default, fk_pokemon_species, height, weight, legacy_cry, latest_cry, artwork, shiny_artwork)
VALUES ('tentacruel', True, 73, 16, 550, https://raw.githubusercontent.com/PokeAPI/cries/main/cries/pokemon/legacy/73.ogg, https://raw.githubusercontent.com/PokeAPI/cries/main/cries/pokemon/latest/73.ogg, https://raw.githubusercontent.com/PokeAPI/sprites/master/sprites/pokemon/other/official-artwork/73.png, https://raw.githubusercontent.com/PokeAPI/sprites/master/sprites/pokemon/other/official-artwork/shiny/73.png);
INSERT INTO pokemon.base_stats (base_hp, base_attack, base_defense, base_special_attack, base_special_defense, base_speed, fk_generation, fk_form)
VALUES (80, 70, 65, 80, 120, 100, 1, 118);
INSERT INTO pokemon.form_has_type_per_generation (fk_form, fk_type, fk_generation, is_primary)
VALUES (118, 11, 1, True);
INSERT INTO pokemon.form_has_type_per_generation (fk_form, fk_type, fk_generation, is_primary)
VALUES (118, 4, 1, False);

INSERT INTO pokemon.pokemon_species (name, pokedex_index, is_baby, is_legendary, is_mythical, evolves_from)
VALUES ('graveler', 75, False, False, False, geodude);
INSERT INTO pokemon.form (name, is_default, fk_pokemon_species, height, weight, legacy_cry, latest_cry, artwork, shiny_artwork)
VALUES ('graveler', True, 74, 10, 1050, https://raw.githubusercontent.com/PokeAPI/cries/main/cries/pokemon/legacy/75.ogg, https://raw.githubusercontent.com/PokeAPI/cries/main/cries/pokemon/latest/75.ogg, https://raw.githubusercontent.com/PokeAPI/sprites/master/sprites/pokemon/other/official-artwork/75.png, https://raw.githubusercontent.com/PokeAPI/sprites/master/sprites/pokemon/other/official-artwork/shiny/75.png);
INSERT INTO pokemon.base_stats (base_hp, base_attack, base_defense, base_special_attack, base_special_defense, base_speed, fk_generation, fk_form)
VALUES (55, 95, 115, 45, 45, 35, 1, 119);
INSERT INTO pokemon.form_has_type_per_generation (fk_form, fk_type, fk_generation, is_primary)
VALUES (119, 6, 1, True);
INSERT INTO pokemon.form_has_type_per_generation (fk_form, fk_type, fk_generation, is_primary)
VALUES (119, 5, 1, False);

INSERT INTO pokemon.form (name, is_default, fk_pokemon_species, height, weight, legacy_cry, latest_cry, artwork, shiny_artwork)
VALUES ('graveler-alola', False, 74, 10, 1100, None, https://raw.githubusercontent.com/PokeAPI/cries/main/cries/pokemon/latest/10110.ogg, https://raw.githubusercontent.com/PokeAPI/sprites/master/sprites/pokemon/other/official-artwork/10110.png, https://raw.githubusercontent.com/PokeAPI/sprites/master/sprites/pokemon/other/official-artwork/shiny/10110.png);
INSERT INTO pokemon.base_stats (base_hp, base_attack, base_defense, base_special_attack, base_special_defense, base_speed, fk_generation, fk_form)
VALUES (55, 95, 115, 45, 45, 35, 7, 120);
INSERT INTO pokemon.form_has_type_per_generation (fk_form, fk_type, fk_generation, is_primary)
VALUES (120, 6, 7, True);
INSERT INTO pokemon.form_has_type_per_generation (fk_form, fk_type, fk_generation, is_primary)
VALUES (120, 13, 7, False);

INSERT INTO pokemon.pokemon_species (name, pokedex_index, is_baby, is_legendary, is_mythical, evolves_from)
VALUES ('ponyta', 77, False, False, False, None);
INSERT INTO pokemon.form (name, is_default, fk_pokemon_species, height, weight, legacy_cry, latest_cry, artwork, shiny_artwork)
VALUES ('ponyta', True, 75, 10, 300, https://raw.githubusercontent.com/PokeAPI/cries/main/cries/pokemon/legacy/77.ogg, https://raw.githubusercontent.com/PokeAPI/cries/main/cries/pokemon/latest/77.ogg, https://raw.githubusercontent.com/PokeAPI/sprites/master/sprites/pokemon/other/official-artwork/77.png, https://raw.githubusercontent.com/PokeAPI/sprites/master/sprites/pokemon/other/official-artwork/shiny/77.png);
INSERT INTO pokemon.base_stats (base_hp, base_attack, base_defense, base_special_attack, base_special_defense, base_speed, fk_generation, fk_form)
VALUES (50, 85, 55, 65, 65, 90, 1, 121);
INSERT INTO pokemon.form_has_type_per_generation (fk_form, fk_type, fk_generation, is_primary)
VALUES (121, 10, 1, True);

INSERT INTO pokemon.form (name, is_default, fk_pokemon_species, height, weight, legacy_cry, latest_cry, artwork, shiny_artwork)
VALUES ('ponyta-galar', False, 75, 8, 240, None, https://raw.githubusercontent.com/PokeAPI/cries/main/cries/pokemon/latest/10162.ogg, https://raw.githubusercontent.com/PokeAPI/sprites/master/sprites/pokemon/other/official-artwork/10162.png, https://raw.githubusercontent.com/PokeAPI/sprites/master/sprites/pokemon/other/official-artwork/shiny/10162.png);
INSERT INTO pokemon.base_stats (base_hp, base_attack, base_defense, base_special_attack, base_special_defense, base_speed, fk_generation, fk_form)
VALUES (50, 85, 55, 65, 65, 90, 8, 122);
INSERT INTO pokemon.form_has_type_per_generation (fk_form, fk_type, fk_generation, is_primary)
VALUES (122, 14, 8, True);

INSERT INTO pokemon.pokemon_species (name, pokedex_index, is_baby, is_legendary, is_mythical, evolves_from)
VALUES ('slowpoke', 79, False, False, False, None);
INSERT INTO pokemon.form (name, is_default, fk_pokemon_species, height, weight, legacy_cry, latest_cry, artwork, shiny_artwork)
VALUES ('slowpoke', True, 76, 12, 360, https://raw.githubusercontent.com/PokeAPI/cries/main/cries/pokemon/legacy/79.ogg, https://raw.githubusercontent.com/PokeAPI/cries/main/cries/pokemon/latest/79.ogg, https://raw.githubusercontent.com/PokeAPI/sprites/master/sprites/pokemon/other/official-artwork/79.png, https://raw.githubusercontent.com/PokeAPI/sprites/master/sprites/pokemon/other/official-artwork/shiny/79.png);
INSERT INTO pokemon.base_stats (base_hp, base_attack, base_defense, base_special_attack, base_special_defense, base_speed, fk_generation, fk_form)
VALUES (90, 65, 65, 40, 40, 15, 1, 123);
INSERT INTO pokemon.form_has_type_per_generation (fk_form, fk_type, fk_generation, is_primary)
VALUES (123, 11, 1, True);
INSERT INTO pokemon.form_has_type_per_generation (fk_form, fk_type, fk_generation, is_primary)
VALUES (123, 14, 1, False);

INSERT INTO pokemon.form (name, is_default, fk_pokemon_species, height, weight, legacy_cry, latest_cry, artwork, shiny_artwork)
VALUES ('slowpoke-galar', False, 76, 12, 360, None, https://raw.githubusercontent.com/PokeAPI/cries/main/cries/pokemon/latest/10164.ogg, https://raw.githubusercontent.com/PokeAPI/sprites/master/sprites/pokemon/other/official-artwork/10164.png, https://raw.githubusercontent.com/PokeAPI/sprites/master/sprites/pokemon/other/official-artwork/shiny/10164.png);
INSERT INTO pokemon.base_stats (base_hp, base_attack, base_defense, base_special_attack, base_special_defense, base_speed, fk_generation, fk_form)
VALUES (90, 65, 65, 40, 40, 15, 8, 124);
INSERT INTO pokemon.form_has_type_per_generation (fk_form, fk_type, fk_generation, is_primary)
VALUES (124, 14, 8, True);

INSERT INTO pokemon.pokemon_species (name, pokedex_index, is_baby, is_legendary, is_mythical, evolves_from)
VALUES ('magnemite', 81, False, False, False, None);
INSERT INTO pokemon.form (name, is_default, fk_pokemon_species, height, weight, legacy_cry, latest_cry, artwork, shiny_artwork)
VALUES ('magnemite', True, 77, 3, 60, https://raw.githubusercontent.com/PokeAPI/cries/main/cries/pokemon/legacy/81.ogg, https://raw.githubusercontent.com/PokeAPI/cries/main/cries/pokemon/latest/81.ogg, https://raw.githubusercontent.com/PokeAPI/sprites/master/sprites/pokemon/other/official-artwork/81.png, https://raw.githubusercontent.com/PokeAPI/sprites/master/sprites/pokemon/other/official-artwork/shiny/81.png);
INSERT INTO pokemon.base_stats (base_hp, base_attack, base_defense, base_special_attack, base_special_defense, base_speed, fk_generation, fk_form)
VALUES (25, 35, 70, 95, 55, 45, 1, 125);
INSERT INTO pokemon.form_has_type_per_generation (fk_form, fk_type, fk_generation, is_primary)
VALUES (125, 13, 1, True);
INSERT INTO pokemon.form_has_type_per_generation (fk_form, fk_type, fk_generation, is_primary)
VALUES (125, 9, 1, False);

INSERT INTO pokemon.pokemon_species (name, pokedex_index, is_baby, is_legendary, is_mythical, evolves_from)
VALUES ('farfetchd', 83, False, False, False, None);
INSERT INTO pokemon.form (name, is_default, fk_pokemon_species, height, weight, legacy_cry, latest_cry, artwork, shiny_artwork)
VALUES ('farfetchd', True, 78, 8, 150, https://raw.githubusercontent.com/PokeAPI/cries/main/cries/pokemon/legacy/83.ogg, https://raw.githubusercontent.com/PokeAPI/cries/main/cries/pokemon/latest/83.ogg, https://raw.githubusercontent.com/PokeAPI/sprites/master/sprites/pokemon/other/official-artwork/83.png, https://raw.githubusercontent.com/PokeAPI/sprites/master/sprites/pokemon/other/official-artwork/shiny/83.png);
INSERT INTO pokemon.base_stats (base_hp, base_attack, base_defense, base_special_attack, base_special_defense, base_speed, fk_generation, fk_form)
VALUES (52, 90, 55, 58, 62, 60, 1, 126);
INSERT INTO pokemon.form_has_type_per_generation (fk_form, fk_type, fk_generation, is_primary)
VALUES (126, 1, 1, True);
INSERT INTO pokemon.form_has_type_per_generation (fk_form, fk_type, fk_generation, is_primary)
VALUES (126, 3, 1, False);

INSERT INTO pokemon.form (name, is_default, fk_pokemon_species, height, weight, legacy_cry, latest_cry, artwork, shiny_artwork)
VALUES ('farfetchd-galar', False, 78, 8, 420, None, https://raw.githubusercontent.com/PokeAPI/cries/main/cries/pokemon/latest/10166.ogg, https://raw.githubusercontent.com/PokeAPI/sprites/master/sprites/pokemon/other/official-artwork/10166.png, https://raw.githubusercontent.com/PokeAPI/sprites/master/sprites/pokemon/other/official-artwork/shiny/10166.png);
INSERT INTO pokemon.base_stats (base_hp, base_attack, base_defense, base_special_attack, base_special_defense, base_speed, fk_generation, fk_form)
VALUES (52, 95, 55, 58, 62, 55, 8, 127);
INSERT INTO pokemon.form_has_type_per_generation (fk_form, fk_type, fk_generation, is_primary)
VALUES (127, 2, 8, True);

INSERT INTO pokemon.pokemon_species (name, pokedex_index, is_baby, is_legendary, is_mythical, evolves_from)
VALUES ('doduo', 84, False, False, False, None);
INSERT INTO pokemon.form (name, is_default, fk_pokemon_species, height, weight, legacy_cry, latest_cry, artwork, shiny_artwork)
VALUES ('doduo', True, 79, 14, 392, https://raw.githubusercontent.com/PokeAPI/cries/main/cries/pokemon/legacy/84.ogg, https://raw.githubusercontent.com/PokeAPI/cries/main/cries/pokemon/latest/84.ogg, https://raw.githubusercontent.com/PokeAPI/sprites/master/sprites/pokemon/other/official-artwork/84.png, https://raw.githubusercontent.com/PokeAPI/sprites/master/sprites/pokemon/other/official-artwork/shiny/84.png);
INSERT INTO pokemon.base_stats (base_hp, base_attack, base_defense, base_special_attack, base_special_defense, base_speed, fk_generation, fk_form)
VALUES (35, 85, 45, 35, 35, 75, 1, 128);
INSERT INTO pokemon.form_has_type_per_generation (fk_form, fk_type, fk_generation, is_primary)
VALUES (128, 1, 1, True);
INSERT INTO pokemon.form_has_type_per_generation (fk_form, fk_type, fk_generation, is_primary)
VALUES (128, 3, 1, False);

INSERT INTO pokemon.pokemon_species (name, pokedex_index, is_baby, is_legendary, is_mythical, evolves_from)
VALUES ('seel', 86, False, False, False, None);
INSERT INTO pokemon.form (name, is_default, fk_pokemon_species, height, weight, legacy_cry, latest_cry, artwork, shiny_artwork)
VALUES ('seel', True, 80, 11, 900, https://raw.githubusercontent.com/PokeAPI/cries/main/cries/pokemon/legacy/86.ogg, https://raw.githubusercontent.com/PokeAPI/cries/main/cries/pokemon/latest/86.ogg, https://raw.githubusercontent.com/PokeAPI/sprites/master/sprites/pokemon/other/official-artwork/86.png, https://raw.githubusercontent.com/PokeAPI/sprites/master/sprites/pokemon/other/official-artwork/shiny/86.png);
INSERT INTO pokemon.base_stats (base_hp, base_attack, base_defense, base_special_attack, base_special_defense, base_speed, fk_generation, fk_form)
VALUES (65, 45, 55, 45, 70, 45, 1, 129);
INSERT INTO pokemon.form_has_type_per_generation (fk_form, fk_type, fk_generation, is_primary)
VALUES (129, 11, 1, True);

INSERT INTO pokemon.pokemon_species (name, pokedex_index, is_baby, is_legendary, is_mythical, evolves_from)
VALUES ('grimer', 88, False, False, False, None);
INSERT INTO pokemon.form (name, is_default, fk_pokemon_species, height, weight, legacy_cry, latest_cry, artwork, shiny_artwork)
VALUES ('grimer', True, 81, 9, 300, https://raw.githubusercontent.com/PokeAPI/cries/main/cries/pokemon/legacy/88.ogg, https://raw.githubusercontent.com/PokeAPI/cries/main/cries/pokemon/latest/88.ogg, https://raw.githubusercontent.com/PokeAPI/sprites/master/sprites/pokemon/other/official-artwork/88.png, https://raw.githubusercontent.com/PokeAPI/sprites/master/sprites/pokemon/other/official-artwork/shiny/88.png);
INSERT INTO pokemon.base_stats (base_hp, base_attack, base_defense, base_special_attack, base_special_defense, base_speed, fk_generation, fk_form)
VALUES (80, 80, 50, 40, 50, 25, 1, 130);
INSERT INTO pokemon.form_has_type_per_generation (fk_form, fk_type, fk_generation, is_primary)
VALUES (130, 4, 1, True);

INSERT INTO pokemon.form (name, is_default, fk_pokemon_species, height, weight, legacy_cry, latest_cry, artwork, shiny_artwork)
VALUES ('grimer-alola', False, 81, 7, 420, None, https://raw.githubusercontent.com/PokeAPI/cries/main/cries/pokemon/latest/10112.ogg, https://raw.githubusercontent.com/PokeAPI/sprites/master/sprites/pokemon/other/official-artwork/10112.png, https://raw.githubusercontent.com/PokeAPI/sprites/master/sprites/pokemon/other/official-artwork/shiny/10112.png);
INSERT INTO pokemon.base_stats (base_hp, base_attack, base_defense, base_special_attack, base_special_defense, base_speed, fk_generation, fk_form)
VALUES (80, 80, 50, 40, 50, 25, 7, 131);
INSERT INTO pokemon.form_has_type_per_generation (fk_form, fk_type, fk_generation, is_primary)
VALUES (131, 4, 7, True);
INSERT INTO pokemon.form_has_type_per_generation (fk_form, fk_type, fk_generation, is_primary)
VALUES (131, 17, 7, False);

INSERT INTO pokemon.pokemon_species (name, pokedex_index, is_baby, is_legendary, is_mythical, evolves_from)
VALUES ('shellder', 90, False, False, False, None);
INSERT INTO pokemon.form (name, is_default, fk_pokemon_species, height, weight, legacy_cry, latest_cry, artwork, shiny_artwork)
VALUES ('shellder', True, 82, 3, 40, https://raw.githubusercontent.com/PokeAPI/cries/main/cries/pokemon/legacy/90.ogg, https://raw.githubusercontent.com/PokeAPI/cries/main/cries/pokemon/latest/90.ogg, https://raw.githubusercontent.com/PokeAPI/sprites/master/sprites/pokemon/other/official-artwork/90.png, https://raw.githubusercontent.com/PokeAPI/sprites/master/sprites/pokemon/other/official-artwork/shiny/90.png);
INSERT INTO pokemon.base_stats (base_hp, base_attack, base_defense, base_special_attack, base_special_defense, base_speed, fk_generation, fk_form)
VALUES (30, 65, 100, 45, 25, 40, 1, 132);
INSERT INTO pokemon.form_has_type_per_generation (fk_form, fk_type, fk_generation, is_primary)
VALUES (132, 11, 1, True);

INSERT INTO pokemon.pokemon_species (name, pokedex_index, is_baby, is_legendary, is_mythical, evolves_from)
VALUES ('gastly', 92, False, False, False, None);
INSERT INTO pokemon.form (name, is_default, fk_pokemon_species, height, weight, legacy_cry, latest_cry, artwork, shiny_artwork)
VALUES ('gastly', True, 83, 13, 1, https://raw.githubusercontent.com/PokeAPI/cries/main/cries/pokemon/legacy/92.ogg, https://raw.githubusercontent.com/PokeAPI/cries/main/cries/pokemon/latest/92.ogg, https://raw.githubusercontent.com/PokeAPI/sprites/master/sprites/pokemon/other/official-artwork/92.png, https://raw.githubusercontent.com/PokeAPI/sprites/master/sprites/pokemon/other/official-artwork/shiny/92.png);
INSERT INTO pokemon.base_stats (base_hp, base_attack, base_defense, base_special_attack, base_special_defense, base_speed, fk_generation, fk_form)
VALUES (30, 35, 30, 100, 35, 80, 1, 133);
INSERT INTO pokemon.form_has_type_per_generation (fk_form, fk_type, fk_generation, is_primary)
VALUES (133, 8, 1, True);
INSERT INTO pokemon.form_has_type_per_generation (fk_form, fk_type, fk_generation, is_primary)
VALUES (133, 4, 1, False);

INSERT INTO pokemon.pokemon_species (name, pokedex_index, is_baby, is_legendary, is_mythical, evolves_from)
VALUES ('onix', 95, False, False, False, None);
INSERT INTO pokemon.form (name, is_default, fk_pokemon_species, height, weight, legacy_cry, latest_cry, artwork, shiny_artwork)
VALUES ('onix', True, 84, 88, 2100, https://raw.githubusercontent.com/PokeAPI/cries/main/cries/pokemon/legacy/95.ogg, https://raw.githubusercontent.com/PokeAPI/cries/main/cries/pokemon/latest/95.ogg, https://raw.githubusercontent.com/PokeAPI/sprites/master/sprites/pokemon/other/official-artwork/95.png, https://raw.githubusercontent.com/PokeAPI/sprites/master/sprites/pokemon/other/official-artwork/shiny/95.png);
INSERT INTO pokemon.base_stats (base_hp, base_attack, base_defense, base_special_attack, base_special_defense, base_speed, fk_generation, fk_form)
VALUES (35, 45, 160, 30, 45, 70, 1, 134);
INSERT INTO pokemon.form_has_type_per_generation (fk_form, fk_type, fk_generation, is_primary)
VALUES (134, 6, 1, True);
INSERT INTO pokemon.form_has_type_per_generation (fk_form, fk_type, fk_generation, is_primary)
VALUES (134, 5, 1, False);

INSERT INTO pokemon.pokemon_species (name, pokedex_index, is_baby, is_legendary, is_mythical, evolves_from)
VALUES ('drowzee', 96, False, False, False, None);
INSERT INTO pokemon.form (name, is_default, fk_pokemon_species, height, weight, legacy_cry, latest_cry, artwork, shiny_artwork)
VALUES ('drowzee', True, 85, 10, 324, https://raw.githubusercontent.com/PokeAPI/cries/main/cries/pokemon/legacy/96.ogg, https://raw.githubusercontent.com/PokeAPI/cries/main/cries/pokemon/latest/96.ogg, https://raw.githubusercontent.com/PokeAPI/sprites/master/sprites/pokemon/other/official-artwork/96.png, https://raw.githubusercontent.com/PokeAPI/sprites/master/sprites/pokemon/other/official-artwork/shiny/96.png);
INSERT INTO pokemon.base_stats (base_hp, base_attack, base_defense, base_special_attack, base_special_defense, base_speed, fk_generation, fk_form)
VALUES (60, 48, 45, 43, 90, 42, 1, 135);
INSERT INTO pokemon.form_has_type_per_generation (fk_form, fk_type, fk_generation, is_primary)
VALUES (135, 14, 1, True);

INSERT INTO pokemon.pokemon_species (name, pokedex_index, is_baby, is_legendary, is_mythical, evolves_from)
VALUES ('krabby', 98, False, False, False, None);
INSERT INTO pokemon.form (name, is_default, fk_pokemon_species, height, weight, legacy_cry, latest_cry, artwork, shiny_artwork)
VALUES ('krabby', True, 86, 4, 65, https://raw.githubusercontent.com/PokeAPI/cries/main/cries/pokemon/legacy/98.ogg, https://raw.githubusercontent.com/PokeAPI/cries/main/cries/pokemon/latest/98.ogg, https://raw.githubusercontent.com/PokeAPI/sprites/master/sprites/pokemon/other/official-artwork/98.png, https://raw.githubusercontent.com/PokeAPI/sprites/master/sprites/pokemon/other/official-artwork/shiny/98.png);
INSERT INTO pokemon.base_stats (base_hp, base_attack, base_defense, base_special_attack, base_special_defense, base_speed, fk_generation, fk_form)
VALUES (30, 105, 90, 25, 25, 50, 1, 136);
INSERT INTO pokemon.form_has_type_per_generation (fk_form, fk_type, fk_generation, is_primary)
VALUES (136, 11, 1, True);

INSERT INTO pokemon.pokemon_species (name, pokedex_index, is_baby, is_legendary, is_mythical, evolves_from)
VALUES ('voltorb', 100, False, False, False, None);
INSERT INTO pokemon.form (name, is_default, fk_pokemon_species, height, weight, legacy_cry, latest_cry, artwork, shiny_artwork)
VALUES ('voltorb', True, 87, 5, 104, https://raw.githubusercontent.com/PokeAPI/cries/main/cries/pokemon/legacy/100.ogg, https://raw.githubusercontent.com/PokeAPI/cries/main/cries/pokemon/latest/100.ogg, https://raw.githubusercontent.com/PokeAPI/sprites/master/sprites/pokemon/other/official-artwork/100.png, https://raw.githubusercontent.com/PokeAPI/sprites/master/sprites/pokemon/other/official-artwork/shiny/100.png);
INSERT INTO pokemon.base_stats (base_hp, base_attack, base_defense, base_special_attack, base_special_defense, base_speed, fk_generation, fk_form)
VALUES (40, 30, 50, 55, 55, 100, 1, 137);
INSERT INTO pokemon.form_has_type_per_generation (fk_form, fk_type, fk_generation, is_primary)
VALUES (137, 13, 1, True);

INSERT INTO pokemon.form (name, is_default, fk_pokemon_species, height, weight, legacy_cry, latest_cry, artwork, shiny_artwork)
VALUES ('voltorb-hisui', False, 87, 5, 130, None, https://raw.githubusercontent.com/PokeAPI/cries/main/cries/pokemon/latest/10231.ogg, https://raw.githubusercontent.com/PokeAPI/sprites/master/sprites/pokemon/other/official-artwork/10231.png, https://raw.githubusercontent.com/PokeAPI/sprites/master/sprites/pokemon/other/official-artwork/shiny/10231.png);
INSERT INTO pokemon.base_stats (base_hp, base_attack, base_defense, base_special_attack, base_special_defense, base_speed, fk_generation, fk_form)
VALUES (40, 30, 50, 55, 55, 100, 8, 138);
INSERT INTO pokemon.form_has_type_per_generation (fk_form, fk_type, fk_generation, is_primary)
VALUES (138, 13, 8, True);
INSERT INTO pokemon.form_has_type_per_generation (fk_form, fk_type, fk_generation, is_primary)
VALUES (138, 12, 8, False);

INSERT INTO pokemon.pokemon_species (name, pokedex_index, is_baby, is_legendary, is_mythical, evolves_from)
VALUES ('exeggcute', 102, False, False, False, None);
INSERT INTO pokemon.form (name, is_default, fk_pokemon_species, height, weight, legacy_cry, latest_cry, artwork, shiny_artwork)
VALUES ('exeggcute', True, 88, 4, 25, https://raw.githubusercontent.com/PokeAPI/cries/main/cries/pokemon/legacy/102.ogg, https://raw.githubusercontent.com/PokeAPI/cries/main/cries/pokemon/latest/102.ogg, https://raw.githubusercontent.com/PokeAPI/sprites/master/sprites/pokemon/other/official-artwork/102.png, https://raw.githubusercontent.com/PokeAPI/sprites/master/sprites/pokemon/other/official-artwork/shiny/102.png);
INSERT INTO pokemon.base_stats (base_hp, base_attack, base_defense, base_special_attack, base_special_defense, base_speed, fk_generation, fk_form)
VALUES (60, 40, 80, 60, 45, 40, 1, 139);
INSERT INTO pokemon.form_has_type_per_generation (fk_form, fk_type, fk_generation, is_primary)
VALUES (139, 12, 1, True);
INSERT INTO pokemon.form_has_type_per_generation (fk_form, fk_type, fk_generation, is_primary)
VALUES (139, 14, 1, False);

INSERT INTO pokemon.pokemon_species (name, pokedex_index, is_baby, is_legendary, is_mythical, evolves_from)
VALUES ('cubone', 104, False, False, False, None);
INSERT INTO pokemon.form (name, is_default, fk_pokemon_species, height, weight, legacy_cry, latest_cry, artwork, shiny_artwork)
VALUES ('cubone', True, 89, 4, 65, https://raw.githubusercontent.com/PokeAPI/cries/main/cries/pokemon/legacy/104.ogg, https://raw.githubusercontent.com/PokeAPI/cries/main/cries/pokemon/latest/104.ogg, https://raw.githubusercontent.com/PokeAPI/sprites/master/sprites/pokemon/other/official-artwork/104.png, https://raw.githubusercontent.com/PokeAPI/sprites/master/sprites/pokemon/other/official-artwork/shiny/104.png);
INSERT INTO pokemon.base_stats (base_hp, base_attack, base_defense, base_special_attack, base_special_defense, base_speed, fk_generation, fk_form)
VALUES (50, 50, 95, 40, 50, 35, 1, 140);
INSERT INTO pokemon.form_has_type_per_generation (fk_form, fk_type, fk_generation, is_primary)
VALUES (140, 5, 1, True);

INSERT INTO pokemon.pokemon_species (name, pokedex_index, is_baby, is_legendary, is_mythical, evolves_from)
VALUES ('lickitung', 108, False, False, False, None);
INSERT INTO pokemon.form (name, is_default, fk_pokemon_species, height, weight, legacy_cry, latest_cry, artwork, shiny_artwork)
VALUES ('lickitung', True, 90, 12, 655, https://raw.githubusercontent.com/PokeAPI/cries/main/cries/pokemon/legacy/108.ogg, https://raw.githubusercontent.com/PokeAPI/cries/main/cries/pokemon/latest/108.ogg, https://raw.githubusercontent.com/PokeAPI/sprites/master/sprites/pokemon/other/official-artwork/108.png, https://raw.githubusercontent.com/PokeAPI/sprites/master/sprites/pokemon/other/official-artwork/shiny/108.png);
INSERT INTO pokemon.base_stats (base_hp, base_attack, base_defense, base_special_attack, base_special_defense, base_speed, fk_generation, fk_form)
VALUES (90, 55, 75, 60, 75, 30, 1, 141);
INSERT INTO pokemon.form_has_type_per_generation (fk_form, fk_type, fk_generation, is_primary)
VALUES (141, 1, 1, True);

INSERT INTO pokemon.pokemon_species (name, pokedex_index, is_baby, is_legendary, is_mythical, evolves_from)
VALUES ('koffing', 109, False, False, False, None);
INSERT INTO pokemon.form (name, is_default, fk_pokemon_species, height, weight, legacy_cry, latest_cry, artwork, shiny_artwork)
VALUES ('koffing', True, 91, 6, 10, https://raw.githubusercontent.com/PokeAPI/cries/main/cries/pokemon/legacy/109.ogg, https://raw.githubusercontent.com/PokeAPI/cries/main/cries/pokemon/latest/109.ogg, https://raw.githubusercontent.com/PokeAPI/sprites/master/sprites/pokemon/other/official-artwork/109.png, https://raw.githubusercontent.com/PokeAPI/sprites/master/sprites/pokemon/other/official-artwork/shiny/109.png);
INSERT INTO pokemon.base_stats (base_hp, base_attack, base_defense, base_special_attack, base_special_defense, base_speed, fk_generation, fk_form)
VALUES (40, 65, 95, 60, 45, 35, 1, 142);
INSERT INTO pokemon.form_has_type_per_generation (fk_form, fk_type, fk_generation, is_primary)
VALUES (142, 4, 1, True);

INSERT INTO pokemon.pokemon_species (name, pokedex_index, is_baby, is_legendary, is_mythical, evolves_from)
VALUES ('rhyhorn', 111, False, False, False, None);
INSERT INTO pokemon.form (name, is_default, fk_pokemon_species, height, weight, legacy_cry, latest_cry, artwork, shiny_artwork)
VALUES ('rhyhorn', True, 92, 10, 1150, https://raw.githubusercontent.com/PokeAPI/cries/main/cries/pokemon/legacy/111.ogg, https://raw.githubusercontent.com/PokeAPI/cries/main/cries/pokemon/latest/111.ogg, https://raw.githubusercontent.com/PokeAPI/sprites/master/sprites/pokemon/other/official-artwork/111.png, https://raw.githubusercontent.com/PokeAPI/sprites/master/sprites/pokemon/other/official-artwork/shiny/111.png);
INSERT INTO pokemon.base_stats (base_hp, base_attack, base_defense, base_special_attack, base_special_defense, base_speed, fk_generation, fk_form)
VALUES (80, 85, 95, 30, 30, 25, 1, 143);
INSERT INTO pokemon.form_has_type_per_generation (fk_form, fk_type, fk_generation, is_primary)
VALUES (143, 5, 1, True);
INSERT INTO pokemon.form_has_type_per_generation (fk_form, fk_type, fk_generation, is_primary)
VALUES (143, 6, 1, False);

INSERT INTO pokemon.pokemon_species (name, pokedex_index, is_baby, is_legendary, is_mythical, evolves_from)
VALUES ('tangela', 114, False, False, False, None);
INSERT INTO pokemon.form (name, is_default, fk_pokemon_species, height, weight, legacy_cry, latest_cry, artwork, shiny_artwork)
VALUES ('tangela', True, 93, 10, 350, https://raw.githubusercontent.com/PokeAPI/cries/main/cries/pokemon/legacy/114.ogg, https://raw.githubusercontent.com/PokeAPI/cries/main/cries/pokemon/latest/114.ogg, https://raw.githubusercontent.com/PokeAPI/sprites/master/sprites/pokemon/other/official-artwork/114.png, https://raw.githubusercontent.com/PokeAPI/sprites/master/sprites/pokemon/other/official-artwork/shiny/114.png);
INSERT INTO pokemon.base_stats (base_hp, base_attack, base_defense, base_special_attack, base_special_defense, base_speed, fk_generation, fk_form)
VALUES (65, 55, 115, 100, 40, 60, 1, 144);
INSERT INTO pokemon.form_has_type_per_generation (fk_form, fk_type, fk_generation, is_primary)
VALUES (144, 12, 1, True);

INSERT INTO pokemon.pokemon_species (name, pokedex_index, is_baby, is_legendary, is_mythical, evolves_from)
VALUES ('kangaskhan', 115, False, False, False, None);
INSERT INTO pokemon.form (name, is_default, fk_pokemon_species, height, weight, legacy_cry, latest_cry, artwork, shiny_artwork)
VALUES ('kangaskhan', True, 94, 22, 800, https://raw.githubusercontent.com/PokeAPI/cries/main/cries/pokemon/legacy/115.ogg, https://raw.githubusercontent.com/PokeAPI/cries/main/cries/pokemon/latest/115.ogg, https://raw.githubusercontent.com/PokeAPI/sprites/master/sprites/pokemon/other/official-artwork/115.png, https://raw.githubusercontent.com/PokeAPI/sprites/master/sprites/pokemon/other/official-artwork/shiny/115.png);
INSERT INTO pokemon.base_stats (base_hp, base_attack, base_defense, base_special_attack, base_special_defense, base_speed, fk_generation, fk_form)
VALUES (105, 95, 80, 40, 80, 90, 1, 145);
INSERT INTO pokemon.form_has_type_per_generation (fk_form, fk_type, fk_generation, is_primary)
VALUES (145, 1, 1, True);

INSERT INTO pokemon.form (name, is_default, fk_pokemon_species, height, weight, legacy_cry, latest_cry, artwork, shiny_artwork)
VALUES ('kangaskhan-mega', False, 94, 22, 1000, None, https://raw.githubusercontent.com/PokeAPI/cries/main/cries/pokemon/latest/10039.ogg, https://raw.githubusercontent.com/PokeAPI/sprites/master/sprites/pokemon/other/official-artwork/10039.png, https://raw.githubusercontent.com/PokeAPI/sprites/master/sprites/pokemon/other/official-artwork/shiny/10039.png);
INSERT INTO pokemon.base_stats (base_hp, base_attack, base_defense, base_special_attack, base_special_defense, base_speed, fk_generation, fk_form)
VALUES (105, 125, 100, 60, 100, 100, 6, 146);
INSERT INTO pokemon.form_has_type_per_generation (fk_form, fk_type, fk_generation, is_primary)
VALUES (146, 1, 6, True);

INSERT INTO pokemon.pokemon_species (name, pokedex_index, is_baby, is_legendary, is_mythical, evolves_from)
VALUES ('horsea', 116, False, False, False, None);
INSERT INTO pokemon.form (name, is_default, fk_pokemon_species, height, weight, legacy_cry, latest_cry, artwork, shiny_artwork)
VALUES ('horsea', True, 95, 4, 80, https://raw.githubusercontent.com/PokeAPI/cries/main/cries/pokemon/legacy/116.ogg, https://raw.githubusercontent.com/PokeAPI/cries/main/cries/pokemon/latest/116.ogg, https://raw.githubusercontent.com/PokeAPI/sprites/master/sprites/pokemon/other/official-artwork/116.png, https://raw.githubusercontent.com/PokeAPI/sprites/master/sprites/pokemon/other/official-artwork/shiny/116.png);
INSERT INTO pokemon.base_stats (base_hp, base_attack, base_defense, base_special_attack, base_special_defense, base_speed, fk_generation, fk_form)
VALUES (30, 40, 70, 70, 25, 60, 1, 147);
INSERT INTO pokemon.form_has_type_per_generation (fk_form, fk_type, fk_generation, is_primary)
VALUES (147, 11, 1, True);

INSERT INTO pokemon.pokemon_species (name, pokedex_index, is_baby, is_legendary, is_mythical, evolves_from)
VALUES ('goldeen', 118, False, False, False, None);
INSERT INTO pokemon.form (name, is_default, fk_pokemon_species, height, weight, legacy_cry, latest_cry, artwork, shiny_artwork)
VALUES ('goldeen', True, 96, 6, 150, https://raw.githubusercontent.com/PokeAPI/cries/main/cries/pokemon/legacy/118.ogg, https://raw.githubusercontent.com/PokeAPI/cries/main/cries/pokemon/latest/118.ogg, https://raw.githubusercontent.com/PokeAPI/sprites/master/sprites/pokemon/other/official-artwork/118.png, https://raw.githubusercontent.com/PokeAPI/sprites/master/sprites/pokemon/other/official-artwork/shiny/118.png);
INSERT INTO pokemon.base_stats (base_hp, base_attack, base_defense, base_special_attack, base_special_defense, base_speed, fk_generation, fk_form)
VALUES (45, 67, 60, 35, 50, 63, 1, 148);
INSERT INTO pokemon.form_has_type_per_generation (fk_form, fk_type, fk_generation, is_primary)
VALUES (148, 11, 1, True);

INSERT INTO pokemon.pokemon_species (name, pokedex_index, is_baby, is_legendary, is_mythical, evolves_from)
VALUES ('staryu', 120, False, False, False, None);
INSERT INTO pokemon.form (name, is_default, fk_pokemon_species, height, weight, legacy_cry, latest_cry, artwork, shiny_artwork)
VALUES ('staryu', True, 97, 8, 345, https://raw.githubusercontent.com/PokeAPI/cries/main/cries/pokemon/legacy/120.ogg, https://raw.githubusercontent.com/PokeAPI/cries/main/cries/pokemon/latest/120.ogg, https://raw.githubusercontent.com/PokeAPI/sprites/master/sprites/pokemon/other/official-artwork/120.png, https://raw.githubusercontent.com/PokeAPI/sprites/master/sprites/pokemon/other/official-artwork/shiny/120.png);
INSERT INTO pokemon.base_stats (base_hp, base_attack, base_defense, base_special_attack, base_special_defense, base_speed, fk_generation, fk_form)
VALUES (30, 45, 55, 70, 55, 85, 1, 149);
INSERT INTO pokemon.form_has_type_per_generation (fk_form, fk_type, fk_generation, is_primary)
VALUES (149, 11, 1, True);

INSERT INTO pokemon.pokemon_species (name, pokedex_index, is_baby, is_legendary, is_mythical, evolves_from)
VALUES ('scyther', 123, False, False, False, None);
INSERT INTO pokemon.form (name, is_default, fk_pokemon_species, height, weight, legacy_cry, latest_cry, artwork, shiny_artwork)
VALUES ('scyther', True, 98, 15, 560, https://raw.githubusercontent.com/PokeAPI/cries/main/cries/pokemon/legacy/123.ogg, https://raw.githubusercontent.com/PokeAPI/cries/main/cries/pokemon/latest/123.ogg, https://raw.githubusercontent.com/PokeAPI/sprites/master/sprites/pokemon/other/official-artwork/123.png, https://raw.githubusercontent.com/PokeAPI/sprites/master/sprites/pokemon/other/official-artwork/shiny/123.png);
INSERT INTO pokemon.base_stats (base_hp, base_attack, base_defense, base_special_attack, base_special_defense, base_speed, fk_generation, fk_form)
VALUES (70, 110, 80, 55, 80, 105, 1, 150);
INSERT INTO pokemon.form_has_type_per_generation (fk_form, fk_type, fk_generation, is_primary)
VALUES (150, 7, 1, True);
INSERT INTO pokemon.form_has_type_per_generation (fk_form, fk_type, fk_generation, is_primary)
VALUES (150, 3, 1, False);

INSERT INTO pokemon.pokemon_species (name, pokedex_index, is_baby, is_legendary, is_mythical, evolves_from)
VALUES ('pinsir', 127, False, False, False, None);
INSERT INTO pokemon.form (name, is_default, fk_pokemon_species, height, weight, legacy_cry, latest_cry, artwork, shiny_artwork)
VALUES ('pinsir', True, 99, 15, 550, https://raw.githubusercontent.com/PokeAPI/cries/main/cries/pokemon/legacy/127.ogg, https://raw.githubusercontent.com/PokeAPI/cries/main/cries/pokemon/latest/127.ogg, https://raw.githubusercontent.com/PokeAPI/sprites/master/sprites/pokemon/other/official-artwork/127.png, https://raw.githubusercontent.com/PokeAPI/sprites/master/sprites/pokemon/other/official-artwork/shiny/127.png);
INSERT INTO pokemon.base_stats (base_hp, base_attack, base_defense, base_special_attack, base_special_defense, base_speed, fk_generation, fk_form)
VALUES (65, 125, 100, 55, 70, 85, 1, 151);
INSERT INTO pokemon.form_has_type_per_generation (fk_form, fk_type, fk_generation, is_primary)
VALUES (151, 7, 1, True);

INSERT INTO pokemon.form (name, is_default, fk_pokemon_species, height, weight, legacy_cry, latest_cry, artwork, shiny_artwork)
VALUES ('pinsir-mega', False, 99, 17, 590, None, https://raw.githubusercontent.com/PokeAPI/cries/main/cries/pokemon/latest/10040.ogg, https://raw.githubusercontent.com/PokeAPI/sprites/master/sprites/pokemon/other/official-artwork/10040.png, https://raw.githubusercontent.com/PokeAPI/sprites/master/sprites/pokemon/other/official-artwork/shiny/10040.png);
INSERT INTO pokemon.base_stats (base_hp, base_attack, base_defense, base_special_attack, base_special_defense, base_speed, fk_generation, fk_form)
VALUES (65, 155, 120, 65, 90, 105, 6, 152);
INSERT INTO pokemon.form_has_type_per_generation (fk_form, fk_type, fk_generation, is_primary)
VALUES (152, 7, 6, True);
INSERT INTO pokemon.form_has_type_per_generation (fk_form, fk_type, fk_generation, is_primary)
VALUES (152, 3, 6, False);

INSERT INTO pokemon.pokemon_species (name, pokedex_index, is_baby, is_legendary, is_mythical, evolves_from)
VALUES ('tauros', 128, False, False, False, None);
INSERT INTO pokemon.form (name, is_default, fk_pokemon_species, height, weight, legacy_cry, latest_cry, artwork, shiny_artwork)
VALUES ('tauros', True, 100, 14, 884, https://raw.githubusercontent.com/PokeAPI/cries/main/cries/pokemon/legacy/128.ogg, https://raw.githubusercontent.com/PokeAPI/cries/main/cries/pokemon/latest/128.ogg, https://raw.githubusercontent.com/PokeAPI/sprites/master/sprites/pokemon/other/official-artwork/128.png, https://raw.githubusercontent.com/PokeAPI/sprites/master/sprites/pokemon/other/official-artwork/shiny/128.png);
INSERT INTO pokemon.base_stats (base_hp, base_attack, base_defense, base_special_attack, base_special_defense, base_speed, fk_generation, fk_form)
VALUES (75, 100, 95, 40, 70, 110, 1, 153);
INSERT INTO pokemon.form_has_type_per_generation (fk_form, fk_type, fk_generation, is_primary)
VALUES (153, 1, 1, True);

INSERT INTO pokemon.form (name, is_default, fk_pokemon_species, height, weight, legacy_cry, latest_cry, artwork, shiny_artwork)
VALUES ('tauros-paldea-combat-breed', False, 100, 14, 1150, None, https://raw.githubusercontent.com/PokeAPI/cries/main/cries/pokemon/latest/10250.ogg, https://raw.githubusercontent.com/PokeAPI/sprites/master/sprites/pokemon/other/official-artwork/10250.png, https://raw.githubusercontent.com/PokeAPI/sprites/master/sprites/pokemon/other/official-artwork/shiny/10250.png);
INSERT INTO pokemon.base_stats (base_hp, base_attack, base_defense, base_special_attack, base_special_defense, base_speed, fk_generation, fk_form)
VALUES (75, 110, 105, 30, 70, 100, 9, 154);
INSERT INTO pokemon.form_has_type_per_generation (fk_form, fk_type, fk_generation, is_primary)
VALUES (154, 2, 9, True);

INSERT INTO pokemon.form (name, is_default, fk_pokemon_species, height, weight, legacy_cry, latest_cry, artwork, shiny_artwork)
VALUES ('tauros-paldea-blaze-breed', False, 100, 14, 850, None, https://raw.githubusercontent.com/PokeAPI/cries/main/cries/pokemon/latest/10251.ogg, https://raw.githubusercontent.com/PokeAPI/sprites/master/sprites/pokemon/other/official-artwork/10251.png, https://raw.githubusercontent.com/PokeAPI/sprites/master/sprites/pokemon/other/official-artwork/shiny/10251.png);
INSERT INTO pokemon.base_stats (base_hp, base_attack, base_defense, base_special_attack, base_special_defense, base_speed, fk_generation, fk_form)
VALUES (75, 110, 105, 30, 70, 100, 9, 155);
INSERT INTO pokemon.form_has_type_per_generation (fk_form, fk_type, fk_generation, is_primary)
VALUES (155, 2, 9, True);
INSERT INTO pokemon.form_has_type_per_generation (fk_form, fk_type, fk_generation, is_primary)
VALUES (155, 10, 9, False);

INSERT INTO pokemon.form (name, is_default, fk_pokemon_species, height, weight, legacy_cry, latest_cry, artwork, shiny_artwork)
VALUES ('tauros-paldea-aqua-breed', False, 100, 14, 1100, None, https://raw.githubusercontent.com/PokeAPI/cries/main/cries/pokemon/latest/10252.ogg, https://raw.githubusercontent.com/PokeAPI/sprites/master/sprites/pokemon/other/official-artwork/10252.png, https://raw.githubusercontent.com/PokeAPI/sprites/master/sprites/pokemon/other/official-artwork/shiny/10252.png);
INSERT INTO pokemon.base_stats (base_hp, base_attack, base_defense, base_special_attack, base_special_defense, base_speed, fk_generation, fk_form)
VALUES (75, 110, 105, 30, 70, 100, 9, 156);
INSERT INTO pokemon.form_has_type_per_generation (fk_form, fk_type, fk_generation, is_primary)
VALUES (156, 2, 9, True);
INSERT INTO pokemon.form_has_type_per_generation (fk_form, fk_type, fk_generation, is_primary)
VALUES (156, 11, 9, False);

INSERT INTO pokemon.pokemon_species (name, pokedex_index, is_baby, is_legendary, is_mythical, evolves_from)
VALUES ('magikarp', 129, False, False, False, None);
INSERT INTO pokemon.form (name, is_default, fk_pokemon_species, height, weight, legacy_cry, latest_cry, artwork, shiny_artwork)
VALUES ('magikarp', True, 101, 9, 100, https://raw.githubusercontent.com/PokeAPI/cries/main/cries/pokemon/legacy/129.ogg, https://raw.githubusercontent.com/PokeAPI/cries/main/cries/pokemon/latest/129.ogg, https://raw.githubusercontent.com/PokeAPI/sprites/master/sprites/pokemon/other/official-artwork/129.png, https://raw.githubusercontent.com/PokeAPI/sprites/master/sprites/pokemon/other/official-artwork/shiny/129.png);
INSERT INTO pokemon.base_stats (base_hp, base_attack, base_defense, base_special_attack, base_special_defense, base_speed, fk_generation, fk_form)
VALUES (20, 10, 55, 15, 20, 80, 1, 157);
INSERT INTO pokemon.form_has_type_per_generation (fk_form, fk_type, fk_generation, is_primary)
VALUES (157, 11, 1, True);

INSERT INTO pokemon.pokemon_species (name, pokedex_index, is_baby, is_legendary, is_mythical, evolves_from)
VALUES ('lapras', 131, False, False, False, None);
INSERT INTO pokemon.form (name, is_default, fk_pokemon_species, height, weight, legacy_cry, latest_cry, artwork, shiny_artwork)
VALUES ('lapras', True, 102, 25, 2200, https://raw.githubusercontent.com/PokeAPI/cries/main/cries/pokemon/legacy/131.ogg, https://raw.githubusercontent.com/PokeAPI/cries/main/cries/pokemon/latest/131.ogg, https://raw.githubusercontent.com/PokeAPI/sprites/master/sprites/pokemon/other/official-artwork/131.png, https://raw.githubusercontent.com/PokeAPI/sprites/master/sprites/pokemon/other/official-artwork/shiny/131.png);
INSERT INTO pokemon.base_stats (base_hp, base_attack, base_defense, base_special_attack, base_special_defense, base_speed, fk_generation, fk_form)
VALUES (130, 85, 80, 85, 95, 60, 1, 158);
INSERT INTO pokemon.form_has_type_per_generation (fk_form, fk_type, fk_generation, is_primary)
VALUES (158, 11, 1, True);
INSERT INTO pokemon.form_has_type_per_generation (fk_form, fk_type, fk_generation, is_primary)
VALUES (158, 15, 1, False);

INSERT INTO pokemon.form (name, is_default, fk_pokemon_species, height, weight, legacy_cry, latest_cry, artwork, shiny_artwork)
VALUES ('lapras-gmax', False, 102, 240, 10000, None, https://raw.githubusercontent.com/PokeAPI/cries/main/cries/pokemon/latest/10204.ogg, https://raw.githubusercontent.com/PokeAPI/sprites/master/sprites/pokemon/other/official-artwork/10204.png, https://raw.githubusercontent.com/PokeAPI/sprites/master/sprites/pokemon/other/official-artwork/shiny/10204.png);
INSERT INTO pokemon.base_stats (base_hp, base_attack, base_defense, base_special_attack, base_special_defense, base_speed, fk_generation, fk_form)
VALUES (130, 85, 80, 85, 95, 60, 8, 159);
INSERT INTO pokemon.form_has_type_per_generation (fk_form, fk_type, fk_generation, is_primary)
VALUES (159, 11, 8, True);
INSERT INTO pokemon.form_has_type_per_generation (fk_form, fk_type, fk_generation, is_primary)
VALUES (159, 15, 8, False);

INSERT INTO pokemon.pokemon_species (name, pokedex_index, is_baby, is_legendary, is_mythical, evolves_from)
VALUES ('ditto', 132, False, False, False, None);
INSERT INTO pokemon.form (name, is_default, fk_pokemon_species, height, weight, legacy_cry, latest_cry, artwork, shiny_artwork)
VALUES ('ditto', True, 103, 3, 40, https://raw.githubusercontent.com/PokeAPI/cries/main/cries/pokemon/legacy/132.ogg, https://raw.githubusercontent.com/PokeAPI/cries/main/cries/pokemon/latest/132.ogg, https://raw.githubusercontent.com/PokeAPI/sprites/master/sprites/pokemon/other/official-artwork/132.png, https://raw.githubusercontent.com/PokeAPI/sprites/master/sprites/pokemon/other/official-artwork/shiny/132.png);
INSERT INTO pokemon.base_stats (base_hp, base_attack, base_defense, base_special_attack, base_special_defense, base_speed, fk_generation, fk_form)
VALUES (48, 48, 48, 48, 48, 48, 1, 160);
INSERT INTO pokemon.form_has_type_per_generation (fk_form, fk_type, fk_generation, is_primary)
VALUES (160, 1, 1, True);

INSERT INTO pokemon.pokemon_species (name, pokedex_index, is_baby, is_legendary, is_mythical, evolves_from)
VALUES ('eevee', 133, False, False, False, None);
INSERT INTO pokemon.form (name, is_default, fk_pokemon_species, height, weight, legacy_cry, latest_cry, artwork, shiny_artwork)
VALUES ('eevee', True, 104, 3, 65, https://raw.githubusercontent.com/PokeAPI/cries/main/cries/pokemon/legacy/133.ogg, https://raw.githubusercontent.com/PokeAPI/cries/main/cries/pokemon/latest/133.ogg, https://raw.githubusercontent.com/PokeAPI/sprites/master/sprites/pokemon/other/official-artwork/133.png, https://raw.githubusercontent.com/PokeAPI/sprites/master/sprites/pokemon/other/official-artwork/shiny/133.png);
INSERT INTO pokemon.base_stats (base_hp, base_attack, base_defense, base_special_attack, base_special_defense, base_speed, fk_generation, fk_form)
VALUES (55, 55, 50, 45, 65, 55, 1, 161);
INSERT INTO pokemon.form_has_type_per_generation (fk_form, fk_type, fk_generation, is_primary)
VALUES (161, 1, 1, True);

INSERT INTO pokemon.form (name, is_default, fk_pokemon_species, height, weight, legacy_cry, latest_cry, artwork, shiny_artwork)
VALUES ('eevee-starter', False, 104, 3, 65, None, https://raw.githubusercontent.com/PokeAPI/cries/main/cries/pokemon/latest/10159.ogg, https://raw.githubusercontent.com/PokeAPI/sprites/master/sprites/pokemon/other/official-artwork/10159.png, None);
INSERT INTO pokemon.base_stats (base_hp, base_attack, base_defense, base_special_attack, base_special_defense, base_speed, fk_generation, fk_form)
VALUES (65, 75, 70, 65, 85, 75, 1, 162);
INSERT INTO pokemon.form_has_type_per_generation (fk_form, fk_type, fk_generation, is_primary)
VALUES (162, 1, 1, True);

INSERT INTO pokemon.form (name, is_default, fk_pokemon_species, height, weight, legacy_cry, latest_cry, artwork, shiny_artwork)
VALUES ('eevee-gmax', False, 104, 180, 10000, None, https://raw.githubusercontent.com/PokeAPI/cries/main/cries/pokemon/latest/10205.ogg, https://raw.githubusercontent.com/PokeAPI/sprites/master/sprites/pokemon/other/official-artwork/10205.png, https://raw.githubusercontent.com/PokeAPI/sprites/master/sprites/pokemon/other/official-artwork/shiny/10205.png);
INSERT INTO pokemon.base_stats (base_hp, base_attack, base_defense, base_special_attack, base_special_defense, base_speed, fk_generation, fk_form)
VALUES (55, 55, 50, 45, 65, 55, 8, 163);
INSERT INTO pokemon.form_has_type_per_generation (fk_form, fk_type, fk_generation, is_primary)
VALUES (163, 1, 8, True);

INSERT INTO pokemon.pokemon_species (name, pokedex_index, is_baby, is_legendary, is_mythical, evolves_from)
VALUES ('porygon', 137, False, False, False, None);
INSERT INTO pokemon.form (name, is_default, fk_pokemon_species, height, weight, legacy_cry, latest_cry, artwork, shiny_artwork)
VALUES ('porygon', True, 105, 8, 365, https://raw.githubusercontent.com/PokeAPI/cries/main/cries/pokemon/legacy/137.ogg, https://raw.githubusercontent.com/PokeAPI/cries/main/cries/pokemon/latest/137.ogg, https://raw.githubusercontent.com/PokeAPI/sprites/master/sprites/pokemon/other/official-artwork/137.png, https://raw.githubusercontent.com/PokeAPI/sprites/master/sprites/pokemon/other/official-artwork/shiny/137.png);
INSERT INTO pokemon.base_stats (base_hp, base_attack, base_defense, base_special_attack, base_special_defense, base_speed, fk_generation, fk_form)
VALUES (65, 60, 70, 85, 75, 40, 1, 164);
INSERT INTO pokemon.form_has_type_per_generation (fk_form, fk_type, fk_generation, is_primary)
VALUES (164, 1, 1, True);

INSERT INTO pokemon.pokemon_species (name, pokedex_index, is_baby, is_legendary, is_mythical, evolves_from)
VALUES ('omanyte', 138, False, False, False, None);
INSERT INTO pokemon.form (name, is_default, fk_pokemon_species, height, weight, legacy_cry, latest_cry, artwork, shiny_artwork)
VALUES ('omanyte', True, 106, 4, 75, https://raw.githubusercontent.com/PokeAPI/cries/main/cries/pokemon/legacy/138.ogg, https://raw.githubusercontent.com/PokeAPI/cries/main/cries/pokemon/latest/138.ogg, https://raw.githubusercontent.com/PokeAPI/sprites/master/sprites/pokemon/other/official-artwork/138.png, https://raw.githubusercontent.com/PokeAPI/sprites/master/sprites/pokemon/other/official-artwork/shiny/138.png);
INSERT INTO pokemon.base_stats (base_hp, base_attack, base_defense, base_special_attack, base_special_defense, base_speed, fk_generation, fk_form)
VALUES (35, 40, 100, 90, 55, 35, 1, 165);
INSERT INTO pokemon.form_has_type_per_generation (fk_form, fk_type, fk_generation, is_primary)
VALUES (165, 6, 1, True);
INSERT INTO pokemon.form_has_type_per_generation (fk_form, fk_type, fk_generation, is_primary)
VALUES (165, 11, 1, False);

INSERT INTO pokemon.pokemon_species (name, pokedex_index, is_baby, is_legendary, is_mythical, evolves_from)
VALUES ('kabuto', 140, False, False, False, None);
INSERT INTO pokemon.form (name, is_default, fk_pokemon_species, height, weight, legacy_cry, latest_cry, artwork, shiny_artwork)
VALUES ('kabuto', True, 107, 5, 115, https://raw.githubusercontent.com/PokeAPI/cries/main/cries/pokemon/legacy/140.ogg, https://raw.githubusercontent.com/PokeAPI/cries/main/cries/pokemon/latest/140.ogg, https://raw.githubusercontent.com/PokeAPI/sprites/master/sprites/pokemon/other/official-artwork/140.png, https://raw.githubusercontent.com/PokeAPI/sprites/master/sprites/pokemon/other/official-artwork/shiny/140.png);
INSERT INTO pokemon.base_stats (base_hp, base_attack, base_defense, base_special_attack, base_special_defense, base_speed, fk_generation, fk_form)
VALUES (30, 80, 90, 55, 45, 55, 1, 166);
INSERT INTO pokemon.form_has_type_per_generation (fk_form, fk_type, fk_generation, is_primary)
VALUES (166, 6, 1, True);
INSERT INTO pokemon.form_has_type_per_generation (fk_form, fk_type, fk_generation, is_primary)
VALUES (166, 11, 1, False);

INSERT INTO pokemon.pokemon_species (name, pokedex_index, is_baby, is_legendary, is_mythical, evolves_from)
VALUES ('aerodactyl', 142, False, False, False, None);
INSERT INTO pokemon.form (name, is_default, fk_pokemon_species, height, weight, legacy_cry, latest_cry, artwork, shiny_artwork)
VALUES ('aerodactyl', True, 108, 18, 590, https://raw.githubusercontent.com/PokeAPI/cries/main/cries/pokemon/legacy/142.ogg, https://raw.githubusercontent.com/PokeAPI/cries/main/cries/pokemon/latest/142.ogg, https://raw.githubusercontent.com/PokeAPI/sprites/master/sprites/pokemon/other/official-artwork/142.png, https://raw.githubusercontent.com/PokeAPI/sprites/master/sprites/pokemon/other/official-artwork/shiny/142.png);
INSERT INTO pokemon.base_stats (base_hp, base_attack, base_defense, base_special_attack, base_special_defense, base_speed, fk_generation, fk_form)
VALUES (80, 105, 65, 60, 75, 130, 1, 167);
INSERT INTO pokemon.form_has_type_per_generation (fk_form, fk_type, fk_generation, is_primary)
VALUES (167, 6, 1, True);
INSERT INTO pokemon.form_has_type_per_generation (fk_form, fk_type, fk_generation, is_primary)
VALUES (167, 3, 1, False);

INSERT INTO pokemon.form (name, is_default, fk_pokemon_species, height, weight, legacy_cry, latest_cry, artwork, shiny_artwork)
VALUES ('aerodactyl-mega', False, 108, 21, 790, None, https://raw.githubusercontent.com/PokeAPI/cries/main/cries/pokemon/latest/10042.ogg, https://raw.githubusercontent.com/PokeAPI/sprites/master/sprites/pokemon/other/official-artwork/10042.png, https://raw.githubusercontent.com/PokeAPI/sprites/master/sprites/pokemon/other/official-artwork/shiny/10042.png);
INSERT INTO pokemon.base_stats (base_hp, base_attack, base_defense, base_special_attack, base_special_defense, base_speed, fk_generation, fk_form)
VALUES (80, 135, 85, 70, 95, 150, 6, 168);
INSERT INTO pokemon.form_has_type_per_generation (fk_form, fk_type, fk_generation, is_primary)
VALUES (168, 6, 6, True);
INSERT INTO pokemon.form_has_type_per_generation (fk_form, fk_type, fk_generation, is_primary)
VALUES (168, 3, 6, False);

INSERT INTO pokemon.pokemon_species (name, pokedex_index, is_baby, is_legendary, is_mythical, evolves_from)
VALUES ('articuno', 144, False, True, False, None);
INSERT INTO pokemon.form (name, is_default, fk_pokemon_species, height, weight, legacy_cry, latest_cry, artwork, shiny_artwork)
VALUES ('articuno', True, 109, 17, 554, https://raw.githubusercontent.com/PokeAPI/cries/main/cries/pokemon/legacy/144.ogg, https://raw.githubusercontent.com/PokeAPI/cries/main/cries/pokemon/latest/144.ogg, https://raw.githubusercontent.com/PokeAPI/sprites/master/sprites/pokemon/other/official-artwork/144.png, https://raw.githubusercontent.com/PokeAPI/sprites/master/sprites/pokemon/other/official-artwork/shiny/144.png);
INSERT INTO pokemon.base_stats (base_hp, base_attack, base_defense, base_special_attack, base_special_defense, base_speed, fk_generation, fk_form)
VALUES (90, 85, 100, 95, 125, 85, 1, 169);
INSERT INTO pokemon.form_has_type_per_generation (fk_form, fk_type, fk_generation, is_primary)
VALUES (169, 15, 1, True);
INSERT INTO pokemon.form_has_type_per_generation (fk_form, fk_type, fk_generation, is_primary)
VALUES (169, 3, 1, False);

INSERT INTO pokemon.form (name, is_default, fk_pokemon_species, height, weight, legacy_cry, latest_cry, artwork, shiny_artwork)
VALUES ('articuno-galar', False, 109, 17, 509, None, https://raw.githubusercontent.com/PokeAPI/cries/main/cries/pokemon/latest/10169.ogg, https://raw.githubusercontent.com/PokeAPI/sprites/master/sprites/pokemon/other/official-artwork/10169.png, https://raw.githubusercontent.com/PokeAPI/sprites/master/sprites/pokemon/other/official-artwork/shiny/10169.png);
INSERT INTO pokemon.base_stats (base_hp, base_attack, base_defense, base_special_attack, base_special_defense, base_speed, fk_generation, fk_form)
VALUES (90, 85, 85, 125, 100, 95, 8, 170);
INSERT INTO pokemon.form_has_type_per_generation (fk_form, fk_type, fk_generation, is_primary)
VALUES (170, 14, 8, True);
INSERT INTO pokemon.form_has_type_per_generation (fk_form, fk_type, fk_generation, is_primary)
VALUES (170, 3, 8, False);

INSERT INTO pokemon.pokemon_species (name, pokedex_index, is_baby, is_legendary, is_mythical, evolves_from)
VALUES ('zapdos', 145, False, True, False, None);
INSERT INTO pokemon.form (name, is_default, fk_pokemon_species, height, weight, legacy_cry, latest_cry, artwork, shiny_artwork)
VALUES ('zapdos', True, 110, 16, 526, https://raw.githubusercontent.com/PokeAPI/cries/main/cries/pokemon/legacy/145.ogg, https://raw.githubusercontent.com/PokeAPI/cries/main/cries/pokemon/latest/145.ogg, https://raw.githubusercontent.com/PokeAPI/sprites/master/sprites/pokemon/other/official-artwork/145.png, https://raw.githubusercontent.com/PokeAPI/sprites/master/sprites/pokemon/other/official-artwork/shiny/145.png);
INSERT INTO pokemon.base_stats (base_hp, base_attack, base_defense, base_special_attack, base_special_defense, base_speed, fk_generation, fk_form)
VALUES (90, 90, 85, 125, 90, 100, 1, 171);
INSERT INTO pokemon.form_has_type_per_generation (fk_form, fk_type, fk_generation, is_primary)
VALUES (171, 13, 1, True);
INSERT INTO pokemon.form_has_type_per_generation (fk_form, fk_type, fk_generation, is_primary)
VALUES (171, 3, 1, False);

INSERT INTO pokemon.form (name, is_default, fk_pokemon_species, height, weight, legacy_cry, latest_cry, artwork, shiny_artwork)
VALUES ('zapdos-galar', False, 110, 16, 582, None, https://raw.githubusercontent.com/PokeAPI/cries/main/cries/pokemon/latest/10170.ogg, https://raw.githubusercontent.com/PokeAPI/sprites/master/sprites/pokemon/other/official-artwork/10170.png, https://raw.githubusercontent.com/PokeAPI/sprites/master/sprites/pokemon/other/official-artwork/shiny/10170.png);
INSERT INTO pokemon.base_stats (base_hp, base_attack, base_defense, base_special_attack, base_special_defense, base_speed, fk_generation, fk_form)
VALUES (90, 125, 90, 85, 90, 100, 8, 172);
INSERT INTO pokemon.form_has_type_per_generation (fk_form, fk_type, fk_generation, is_primary)
VALUES (172, 2, 8, True);
INSERT INTO pokemon.form_has_type_per_generation (fk_form, fk_type, fk_generation, is_primary)
VALUES (172, 3, 8, False);

INSERT INTO pokemon.pokemon_species (name, pokedex_index, is_baby, is_legendary, is_mythical, evolves_from)
VALUES ('moltres', 146, False, True, False, None);
INSERT INTO pokemon.form (name, is_default, fk_pokemon_species, height, weight, legacy_cry, latest_cry, artwork, shiny_artwork)
VALUES ('moltres', True, 111, 20, 600, https://raw.githubusercontent.com/PokeAPI/cries/main/cries/pokemon/legacy/146.ogg, https://raw.githubusercontent.com/PokeAPI/cries/main/cries/pokemon/latest/146.ogg, https://raw.githubusercontent.com/PokeAPI/sprites/master/sprites/pokemon/other/official-artwork/146.png, https://raw.githubusercontent.com/PokeAPI/sprites/master/sprites/pokemon/other/official-artwork/shiny/146.png);
INSERT INTO pokemon.base_stats (base_hp, base_attack, base_defense, base_special_attack, base_special_defense, base_speed, fk_generation, fk_form)
VALUES (90, 100, 90, 125, 85, 90, 1, 173);
INSERT INTO pokemon.form_has_type_per_generation (fk_form, fk_type, fk_generation, is_primary)
VALUES (173, 10, 1, True);
INSERT INTO pokemon.form_has_type_per_generation (fk_form, fk_type, fk_generation, is_primary)
VALUES (173, 3, 1, False);

INSERT INTO pokemon.form (name, is_default, fk_pokemon_species, height, weight, legacy_cry, latest_cry, artwork, shiny_artwork)
VALUES ('moltres-galar', False, 111, 20, 660, None, https://raw.githubusercontent.com/PokeAPI/cries/main/cries/pokemon/latest/10171.ogg, https://raw.githubusercontent.com/PokeAPI/sprites/master/sprites/pokemon/other/official-artwork/10171.png, https://raw.githubusercontent.com/PokeAPI/sprites/master/sprites/pokemon/other/official-artwork/shiny/10171.png);
INSERT INTO pokemon.base_stats (base_hp, base_attack, base_defense, base_special_attack, base_special_defense, base_speed, fk_generation, fk_form)
VALUES (90, 85, 90, 100, 125, 90, 8, 174);
INSERT INTO pokemon.form_has_type_per_generation (fk_form, fk_type, fk_generation, is_primary)
VALUES (174, 17, 8, True);
INSERT INTO pokemon.form_has_type_per_generation (fk_form, fk_type, fk_generation, is_primary)
VALUES (174, 3, 8, False);

INSERT INTO pokemon.pokemon_species (name, pokedex_index, is_baby, is_legendary, is_mythical, evolves_from)
VALUES ('dratini', 147, False, False, False, None);
INSERT INTO pokemon.form (name, is_default, fk_pokemon_species, height, weight, legacy_cry, latest_cry, artwork, shiny_artwork)
VALUES ('dratini', True, 112, 18, 33, https://raw.githubusercontent.com/PokeAPI/cries/main/cries/pokemon/legacy/147.ogg, https://raw.githubusercontent.com/PokeAPI/cries/main/cries/pokemon/latest/147.ogg, https://raw.githubusercontent.com/PokeAPI/sprites/master/sprites/pokemon/other/official-artwork/147.png, https://raw.githubusercontent.com/PokeAPI/sprites/master/sprites/pokemon/other/official-artwork/shiny/147.png);
INSERT INTO pokemon.base_stats (base_hp, base_attack, base_defense, base_special_attack, base_special_defense, base_speed, fk_generation, fk_form)
VALUES (41, 64, 45, 50, 50, 50, 1, 175);
INSERT INTO pokemon.form_has_type_per_generation (fk_form, fk_type, fk_generation, is_primary)
VALUES (175, 16, 1, True);

INSERT INTO pokemon.pokemon_species (name, pokedex_index, is_baby, is_legendary, is_mythical, evolves_from)
VALUES ('mewtwo', 150, False, True, False, None);
INSERT INTO pokemon.form (name, is_default, fk_pokemon_species, height, weight, legacy_cry, latest_cry, artwork, shiny_artwork)
VALUES ('mewtwo', True, 113, 20, 1220, https://raw.githubusercontent.com/PokeAPI/cries/main/cries/pokemon/legacy/150.ogg, https://raw.githubusercontent.com/PokeAPI/cries/main/cries/pokemon/latest/150.ogg, https://raw.githubusercontent.com/PokeAPI/sprites/master/sprites/pokemon/other/official-artwork/150.png, https://raw.githubusercontent.com/PokeAPI/sprites/master/sprites/pokemon/other/official-artwork/shiny/150.png);
INSERT INTO pokemon.base_stats (base_hp, base_attack, base_defense, base_special_attack, base_special_defense, base_speed, fk_generation, fk_form)
VALUES (106, 110, 90, 154, 90, 130, 1, 176);
INSERT INTO pokemon.form_has_type_per_generation (fk_form, fk_type, fk_generation, is_primary)
VALUES (176, 14, 1, True);

INSERT INTO pokemon.form (name, is_default, fk_pokemon_species, height, weight, legacy_cry, latest_cry, artwork, shiny_artwork)
VALUES ('mewtwo-mega-x', False, 113, 23, 1270, None, https://raw.githubusercontent.com/PokeAPI/cries/main/cries/pokemon/latest/10043.ogg, https://raw.githubusercontent.com/PokeAPI/sprites/master/sprites/pokemon/other/official-artwork/10043.png, https://raw.githubusercontent.com/PokeAPI/sprites/master/sprites/pokemon/other/official-artwork/shiny/10043.png);
INSERT INTO pokemon.base_stats (base_hp, base_attack, base_defense, base_special_attack, base_special_defense, base_speed, fk_generation, fk_form)
VALUES (106, 190, 100, 154, 100, 130, 6, 177);
INSERT INTO pokemon.form_has_type_per_generation (fk_form, fk_type, fk_generation, is_primary)
VALUES (177, 14, 6, True);
INSERT INTO pokemon.form_has_type_per_generation (fk_form, fk_type, fk_generation, is_primary)
VALUES (177, 2, 6, False);

INSERT INTO pokemon.form (name, is_default, fk_pokemon_species, height, weight, legacy_cry, latest_cry, artwork, shiny_artwork)
VALUES ('mewtwo-mega-y', False, 113, 15, 330, None, https://raw.githubusercontent.com/PokeAPI/cries/main/cries/pokemon/latest/10044.ogg, https://raw.githubusercontent.com/PokeAPI/sprites/master/sprites/pokemon/other/official-artwork/10044.png, https://raw.githubusercontent.com/PokeAPI/sprites/master/sprites/pokemon/other/official-artwork/shiny/10044.png);
INSERT INTO pokemon.base_stats (base_hp, base_attack, base_defense, base_special_attack, base_special_defense, base_speed, fk_generation, fk_form)
VALUES (106, 150, 70, 194, 120, 140, 6, 178);
INSERT INTO pokemon.form_has_type_per_generation (fk_form, fk_type, fk_generation, is_primary)
VALUES (178, 14, 6, True);

INSERT INTO pokemon.pokemon_species (name, pokedex_index, is_baby, is_legendary, is_mythical, evolves_from)
VALUES ('rapidash', 78, False, False, False, ponyta);
INSERT INTO pokemon.form (name, is_default, fk_pokemon_species, height, weight, legacy_cry, latest_cry, artwork, shiny_artwork)
VALUES ('rapidash', True, 114, 17, 950, https://raw.githubusercontent.com/PokeAPI/cries/main/cries/pokemon/legacy/78.ogg, https://raw.githubusercontent.com/PokeAPI/cries/main/cries/pokemon/latest/78.ogg, https://raw.githubusercontent.com/PokeAPI/sprites/master/sprites/pokemon/other/official-artwork/78.png, https://raw.githubusercontent.com/PokeAPI/sprites/master/sprites/pokemon/other/official-artwork/shiny/78.png);
INSERT INTO pokemon.base_stats (base_hp, base_attack, base_defense, base_special_attack, base_special_defense, base_speed, fk_generation, fk_form)
VALUES (65, 100, 70, 80, 80, 105, 1, 179);
INSERT INTO pokemon.form_has_type_per_generation (fk_form, fk_type, fk_generation, is_primary)
VALUES (179, 10, 1, True);

INSERT INTO pokemon.form (name, is_default, fk_pokemon_species, height, weight, legacy_cry, latest_cry, artwork, shiny_artwork)
VALUES ('rapidash-galar', False, 114, 17, 800, None, https://raw.githubusercontent.com/PokeAPI/cries/main/cries/pokemon/latest/10163.ogg, https://raw.githubusercontent.com/PokeAPI/sprites/master/sprites/pokemon/other/official-artwork/10163.png, https://raw.githubusercontent.com/PokeAPI/sprites/master/sprites/pokemon/other/official-artwork/shiny/10163.png);
INSERT INTO pokemon.base_stats (base_hp, base_attack, base_defense, base_special_attack, base_special_defense, base_speed, fk_generation, fk_form)
VALUES (65, 100, 70, 80, 80, 105, 8, 180);
INSERT INTO pokemon.form_has_type_per_generation (fk_form, fk_type, fk_generation, is_primary)
VALUES (180, 14, 8, True);
INSERT INTO pokemon.form_has_type_per_generation (fk_form, fk_type, fk_generation, is_primary)
VALUES (180, 18, 8, False);

INSERT INTO pokemon.pokemon_species (name, pokedex_index, is_baby, is_legendary, is_mythical, evolves_from)
VALUES ('slowbro', 80, False, False, False, slowpoke);
INSERT INTO pokemon.form (name, is_default, fk_pokemon_species, height, weight, legacy_cry, latest_cry, artwork, shiny_artwork)
VALUES ('slowbro', True, 115, 16, 785, https://raw.githubusercontent.com/PokeAPI/cries/main/cries/pokemon/legacy/80.ogg, https://raw.githubusercontent.com/PokeAPI/cries/main/cries/pokemon/latest/80.ogg, https://raw.githubusercontent.com/PokeAPI/sprites/master/sprites/pokemon/other/official-artwork/80.png, https://raw.githubusercontent.com/PokeAPI/sprites/master/sprites/pokemon/other/official-artwork/shiny/80.png);
INSERT INTO pokemon.base_stats (base_hp, base_attack, base_defense, base_special_attack, base_special_defense, base_speed, fk_generation, fk_form)
VALUES (95, 75, 110, 100, 80, 30, 1, 181);
INSERT INTO pokemon.form_has_type_per_generation (fk_form, fk_type, fk_generation, is_primary)
VALUES (181, 11, 1, True);
INSERT INTO pokemon.form_has_type_per_generation (fk_form, fk_type, fk_generation, is_primary)
VALUES (181, 14, 1, False);

INSERT INTO pokemon.form (name, is_default, fk_pokemon_species, height, weight, legacy_cry, latest_cry, artwork, shiny_artwork)
VALUES ('slowbro-mega', False, 115, 20, 1200, None, https://raw.githubusercontent.com/PokeAPI/cries/main/cries/pokemon/latest/10071.ogg, https://raw.githubusercontent.com/PokeAPI/sprites/master/sprites/pokemon/other/official-artwork/10071.png, https://raw.githubusercontent.com/PokeAPI/sprites/master/sprites/pokemon/other/official-artwork/shiny/10071.png);
INSERT INTO pokemon.base_stats (base_hp, base_attack, base_defense, base_special_attack, base_special_defense, base_speed, fk_generation, fk_form)
VALUES (95, 75, 180, 130, 80, 30, 6, 182);
INSERT INTO pokemon.form_has_type_per_generation (fk_form, fk_type, fk_generation, is_primary)
VALUES (182, 11, 6, True);
INSERT INTO pokemon.form_has_type_per_generation (fk_form, fk_type, fk_generation, is_primary)
VALUES (182, 14, 6, False);

INSERT INTO pokemon.form (name, is_default, fk_pokemon_species, height, weight, legacy_cry, latest_cry, artwork, shiny_artwork)
VALUES ('slowbro-galar', False, 115, 16, 705, None, https://raw.githubusercontent.com/PokeAPI/cries/main/cries/pokemon/latest/10165.ogg, https://raw.githubusercontent.com/PokeAPI/sprites/master/sprites/pokemon/other/official-artwork/10165.png, https://raw.githubusercontent.com/PokeAPI/sprites/master/sprites/pokemon/other/official-artwork/shiny/10165.png);
INSERT INTO pokemon.base_stats (base_hp, base_attack, base_defense, base_special_attack, base_special_defense, base_speed, fk_generation, fk_form)
VALUES (95, 100, 95, 100, 70, 30, 8, 183);
INSERT INTO pokemon.form_has_type_per_generation (fk_form, fk_type, fk_generation, is_primary)
VALUES (183, 4, 8, True);
INSERT INTO pokemon.form_has_type_per_generation (fk_form, fk_type, fk_generation, is_primary)
VALUES (183, 14, 8, False);

INSERT INTO pokemon.pokemon_species (name, pokedex_index, is_baby, is_legendary, is_mythical, evolves_from)
VALUES ('magneton', 82, False, False, False, magnemite);
INSERT INTO pokemon.form (name, is_default, fk_pokemon_species, height, weight, legacy_cry, latest_cry, artwork, shiny_artwork)
VALUES ('magneton', True, 116, 10, 600, https://raw.githubusercontent.com/PokeAPI/cries/main/cries/pokemon/legacy/82.ogg, https://raw.githubusercontent.com/PokeAPI/cries/main/cries/pokemon/latest/82.ogg, https://raw.githubusercontent.com/PokeAPI/sprites/master/sprites/pokemon/other/official-artwork/82.png, https://raw.githubusercontent.com/PokeAPI/sprites/master/sprites/pokemon/other/official-artwork/shiny/82.png);
INSERT INTO pokemon.base_stats (base_hp, base_attack, base_defense, base_special_attack, base_special_defense, base_speed, fk_generation, fk_form)
VALUES (50, 60, 95, 120, 70, 70, 1, 184);
INSERT INTO pokemon.form_has_type_per_generation (fk_form, fk_type, fk_generation, is_primary)
VALUES (184, 13, 1, True);
INSERT INTO pokemon.form_has_type_per_generation (fk_form, fk_type, fk_generation, is_primary)
VALUES (184, 9, 1, False);

INSERT INTO pokemon.pokemon_species (name, pokedex_index, is_baby, is_legendary, is_mythical, evolves_from)
VALUES ('dodrio', 85, False, False, False, doduo);
INSERT INTO pokemon.form (name, is_default, fk_pokemon_species, height, weight, legacy_cry, latest_cry, artwork, shiny_artwork)
VALUES ('dodrio', True, 117, 18, 852, https://raw.githubusercontent.com/PokeAPI/cries/main/cries/pokemon/legacy/85.ogg, https://raw.githubusercontent.com/PokeAPI/cries/main/cries/pokemon/latest/85.ogg, https://raw.githubusercontent.com/PokeAPI/sprites/master/sprites/pokemon/other/official-artwork/85.png, https://raw.githubusercontent.com/PokeAPI/sprites/master/sprites/pokemon/other/official-artwork/shiny/85.png);
INSERT INTO pokemon.base_stats (base_hp, base_attack, base_defense, base_special_attack, base_special_defense, base_speed, fk_generation, fk_form)
VALUES (60, 110, 70, 60, 60, 110, 1, 185);
INSERT INTO pokemon.form_has_type_per_generation (fk_form, fk_type, fk_generation, is_primary)
VALUES (185, 1, 1, True);
INSERT INTO pokemon.form_has_type_per_generation (fk_form, fk_type, fk_generation, is_primary)
VALUES (185, 3, 1, False);

INSERT INTO pokemon.pokemon_species (name, pokedex_index, is_baby, is_legendary, is_mythical, evolves_from)
VALUES ('dewgong', 87, False, False, False, seel);
INSERT INTO pokemon.form (name, is_default, fk_pokemon_species, height, weight, legacy_cry, latest_cry, artwork, shiny_artwork)
VALUES ('dewgong', True, 118, 17, 1200, https://raw.githubusercontent.com/PokeAPI/cries/main/cries/pokemon/legacy/87.ogg, https://raw.githubusercontent.com/PokeAPI/cries/main/cries/pokemon/latest/87.ogg, https://raw.githubusercontent.com/PokeAPI/sprites/master/sprites/pokemon/other/official-artwork/87.png, https://raw.githubusercontent.com/PokeAPI/sprites/master/sprites/pokemon/other/official-artwork/shiny/87.png);
INSERT INTO pokemon.base_stats (base_hp, base_attack, base_defense, base_special_attack, base_special_defense, base_speed, fk_generation, fk_form)
VALUES (90, 70, 80, 70, 95, 70, 1, 186);
INSERT INTO pokemon.form_has_type_per_generation (fk_form, fk_type, fk_generation, is_primary)
VALUES (186, 11, 1, True);
INSERT INTO pokemon.form_has_type_per_generation (fk_form, fk_type, fk_generation, is_primary)
VALUES (186, 15, 1, False);

INSERT INTO pokemon.pokemon_species (name, pokedex_index, is_baby, is_legendary, is_mythical, evolves_from)
VALUES ('muk', 89, False, False, False, grimer);
INSERT INTO pokemon.form (name, is_default, fk_pokemon_species, height, weight, legacy_cry, latest_cry, artwork, shiny_artwork)
VALUES ('muk', True, 119, 12, 300, https://raw.githubusercontent.com/PokeAPI/cries/main/cries/pokemon/legacy/89.ogg, https://raw.githubusercontent.com/PokeAPI/cries/main/cries/pokemon/latest/89.ogg, https://raw.githubusercontent.com/PokeAPI/sprites/master/sprites/pokemon/other/official-artwork/89.png, https://raw.githubusercontent.com/PokeAPI/sprites/master/sprites/pokemon/other/official-artwork/shiny/89.png);
INSERT INTO pokemon.base_stats (base_hp, base_attack, base_defense, base_special_attack, base_special_defense, base_speed, fk_generation, fk_form)
VALUES (105, 105, 75, 65, 100, 50, 1, 187);
INSERT INTO pokemon.form_has_type_per_generation (fk_form, fk_type, fk_generation, is_primary)
VALUES (187, 4, 1, True);

INSERT INTO pokemon.form (name, is_default, fk_pokemon_species, height, weight, legacy_cry, latest_cry, artwork, shiny_artwork)
VALUES ('muk-alola', False, 119, 10, 520, None, https://raw.githubusercontent.com/PokeAPI/cries/main/cries/pokemon/latest/10113.ogg, https://raw.githubusercontent.com/PokeAPI/sprites/master/sprites/pokemon/other/official-artwork/10113.png, https://raw.githubusercontent.com/PokeAPI/sprites/master/sprites/pokemon/other/official-artwork/shiny/10113.png);
INSERT INTO pokemon.base_stats (base_hp, base_attack, base_defense, base_special_attack, base_special_defense, base_speed, fk_generation, fk_form)
VALUES (105, 105, 75, 65, 100, 50, 7, 188);
INSERT INTO pokemon.form_has_type_per_generation (fk_form, fk_type, fk_generation, is_primary)
VALUES (188, 4, 7, True);
INSERT INTO pokemon.form_has_type_per_generation (fk_form, fk_type, fk_generation, is_primary)
VALUES (188, 17, 7, False);

INSERT INTO pokemon.pokemon_species (name, pokedex_index, is_baby, is_legendary, is_mythical, evolves_from)
VALUES ('cloyster', 91, False, False, False, shellder);
INSERT INTO pokemon.form (name, is_default, fk_pokemon_species, height, weight, legacy_cry, latest_cry, artwork, shiny_artwork)
VALUES ('cloyster', True, 120, 15, 1325, https://raw.githubusercontent.com/PokeAPI/cries/main/cries/pokemon/legacy/91.ogg, https://raw.githubusercontent.com/PokeAPI/cries/main/cries/pokemon/latest/91.ogg, https://raw.githubusercontent.com/PokeAPI/sprites/master/sprites/pokemon/other/official-artwork/91.png, https://raw.githubusercontent.com/PokeAPI/sprites/master/sprites/pokemon/other/official-artwork/shiny/91.png);
INSERT INTO pokemon.base_stats (base_hp, base_attack, base_defense, base_special_attack, base_special_defense, base_speed, fk_generation, fk_form)
VALUES (50, 95, 180, 85, 45, 70, 1, 189);
INSERT INTO pokemon.form_has_type_per_generation (fk_form, fk_type, fk_generation, is_primary)
VALUES (189, 11, 1, True);
INSERT INTO pokemon.form_has_type_per_generation (fk_form, fk_type, fk_generation, is_primary)
VALUES (189, 15, 1, False);

INSERT INTO pokemon.pokemon_species (name, pokedex_index, is_baby, is_legendary, is_mythical, evolves_from)
VALUES ('haunter', 93, False, False, False, gastly);
INSERT INTO pokemon.form (name, is_default, fk_pokemon_species, height, weight, legacy_cry, latest_cry, artwork, shiny_artwork)
VALUES ('haunter', True, 121, 16, 1, https://raw.githubusercontent.com/PokeAPI/cries/main/cries/pokemon/legacy/93.ogg, https://raw.githubusercontent.com/PokeAPI/cries/main/cries/pokemon/latest/93.ogg, https://raw.githubusercontent.com/PokeAPI/sprites/master/sprites/pokemon/other/official-artwork/93.png, https://raw.githubusercontent.com/PokeAPI/sprites/master/sprites/pokemon/other/official-artwork/shiny/93.png);
INSERT INTO pokemon.base_stats (base_hp, base_attack, base_defense, base_special_attack, base_special_defense, base_speed, fk_generation, fk_form)
VALUES (45, 50, 45, 115, 55, 95, 1, 190);
INSERT INTO pokemon.form_has_type_per_generation (fk_form, fk_type, fk_generation, is_primary)
VALUES (190, 8, 1, True);
INSERT INTO pokemon.form_has_type_per_generation (fk_form, fk_type, fk_generation, is_primary)
VALUES (190, 4, 1, False);

INSERT INTO pokemon.pokemon_species (name, pokedex_index, is_baby, is_legendary, is_mythical, evolves_from)
VALUES ('gengar', 94, False, False, False, haunter);
INSERT INTO pokemon.form (name, is_default, fk_pokemon_species, height, weight, legacy_cry, latest_cry, artwork, shiny_artwork)
VALUES ('gengar', True, 122, 15, 405, https://raw.githubusercontent.com/PokeAPI/cries/main/cries/pokemon/legacy/94.ogg, https://raw.githubusercontent.com/PokeAPI/cries/main/cries/pokemon/latest/94.ogg, https://raw.githubusercontent.com/PokeAPI/sprites/master/sprites/pokemon/other/official-artwork/94.png, https://raw.githubusercontent.com/PokeAPI/sprites/master/sprites/pokemon/other/official-artwork/shiny/94.png);
INSERT INTO pokemon.base_stats (base_hp, base_attack, base_defense, base_special_attack, base_special_defense, base_speed, fk_generation, fk_form)
VALUES (60, 65, 60, 130, 75, 110, 1, 191);
INSERT INTO pokemon.form_has_type_per_generation (fk_form, fk_type, fk_generation, is_primary)
VALUES (191, 8, 1, True);
INSERT INTO pokemon.form_has_type_per_generation (fk_form, fk_type, fk_generation, is_primary)
VALUES (191, 4, 1, False);

INSERT INTO pokemon.form (name, is_default, fk_pokemon_species, height, weight, legacy_cry, latest_cry, artwork, shiny_artwork)
VALUES ('gengar-mega', False, 122, 14, 405, None, https://raw.githubusercontent.com/PokeAPI/cries/main/cries/pokemon/latest/10038.ogg, https://raw.githubusercontent.com/PokeAPI/sprites/master/sprites/pokemon/other/official-artwork/10038.png, https://raw.githubusercontent.com/PokeAPI/sprites/master/sprites/pokemon/other/official-artwork/shiny/10038.png);
INSERT INTO pokemon.base_stats (base_hp, base_attack, base_defense, base_special_attack, base_special_defense, base_speed, fk_generation, fk_form)
VALUES (60, 65, 80, 170, 95, 130, 6, 192);
INSERT INTO pokemon.form_has_type_per_generation (fk_form, fk_type, fk_generation, is_primary)
VALUES (192, 8, 6, True);
INSERT INTO pokemon.form_has_type_per_generation (fk_form, fk_type, fk_generation, is_primary)
VALUES (192, 4, 6, False);

INSERT INTO pokemon.form (name, is_default, fk_pokemon_species, height, weight, legacy_cry, latest_cry, artwork, shiny_artwork)
VALUES ('gengar-gmax', False, 122, 200, 10000, None, https://raw.githubusercontent.com/PokeAPI/cries/main/cries/pokemon/latest/10202.ogg, https://raw.githubusercontent.com/PokeAPI/sprites/master/sprites/pokemon/other/official-artwork/10202.png, https://raw.githubusercontent.com/PokeAPI/sprites/master/sprites/pokemon/other/official-artwork/shiny/10202.png);
INSERT INTO pokemon.base_stats (base_hp, base_attack, base_defense, base_special_attack, base_special_defense, base_speed, fk_generation, fk_form)
VALUES (60, 65, 60, 130, 75, 110, 8, 193);
INSERT INTO pokemon.form_has_type_per_generation (fk_form, fk_type, fk_generation, is_primary)
VALUES (193, 8, 8, True);
INSERT INTO pokemon.form_has_type_per_generation (fk_form, fk_type, fk_generation, is_primary)
VALUES (193, 4, 8, False);

INSERT INTO pokemon.pokemon_species (name, pokedex_index, is_baby, is_legendary, is_mythical, evolves_from)
VALUES ('hypno', 97, False, False, False, drowzee);
INSERT INTO pokemon.form (name, is_default, fk_pokemon_species, height, weight, legacy_cry, latest_cry, artwork, shiny_artwork)
VALUES ('hypno', True, 123, 16, 756, https://raw.githubusercontent.com/PokeAPI/cries/main/cries/pokemon/legacy/97.ogg, https://raw.githubusercontent.com/PokeAPI/cries/main/cries/pokemon/latest/97.ogg, https://raw.githubusercontent.com/PokeAPI/sprites/master/sprites/pokemon/other/official-artwork/97.png, https://raw.githubusercontent.com/PokeAPI/sprites/master/sprites/pokemon/other/official-artwork/shiny/97.png);
INSERT INTO pokemon.base_stats (base_hp, base_attack, base_defense, base_special_attack, base_special_defense, base_speed, fk_generation, fk_form)
VALUES (85, 73, 70, 73, 115, 67, 1, 194);
INSERT INTO pokemon.form_has_type_per_generation (fk_form, fk_type, fk_generation, is_primary)
VALUES (194, 14, 1, True);

INSERT INTO pokemon.pokemon_species (name, pokedex_index, is_baby, is_legendary, is_mythical, evolves_from)
VALUES ('kingler', 99, False, False, False, krabby);
INSERT INTO pokemon.form (name, is_default, fk_pokemon_species, height, weight, legacy_cry, latest_cry, artwork, shiny_artwork)
VALUES ('kingler', True, 124, 13, 600, https://raw.githubusercontent.com/PokeAPI/cries/main/cries/pokemon/legacy/99.ogg, https://raw.githubusercontent.com/PokeAPI/cries/main/cries/pokemon/latest/99.ogg, https://raw.githubusercontent.com/PokeAPI/sprites/master/sprites/pokemon/other/official-artwork/99.png, https://raw.githubusercontent.com/PokeAPI/sprites/master/sprites/pokemon/other/official-artwork/shiny/99.png);
INSERT INTO pokemon.base_stats (base_hp, base_attack, base_defense, base_special_attack, base_special_defense, base_speed, fk_generation, fk_form)
VALUES (55, 130, 115, 50, 50, 75, 1, 195);
INSERT INTO pokemon.form_has_type_per_generation (fk_form, fk_type, fk_generation, is_primary)
VALUES (195, 11, 1, True);

INSERT INTO pokemon.form (name, is_default, fk_pokemon_species, height, weight, legacy_cry, latest_cry, artwork, shiny_artwork)
VALUES ('kingler-gmax', False, 124, 190, 10000, None, https://raw.githubusercontent.com/PokeAPI/cries/main/cries/pokemon/latest/10203.ogg, https://raw.githubusercontent.com/PokeAPI/sprites/master/sprites/pokemon/other/official-artwork/10203.png, https://raw.githubusercontent.com/PokeAPI/sprites/master/sprites/pokemon/other/official-artwork/shiny/10203.png);
INSERT INTO pokemon.base_stats (base_hp, base_attack, base_defense, base_special_attack, base_special_defense, base_speed, fk_generation, fk_form)
VALUES (55, 130, 115, 50, 50, 75, 8, 196);
INSERT INTO pokemon.form_has_type_per_generation (fk_form, fk_type, fk_generation, is_primary)
VALUES (196, 11, 8, True);

INSERT INTO pokemon.pokemon_species (name, pokedex_index, is_baby, is_legendary, is_mythical, evolves_from)
VALUES ('electrode', 101, False, False, False, voltorb);
INSERT INTO pokemon.form (name, is_default, fk_pokemon_species, height, weight, legacy_cry, latest_cry, artwork, shiny_artwork)
VALUES ('electrode', True, 125, 12, 666, https://raw.githubusercontent.com/PokeAPI/cries/main/cries/pokemon/legacy/101.ogg, https://raw.githubusercontent.com/PokeAPI/cries/main/cries/pokemon/latest/101.ogg, https://raw.githubusercontent.com/PokeAPI/sprites/master/sprites/pokemon/other/official-artwork/101.png, https://raw.githubusercontent.com/PokeAPI/sprites/master/sprites/pokemon/other/official-artwork/shiny/101.png);
INSERT INTO pokemon.base_stats (base_hp, base_attack, base_defense, base_special_attack, base_special_defense, base_speed, fk_generation, fk_form)
VALUES (60, 50, 70, 80, 80, 150, 1, 197);
INSERT INTO pokemon.form_has_type_per_generation (fk_form, fk_type, fk_generation, is_primary)
VALUES (197, 13, 1, True);

INSERT INTO pokemon.form (name, is_default, fk_pokemon_species, height, weight, legacy_cry, latest_cry, artwork, shiny_artwork)
VALUES ('electrode-hisui', False, 125, 12, 710, None, https://raw.githubusercontent.com/PokeAPI/cries/main/cries/pokemon/latest/10232.ogg, https://raw.githubusercontent.com/PokeAPI/sprites/master/sprites/pokemon/other/official-artwork/10232.png, https://raw.githubusercontent.com/PokeAPI/sprites/master/sprites/pokemon/other/official-artwork/shiny/10232.png);
INSERT INTO pokemon.base_stats (base_hp, base_attack, base_defense, base_special_attack, base_special_defense, base_speed, fk_generation, fk_form)
VALUES (60, 50, 70, 80, 80, 150, 8, 198);
INSERT INTO pokemon.form_has_type_per_generation (fk_form, fk_type, fk_generation, is_primary)
VALUES (198, 13, 8, True);
INSERT INTO pokemon.form_has_type_per_generation (fk_form, fk_type, fk_generation, is_primary)
VALUES (198, 12, 8, False);

INSERT INTO pokemon.pokemon_species (name, pokedex_index, is_baby, is_legendary, is_mythical, evolves_from)
VALUES ('exeggutor', 103, False, False, False, exeggcute);
INSERT INTO pokemon.form (name, is_default, fk_pokemon_species, height, weight, legacy_cry, latest_cry, artwork, shiny_artwork)
VALUES ('exeggutor', True, 126, 20, 1200, https://raw.githubusercontent.com/PokeAPI/cries/main/cries/pokemon/legacy/103.ogg, https://raw.githubusercontent.com/PokeAPI/cries/main/cries/pokemon/latest/103.ogg, https://raw.githubusercontent.com/PokeAPI/sprites/master/sprites/pokemon/other/official-artwork/103.png, https://raw.githubusercontent.com/PokeAPI/sprites/master/sprites/pokemon/other/official-artwork/shiny/103.png);
INSERT INTO pokemon.base_stats (base_hp, base_attack, base_defense, base_special_attack, base_special_defense, base_speed, fk_generation, fk_form)
VALUES (95, 95, 85, 125, 75, 55, 1, 199);
INSERT INTO pokemon.form_has_type_per_generation (fk_form, fk_type, fk_generation, is_primary)
VALUES (199, 12, 1, True);
INSERT INTO pokemon.form_has_type_per_generation (fk_form, fk_type, fk_generation, is_primary)
VALUES (199, 14, 1, False);

INSERT INTO pokemon.form (name, is_default, fk_pokemon_species, height, weight, legacy_cry, latest_cry, artwork, shiny_artwork)
VALUES ('exeggutor-alola', False, 126, 109, 4156, None, https://raw.githubusercontent.com/PokeAPI/cries/main/cries/pokemon/latest/10114.ogg, https://raw.githubusercontent.com/PokeAPI/sprites/master/sprites/pokemon/other/official-artwork/10114.png, https://raw.githubusercontent.com/PokeAPI/sprites/master/sprites/pokemon/other/official-artwork/shiny/10114.png);
INSERT INTO pokemon.base_stats (base_hp, base_attack, base_defense, base_special_attack, base_special_defense, base_speed, fk_generation, fk_form)
VALUES (95, 105, 85, 125, 75, 45, 7, 200);
INSERT INTO pokemon.form_has_type_per_generation (fk_form, fk_type, fk_generation, is_primary)
VALUES (200, 12, 7, True);
INSERT INTO pokemon.form_has_type_per_generation (fk_form, fk_type, fk_generation, is_primary)
VALUES (200, 16, 7, False);

INSERT INTO pokemon.pokemon_species (name, pokedex_index, is_baby, is_legendary, is_mythical, evolves_from)
VALUES ('marowak', 105, False, False, False, cubone);
INSERT INTO pokemon.form (name, is_default, fk_pokemon_species, height, weight, legacy_cry, latest_cry, artwork, shiny_artwork)
VALUES ('marowak', True, 127, 10, 450, https://raw.githubusercontent.com/PokeAPI/cries/main/cries/pokemon/legacy/105.ogg, https://raw.githubusercontent.com/PokeAPI/cries/main/cries/pokemon/latest/105.ogg, https://raw.githubusercontent.com/PokeAPI/sprites/master/sprites/pokemon/other/official-artwork/105.png, https://raw.githubusercontent.com/PokeAPI/sprites/master/sprites/pokemon/other/official-artwork/shiny/105.png);
INSERT INTO pokemon.base_stats (base_hp, base_attack, base_defense, base_special_attack, base_special_defense, base_speed, fk_generation, fk_form)
VALUES (60, 80, 110, 50, 80, 45, 1, 201);
INSERT INTO pokemon.form_has_type_per_generation (fk_form, fk_type, fk_generation, is_primary)
VALUES (201, 5, 1, True);

INSERT INTO pokemon.form (name, is_default, fk_pokemon_species, height, weight, legacy_cry, latest_cry, artwork, shiny_artwork)
VALUES ('marowak-alola', False, 127, 10, 340, None, https://raw.githubusercontent.com/PokeAPI/cries/main/cries/pokemon/latest/10115.ogg, https://raw.githubusercontent.com/PokeAPI/sprites/master/sprites/pokemon/other/official-artwork/10115.png, https://raw.githubusercontent.com/PokeAPI/sprites/master/sprites/pokemon/other/official-artwork/shiny/10115.png);
INSERT INTO pokemon.base_stats (base_hp, base_attack, base_defense, base_special_attack, base_special_defense, base_speed, fk_generation, fk_form)
VALUES (60, 80, 110, 50, 80, 45, 7, 202);
INSERT INTO pokemon.form_has_type_per_generation (fk_form, fk_type, fk_generation, is_primary)
VALUES (202, 10, 7, True);
INSERT INTO pokemon.form_has_type_per_generation (fk_form, fk_type, fk_generation, is_primary)
VALUES (202, 8, 7, False);

INSERT INTO pokemon.form (name, is_default, fk_pokemon_species, height, weight, legacy_cry, latest_cry, artwork, shiny_artwork)
VALUES ('marowak-totem', False, 127, 17, 980, None, https://raw.githubusercontent.com/PokeAPI/cries/main/cries/pokemon/latest/10149.ogg, https://raw.githubusercontent.com/PokeAPI/sprites/master/sprites/pokemon/other/official-artwork/10149.png, https://raw.githubusercontent.com/PokeAPI/sprites/master/sprites/pokemon/other/official-artwork/shiny/10149.png);
INSERT INTO pokemon.base_stats (base_hp, base_attack, base_defense, base_special_attack, base_special_defense, base_speed, fk_generation, fk_form)
VALUES (60, 80, 110, 50, 80, 45, 1, 203);
INSERT INTO pokemon.form_has_type_per_generation (fk_form, fk_type, fk_generation, is_primary)
VALUES (203, 10, 1, True);
INSERT INTO pokemon.form_has_type_per_generation (fk_form, fk_type, fk_generation, is_primary)
VALUES (203, 8, 1, False);

INSERT INTO pokemon.pokemon_species (name, pokedex_index, is_baby, is_legendary, is_mythical, evolves_from)
VALUES ('hitmonlee', 106, False, False, False, tyrogue);
INSERT INTO pokemon.form (name, is_default, fk_pokemon_species, height, weight, legacy_cry, latest_cry, artwork, shiny_artwork)
VALUES ('hitmonlee', True, 128, 15, 498, https://raw.githubusercontent.com/PokeAPI/cries/main/cries/pokemon/legacy/106.ogg, https://raw.githubusercontent.com/PokeAPI/cries/main/cries/pokemon/latest/106.ogg, https://raw.githubusercontent.com/PokeAPI/sprites/master/sprites/pokemon/other/official-artwork/106.png, https://raw.githubusercontent.com/PokeAPI/sprites/master/sprites/pokemon/other/official-artwork/shiny/106.png);
INSERT INTO pokemon.base_stats (base_hp, base_attack, base_defense, base_special_attack, base_special_defense, base_speed, fk_generation, fk_form)
VALUES (50, 120, 53, 35, 110, 87, 1, 204);
INSERT INTO pokemon.form_has_type_per_generation (fk_form, fk_type, fk_generation, is_primary)
VALUES (204, 2, 1, True);

INSERT INTO pokemon.pokemon_species (name, pokedex_index, is_baby, is_legendary, is_mythical, evolves_from)
VALUES ('hitmonchan', 107, False, False, False, tyrogue);
INSERT INTO pokemon.form (name, is_default, fk_pokemon_species, height, weight, legacy_cry, latest_cry, artwork, shiny_artwork)
VALUES ('hitmonchan', True, 129, 14, 502, https://raw.githubusercontent.com/PokeAPI/cries/main/cries/pokemon/legacy/107.ogg, https://raw.githubusercontent.com/PokeAPI/cries/main/cries/pokemon/latest/107.ogg, https://raw.githubusercontent.com/PokeAPI/sprites/master/sprites/pokemon/other/official-artwork/107.png, https://raw.githubusercontent.com/PokeAPI/sprites/master/sprites/pokemon/other/official-artwork/shiny/107.png);
INSERT INTO pokemon.base_stats (base_hp, base_attack, base_defense, base_special_attack, base_special_defense, base_speed, fk_generation, fk_form)
VALUES (50, 105, 79, 35, 110, 76, 1, 205);
INSERT INTO pokemon.form_has_type_per_generation (fk_form, fk_type, fk_generation, is_primary)
VALUES (205, 2, 1, True);

INSERT INTO pokemon.pokemon_species (name, pokedex_index, is_baby, is_legendary, is_mythical, evolves_from)
VALUES ('weezing', 110, False, False, False, koffing);
INSERT INTO pokemon.form (name, is_default, fk_pokemon_species, height, weight, legacy_cry, latest_cry, artwork, shiny_artwork)
VALUES ('weezing', True, 130, 12, 95, https://raw.githubusercontent.com/PokeAPI/cries/main/cries/pokemon/legacy/110.ogg, https://raw.githubusercontent.com/PokeAPI/cries/main/cries/pokemon/latest/110.ogg, https://raw.githubusercontent.com/PokeAPI/sprites/master/sprites/pokemon/other/official-artwork/110.png, https://raw.githubusercontent.com/PokeAPI/sprites/master/sprites/pokemon/other/official-artwork/shiny/110.png);
INSERT INTO pokemon.base_stats (base_hp, base_attack, base_defense, base_special_attack, base_special_defense, base_speed, fk_generation, fk_form)
VALUES (65, 90, 120, 85, 70, 60, 1, 206);
INSERT INTO pokemon.form_has_type_per_generation (fk_form, fk_type, fk_generation, is_primary)
VALUES (206, 4, 1, True);

INSERT INTO pokemon.form (name, is_default, fk_pokemon_species, height, weight, legacy_cry, latest_cry, artwork, shiny_artwork)
VALUES ('weezing-galar', False, 130, 30, 160, None, https://raw.githubusercontent.com/PokeAPI/cries/main/cries/pokemon/latest/10167.ogg, https://raw.githubusercontent.com/PokeAPI/sprites/master/sprites/pokemon/other/official-artwork/10167.png, https://raw.githubusercontent.com/PokeAPI/sprites/master/sprites/pokemon/other/official-artwork/shiny/10167.png);
INSERT INTO pokemon.base_stats (base_hp, base_attack, base_defense, base_special_attack, base_special_defense, base_speed, fk_generation, fk_form)
VALUES (65, 90, 120, 85, 70, 60, 8, 207);
INSERT INTO pokemon.form_has_type_per_generation (fk_form, fk_type, fk_generation, is_primary)
VALUES (207, 4, 8, True);
INSERT INTO pokemon.form_has_type_per_generation (fk_form, fk_type, fk_generation, is_primary)
VALUES (207, 18, 8, False);

INSERT INTO pokemon.pokemon_species (name, pokedex_index, is_baby, is_legendary, is_mythical, evolves_from)
VALUES ('rhydon', 112, False, False, False, rhyhorn);
INSERT INTO pokemon.form (name, is_default, fk_pokemon_species, height, weight, legacy_cry, latest_cry, artwork, shiny_artwork)
VALUES ('rhydon', True, 131, 19, 1200, https://raw.githubusercontent.com/PokeAPI/cries/main/cries/pokemon/legacy/112.ogg, https://raw.githubusercontent.com/PokeAPI/cries/main/cries/pokemon/latest/112.ogg, https://raw.githubusercontent.com/PokeAPI/sprites/master/sprites/pokemon/other/official-artwork/112.png, https://raw.githubusercontent.com/PokeAPI/sprites/master/sprites/pokemon/other/official-artwork/shiny/112.png);
INSERT INTO pokemon.base_stats (base_hp, base_attack, base_defense, base_special_attack, base_special_defense, base_speed, fk_generation, fk_form)
VALUES (105, 130, 120, 45, 45, 40, 1, 208);
INSERT INTO pokemon.form_has_type_per_generation (fk_form, fk_type, fk_generation, is_primary)
VALUES (208, 5, 1, True);
INSERT INTO pokemon.form_has_type_per_generation (fk_form, fk_type, fk_generation, is_primary)
VALUES (208, 6, 1, False);

INSERT INTO pokemon.pokemon_species (name, pokedex_index, is_baby, is_legendary, is_mythical, evolves_from)
VALUES ('chansey', 113, False, False, False, happiny);
INSERT INTO pokemon.form (name, is_default, fk_pokemon_species, height, weight, legacy_cry, latest_cry, artwork, shiny_artwork)
VALUES ('chansey', True, 132, 11, 346, https://raw.githubusercontent.com/PokeAPI/cries/main/cries/pokemon/legacy/113.ogg, https://raw.githubusercontent.com/PokeAPI/cries/main/cries/pokemon/latest/113.ogg, https://raw.githubusercontent.com/PokeAPI/sprites/master/sprites/pokemon/other/official-artwork/113.png, https://raw.githubusercontent.com/PokeAPI/sprites/master/sprites/pokemon/other/official-artwork/shiny/113.png);
INSERT INTO pokemon.base_stats (base_hp, base_attack, base_defense, base_special_attack, base_special_defense, base_speed, fk_generation, fk_form)
VALUES (250, 5, 5, 35, 105, 50, 1, 209);
INSERT INTO pokemon.form_has_type_per_generation (fk_form, fk_type, fk_generation, is_primary)
VALUES (209, 1, 1, True);

INSERT INTO pokemon.pokemon_species (name, pokedex_index, is_baby, is_legendary, is_mythical, evolves_from)
VALUES ('seadra', 117, False, False, False, horsea);
INSERT INTO pokemon.form (name, is_default, fk_pokemon_species, height, weight, legacy_cry, latest_cry, artwork, shiny_artwork)
VALUES ('seadra', True, 133, 12, 250, https://raw.githubusercontent.com/PokeAPI/cries/main/cries/pokemon/legacy/117.ogg, https://raw.githubusercontent.com/PokeAPI/cries/main/cries/pokemon/latest/117.ogg, https://raw.githubusercontent.com/PokeAPI/sprites/master/sprites/pokemon/other/official-artwork/117.png, https://raw.githubusercontent.com/PokeAPI/sprites/master/sprites/pokemon/other/official-artwork/shiny/117.png);
INSERT INTO pokemon.base_stats (base_hp, base_attack, base_defense, base_special_attack, base_special_defense, base_speed, fk_generation, fk_form)
VALUES (55, 65, 95, 95, 45, 85, 1, 210);
INSERT INTO pokemon.form_has_type_per_generation (fk_form, fk_type, fk_generation, is_primary)
VALUES (210, 11, 1, True);

INSERT INTO pokemon.pokemon_species (name, pokedex_index, is_baby, is_legendary, is_mythical, evolves_from)
VALUES ('seaking', 119, False, False, False, goldeen);
INSERT INTO pokemon.form (name, is_default, fk_pokemon_species, height, weight, legacy_cry, latest_cry, artwork, shiny_artwork)
VALUES ('seaking', True, 134, 13, 390, https://raw.githubusercontent.com/PokeAPI/cries/main/cries/pokemon/legacy/119.ogg, https://raw.githubusercontent.com/PokeAPI/cries/main/cries/pokemon/latest/119.ogg, https://raw.githubusercontent.com/PokeAPI/sprites/master/sprites/pokemon/other/official-artwork/119.png, https://raw.githubusercontent.com/PokeAPI/sprites/master/sprites/pokemon/other/official-artwork/shiny/119.png);
INSERT INTO pokemon.base_stats (base_hp, base_attack, base_defense, base_special_attack, base_special_defense, base_speed, fk_generation, fk_form)
VALUES (80, 92, 65, 65, 80, 68, 1, 211);
INSERT INTO pokemon.form_has_type_per_generation (fk_form, fk_type, fk_generation, is_primary)
VALUES (211, 11, 1, True);

INSERT INTO pokemon.pokemon_species (name, pokedex_index, is_baby, is_legendary, is_mythical, evolves_from)
VALUES ('starmie', 121, False, False, False, staryu);
INSERT INTO pokemon.form (name, is_default, fk_pokemon_species, height, weight, legacy_cry, latest_cry, artwork, shiny_artwork)
VALUES ('starmie', True, 135, 11, 800, https://raw.githubusercontent.com/PokeAPI/cries/main/cries/pokemon/legacy/121.ogg, https://raw.githubusercontent.com/PokeAPI/cries/main/cries/pokemon/latest/121.ogg, https://raw.githubusercontent.com/PokeAPI/sprites/master/sprites/pokemon/other/official-artwork/121.png, https://raw.githubusercontent.com/PokeAPI/sprites/master/sprites/pokemon/other/official-artwork/shiny/121.png);
INSERT INTO pokemon.base_stats (base_hp, base_attack, base_defense, base_special_attack, base_special_defense, base_speed, fk_generation, fk_form)
VALUES (60, 75, 85, 100, 85, 115, 1, 212);
INSERT INTO pokemon.form_has_type_per_generation (fk_form, fk_type, fk_generation, is_primary)
VALUES (212, 11, 1, True);
INSERT INTO pokemon.form_has_type_per_generation (fk_form, fk_type, fk_generation, is_primary)
VALUES (212, 14, 1, False);

INSERT INTO pokemon.pokemon_species (name, pokedex_index, is_baby, is_legendary, is_mythical, evolves_from)
VALUES ('mr-mime', 122, False, False, False, mime-jr);
INSERT INTO pokemon.form (name, is_default, fk_pokemon_species, height, weight, legacy_cry, latest_cry, artwork, shiny_artwork)
VALUES ('mr-mime', True, 136, 13, 545, https://raw.githubusercontent.com/PokeAPI/cries/main/cries/pokemon/legacy/122.ogg, https://raw.githubusercontent.com/PokeAPI/cries/main/cries/pokemon/latest/122.ogg, https://raw.githubusercontent.com/PokeAPI/sprites/master/sprites/pokemon/other/official-artwork/122.png, https://raw.githubusercontent.com/PokeAPI/sprites/master/sprites/pokemon/other/official-artwork/shiny/122.png);
INSERT INTO pokemon.base_stats (base_hp, base_attack, base_defense, base_special_attack, base_special_defense, base_speed, fk_generation, fk_form)
VALUES (40, 45, 65, 100, 120, 90, 1, 213);
INSERT INTO pokemon.form_has_type_per_generation (fk_form, fk_type, fk_generation, is_primary)
VALUES (213, 14, 1, True);
INSERT INTO pokemon.form_has_type_per_generation (fk_form, fk_type, fk_generation, is_primary)
VALUES (213, 18, 1, False);

INSERT INTO pokemon.form (name, is_default, fk_pokemon_species, height, weight, legacy_cry, latest_cry, artwork, shiny_artwork)
VALUES ('mr-mime-galar', False, 136, 14, 568, None, https://raw.githubusercontent.com/PokeAPI/cries/main/cries/pokemon/latest/10168.ogg, https://raw.githubusercontent.com/PokeAPI/sprites/master/sprites/pokemon/other/official-artwork/10168.png, https://raw.githubusercontent.com/PokeAPI/sprites/master/sprites/pokemon/other/official-artwork/shiny/10168.png);
INSERT INTO pokemon.base_stats (base_hp, base_attack, base_defense, base_special_attack, base_special_defense, base_speed, fk_generation, fk_form)
VALUES (50, 65, 65, 90, 90, 100, 8, 214);
INSERT INTO pokemon.form_has_type_per_generation (fk_form, fk_type, fk_generation, is_primary)
VALUES (214, 15, 8, True);
INSERT INTO pokemon.form_has_type_per_generation (fk_form, fk_type, fk_generation, is_primary)
VALUES (214, 14, 8, False);

INSERT INTO pokemon.pokemon_species (name, pokedex_index, is_baby, is_legendary, is_mythical, evolves_from)
VALUES ('jynx', 124, False, False, False, smoochum);
INSERT INTO pokemon.form (name, is_default, fk_pokemon_species, height, weight, legacy_cry, latest_cry, artwork, shiny_artwork)
VALUES ('jynx', True, 137, 14, 406, https://raw.githubusercontent.com/PokeAPI/cries/main/cries/pokemon/legacy/124.ogg, https://raw.githubusercontent.com/PokeAPI/cries/main/cries/pokemon/latest/124.ogg, https://raw.githubusercontent.com/PokeAPI/sprites/master/sprites/pokemon/other/official-artwork/124.png, https://raw.githubusercontent.com/PokeAPI/sprites/master/sprites/pokemon/other/official-artwork/shiny/124.png);
INSERT INTO pokemon.base_stats (base_hp, base_attack, base_defense, base_special_attack, base_special_defense, base_speed, fk_generation, fk_form)
VALUES (65, 50, 35, 115, 95, 95, 1, 215);
INSERT INTO pokemon.form_has_type_per_generation (fk_form, fk_type, fk_generation, is_primary)
VALUES (215, 15, 1, True);
INSERT INTO pokemon.form_has_type_per_generation (fk_form, fk_type, fk_generation, is_primary)
VALUES (215, 14, 1, False);

INSERT INTO pokemon.pokemon_species (name, pokedex_index, is_baby, is_legendary, is_mythical, evolves_from)
VALUES ('electabuzz', 125, False, False, False, elekid);
INSERT INTO pokemon.form (name, is_default, fk_pokemon_species, height, weight, legacy_cry, latest_cry, artwork, shiny_artwork)
VALUES ('electabuzz', True, 138, 11, 300, https://raw.githubusercontent.com/PokeAPI/cries/main/cries/pokemon/legacy/125.ogg, https://raw.githubusercontent.com/PokeAPI/cries/main/cries/pokemon/latest/125.ogg, https://raw.githubusercontent.com/PokeAPI/sprites/master/sprites/pokemon/other/official-artwork/125.png, https://raw.githubusercontent.com/PokeAPI/sprites/master/sprites/pokemon/other/official-artwork/shiny/125.png);
INSERT INTO pokemon.base_stats (base_hp, base_attack, base_defense, base_special_attack, base_special_defense, base_speed, fk_generation, fk_form)
VALUES (65, 83, 57, 95, 85, 105, 1, 216);
INSERT INTO pokemon.form_has_type_per_generation (fk_form, fk_type, fk_generation, is_primary)
VALUES (216, 13, 1, True);

INSERT INTO pokemon.pokemon_species (name, pokedex_index, is_baby, is_legendary, is_mythical, evolves_from)
VALUES ('magmar', 126, False, False, False, magby);
INSERT INTO pokemon.form (name, is_default, fk_pokemon_species, height, weight, legacy_cry, latest_cry, artwork, shiny_artwork)
VALUES ('magmar', True, 139, 13, 445, https://raw.githubusercontent.com/PokeAPI/cries/main/cries/pokemon/legacy/126.ogg, https://raw.githubusercontent.com/PokeAPI/cries/main/cries/pokemon/latest/126.ogg, https://raw.githubusercontent.com/PokeAPI/sprites/master/sprites/pokemon/other/official-artwork/126.png, https://raw.githubusercontent.com/PokeAPI/sprites/master/sprites/pokemon/other/official-artwork/shiny/126.png);
INSERT INTO pokemon.base_stats (base_hp, base_attack, base_defense, base_special_attack, base_special_defense, base_speed, fk_generation, fk_form)
VALUES (65, 95, 57, 100, 85, 93, 1, 217);
INSERT INTO pokemon.form_has_type_per_generation (fk_form, fk_type, fk_generation, is_primary)
VALUES (217, 10, 1, True);

INSERT INTO pokemon.pokemon_species (name, pokedex_index, is_baby, is_legendary, is_mythical, evolves_from)
VALUES ('gyarados', 130, False, False, False, magikarp);
INSERT INTO pokemon.form (name, is_default, fk_pokemon_species, height, weight, legacy_cry, latest_cry, artwork, shiny_artwork)
VALUES ('gyarados', True, 140, 65, 2350, https://raw.githubusercontent.com/PokeAPI/cries/main/cries/pokemon/legacy/130.ogg, https://raw.githubusercontent.com/PokeAPI/cries/main/cries/pokemon/latest/130.ogg, https://raw.githubusercontent.com/PokeAPI/sprites/master/sprites/pokemon/other/official-artwork/130.png, https://raw.githubusercontent.com/PokeAPI/sprites/master/sprites/pokemon/other/official-artwork/shiny/130.png);
INSERT INTO pokemon.base_stats (base_hp, base_attack, base_defense, base_special_attack, base_special_defense, base_speed, fk_generation, fk_form)
VALUES (95, 125, 79, 60, 100, 81, 1, 218);
INSERT INTO pokemon.form_has_type_per_generation (fk_form, fk_type, fk_generation, is_primary)
VALUES (218, 11, 1, True);
INSERT INTO pokemon.form_has_type_per_generation (fk_form, fk_type, fk_generation, is_primary)
VALUES (218, 3, 1, False);

INSERT INTO pokemon.form (name, is_default, fk_pokemon_species, height, weight, legacy_cry, latest_cry, artwork, shiny_artwork)
VALUES ('gyarados-mega', False, 140, 65, 3050, None, https://raw.githubusercontent.com/PokeAPI/cries/main/cries/pokemon/latest/10041.ogg, https://raw.githubusercontent.com/PokeAPI/sprites/master/sprites/pokemon/other/official-artwork/10041.png, https://raw.githubusercontent.com/PokeAPI/sprites/master/sprites/pokemon/other/official-artwork/shiny/10041.png);
INSERT INTO pokemon.base_stats (base_hp, base_attack, base_defense, base_special_attack, base_special_defense, base_speed, fk_generation, fk_form)
VALUES (95, 155, 109, 70, 130, 81, 6, 219);
INSERT INTO pokemon.form_has_type_per_generation (fk_form, fk_type, fk_generation, is_primary)
VALUES (219, 11, 6, True);
INSERT INTO pokemon.form_has_type_per_generation (fk_form, fk_type, fk_generation, is_primary)
VALUES (219, 17, 6, False);

INSERT INTO pokemon.pokemon_species (name, pokedex_index, is_baby, is_legendary, is_mythical, evolves_from)
VALUES ('vaporeon', 134, False, False, False, eevee);
INSERT INTO pokemon.form (name, is_default, fk_pokemon_species, height, weight, legacy_cry, latest_cry, artwork, shiny_artwork)
VALUES ('vaporeon', True, 141, 10, 290, https://raw.githubusercontent.com/PokeAPI/cries/main/cries/pokemon/legacy/134.ogg, https://raw.githubusercontent.com/PokeAPI/cries/main/cries/pokemon/latest/134.ogg, https://raw.githubusercontent.com/PokeAPI/sprites/master/sprites/pokemon/other/official-artwork/134.png, https://raw.githubusercontent.com/PokeAPI/sprites/master/sprites/pokemon/other/official-artwork/shiny/134.png);
INSERT INTO pokemon.base_stats (base_hp, base_attack, base_defense, base_special_attack, base_special_defense, base_speed, fk_generation, fk_form)
VALUES (130, 65, 60, 110, 95, 65, 1, 220);
INSERT INTO pokemon.form_has_type_per_generation (fk_form, fk_type, fk_generation, is_primary)
VALUES (220, 11, 1, True);

INSERT INTO pokemon.pokemon_species (name, pokedex_index, is_baby, is_legendary, is_mythical, evolves_from)
VALUES ('jolteon', 135, False, False, False, eevee);
INSERT INTO pokemon.form (name, is_default, fk_pokemon_species, height, weight, legacy_cry, latest_cry, artwork, shiny_artwork)
VALUES ('jolteon', True, 142, 8, 245, https://raw.githubusercontent.com/PokeAPI/cries/main/cries/pokemon/legacy/135.ogg, https://raw.githubusercontent.com/PokeAPI/cries/main/cries/pokemon/latest/135.ogg, https://raw.githubusercontent.com/PokeAPI/sprites/master/sprites/pokemon/other/official-artwork/135.png, https://raw.githubusercontent.com/PokeAPI/sprites/master/sprites/pokemon/other/official-artwork/shiny/135.png);
INSERT INTO pokemon.base_stats (base_hp, base_attack, base_defense, base_special_attack, base_special_defense, base_speed, fk_generation, fk_form)
VALUES (65, 65, 60, 110, 95, 130, 1, 221);
INSERT INTO pokemon.form_has_type_per_generation (fk_form, fk_type, fk_generation, is_primary)
VALUES (221, 13, 1, True);

INSERT INTO pokemon.pokemon_species (name, pokedex_index, is_baby, is_legendary, is_mythical, evolves_from)
VALUES ('flareon', 136, False, False, False, eevee);
INSERT INTO pokemon.form (name, is_default, fk_pokemon_species, height, weight, legacy_cry, latest_cry, artwork, shiny_artwork)
VALUES ('flareon', True, 143, 9, 250, https://raw.githubusercontent.com/PokeAPI/cries/main/cries/pokemon/legacy/136.ogg, https://raw.githubusercontent.com/PokeAPI/cries/main/cries/pokemon/latest/136.ogg, https://raw.githubusercontent.com/PokeAPI/sprites/master/sprites/pokemon/other/official-artwork/136.png, https://raw.githubusercontent.com/PokeAPI/sprites/master/sprites/pokemon/other/official-artwork/shiny/136.png);
INSERT INTO pokemon.base_stats (base_hp, base_attack, base_defense, base_special_attack, base_special_defense, base_speed, fk_generation, fk_form)
VALUES (65, 130, 60, 95, 110, 65, 1, 222);
INSERT INTO pokemon.form_has_type_per_generation (fk_form, fk_type, fk_generation, is_primary)
VALUES (222, 10, 1, True);

INSERT INTO pokemon.pokemon_species (name, pokedex_index, is_baby, is_legendary, is_mythical, evolves_from)
VALUES ('omastar', 139, False, False, False, omanyte);
INSERT INTO pokemon.form (name, is_default, fk_pokemon_species, height, weight, legacy_cry, latest_cry, artwork, shiny_artwork)
VALUES ('omastar', True, 144, 10, 350, https://raw.githubusercontent.com/PokeAPI/cries/main/cries/pokemon/legacy/139.ogg, https://raw.githubusercontent.com/PokeAPI/cries/main/cries/pokemon/latest/139.ogg, https://raw.githubusercontent.com/PokeAPI/sprites/master/sprites/pokemon/other/official-artwork/139.png, https://raw.githubusercontent.com/PokeAPI/sprites/master/sprites/pokemon/other/official-artwork/shiny/139.png);
INSERT INTO pokemon.base_stats (base_hp, base_attack, base_defense, base_special_attack, base_special_defense, base_speed, fk_generation, fk_form)
VALUES (70, 60, 125, 115, 70, 55, 1, 223);
INSERT INTO pokemon.form_has_type_per_generation (fk_form, fk_type, fk_generation, is_primary)
VALUES (223, 6, 1, True);
INSERT INTO pokemon.form_has_type_per_generation (fk_form, fk_type, fk_generation, is_primary)
VALUES (223, 11, 1, False);

INSERT INTO pokemon.pokemon_species (name, pokedex_index, is_baby, is_legendary, is_mythical, evolves_from)
VALUES ('kabutops', 141, False, False, False, kabuto);
INSERT INTO pokemon.form (name, is_default, fk_pokemon_species, height, weight, legacy_cry, latest_cry, artwork, shiny_artwork)
VALUES ('kabutops', True, 145, 13, 405, https://raw.githubusercontent.com/PokeAPI/cries/main/cries/pokemon/legacy/141.ogg, https://raw.githubusercontent.com/PokeAPI/cries/main/cries/pokemon/latest/141.ogg, https://raw.githubusercontent.com/PokeAPI/sprites/master/sprites/pokemon/other/official-artwork/141.png, https://raw.githubusercontent.com/PokeAPI/sprites/master/sprites/pokemon/other/official-artwork/shiny/141.png);
INSERT INTO pokemon.base_stats (base_hp, base_attack, base_defense, base_special_attack, base_special_defense, base_speed, fk_generation, fk_form)
VALUES (60, 115, 105, 65, 70, 80, 1, 224);
INSERT INTO pokemon.form_has_type_per_generation (fk_form, fk_type, fk_generation, is_primary)
VALUES (224, 6, 1, True);
INSERT INTO pokemon.form_has_type_per_generation (fk_form, fk_type, fk_generation, is_primary)
VALUES (224, 11, 1, False);

INSERT INTO pokemon.pokemon_species (name, pokedex_index, is_baby, is_legendary, is_mythical, evolves_from)
VALUES ('snorlax', 143, False, False, False, munchlax);
INSERT INTO pokemon.form (name, is_default, fk_pokemon_species, height, weight, legacy_cry, latest_cry, artwork, shiny_artwork)
VALUES ('snorlax', True, 146, 21, 4600, https://raw.githubusercontent.com/PokeAPI/cries/main/cries/pokemon/legacy/143.ogg, https://raw.githubusercontent.com/PokeAPI/cries/main/cries/pokemon/latest/143.ogg, https://raw.githubusercontent.com/PokeAPI/sprites/master/sprites/pokemon/other/official-artwork/143.png, https://raw.githubusercontent.com/PokeAPI/sprites/master/sprites/pokemon/other/official-artwork/shiny/143.png);
INSERT INTO pokemon.base_stats (base_hp, base_attack, base_defense, base_special_attack, base_special_defense, base_speed, fk_generation, fk_form)
VALUES (160, 110, 65, 65, 110, 30, 1, 225);
INSERT INTO pokemon.form_has_type_per_generation (fk_form, fk_type, fk_generation, is_primary)
VALUES (225, 1, 1, True);

INSERT INTO pokemon.form (name, is_default, fk_pokemon_species, height, weight, legacy_cry, latest_cry, artwork, shiny_artwork)
VALUES ('snorlax-gmax', False, 146, 350, 10000, None, https://raw.githubusercontent.com/PokeAPI/cries/main/cries/pokemon/latest/10206.ogg, https://raw.githubusercontent.com/PokeAPI/sprites/master/sprites/pokemon/other/official-artwork/10206.png, https://raw.githubusercontent.com/PokeAPI/sprites/master/sprites/pokemon/other/official-artwork/shiny/10206.png);
INSERT INTO pokemon.base_stats (base_hp, base_attack, base_defense, base_special_attack, base_special_defense, base_speed, fk_generation, fk_form)
VALUES (160, 110, 65, 65, 110, 30, 8, 226);
INSERT INTO pokemon.form_has_type_per_generation (fk_form, fk_type, fk_generation, is_primary)
VALUES (226, 1, 8, True);

INSERT INTO pokemon.pokemon_species (name, pokedex_index, is_baby, is_legendary, is_mythical, evolves_from)
VALUES ('dragonair', 148, False, False, False, dratini);
INSERT INTO pokemon.form (name, is_default, fk_pokemon_species, height, weight, legacy_cry, latest_cry, artwork, shiny_artwork)
VALUES ('dragonair', True, 147, 40, 165, https://raw.githubusercontent.com/PokeAPI/cries/main/cries/pokemon/legacy/148.ogg, https://raw.githubusercontent.com/PokeAPI/cries/main/cries/pokemon/latest/148.ogg, https://raw.githubusercontent.com/PokeAPI/sprites/master/sprites/pokemon/other/official-artwork/148.png, https://raw.githubusercontent.com/PokeAPI/sprites/master/sprites/pokemon/other/official-artwork/shiny/148.png);
INSERT INTO pokemon.base_stats (base_hp, base_attack, base_defense, base_special_attack, base_special_defense, base_speed, fk_generation, fk_form)
VALUES (61, 84, 65, 70, 70, 70, 1, 227);
INSERT INTO pokemon.form_has_type_per_generation (fk_form, fk_type, fk_generation, is_primary)
VALUES (227, 16, 1, True);

INSERT INTO pokemon.pokemon_species (name, pokedex_index, is_baby, is_legendary, is_mythical, evolves_from)
VALUES ('dragonite', 149, False, False, False, dragonair);
INSERT INTO pokemon.form (name, is_default, fk_pokemon_species, height, weight, legacy_cry, latest_cry, artwork, shiny_artwork)
VALUES ('dragonite', True, 148, 22, 2100, https://raw.githubusercontent.com/PokeAPI/cries/main/cries/pokemon/legacy/149.ogg, https://raw.githubusercontent.com/PokeAPI/cries/main/cries/pokemon/latest/149.ogg, https://raw.githubusercontent.com/PokeAPI/sprites/master/sprites/pokemon/other/official-artwork/149.png, https://raw.githubusercontent.com/PokeAPI/sprites/master/sprites/pokemon/other/official-artwork/shiny/149.png);
INSERT INTO pokemon.base_stats (base_hp, base_attack, base_defense, base_special_attack, base_special_defense, base_speed, fk_generation, fk_form)
VALUES (91, 134, 95, 100, 100, 80, 1, 228);
INSERT INTO pokemon.form_has_type_per_generation (fk_form, fk_type, fk_generation, is_primary)
VALUES (228, 16, 1, True);
INSERT INTO pokemon.form_has_type_per_generation (fk_form, fk_type, fk_generation, is_primary)
VALUES (228, 3, 1, False);

INSERT INTO pokemon.pokemon_species (name, pokedex_index, is_baby, is_legendary, is_mythical, evolves_from)
VALUES ('mew', 151, False, False, True, None);
INSERT INTO pokemon.form (name, is_default, fk_pokemon_species, height, weight, legacy_cry, latest_cry, artwork, shiny_artwork)
VALUES ('mew', True, 149, 4, 40, https://raw.githubusercontent.com/PokeAPI/cries/main/cries/pokemon/legacy/151.ogg, https://raw.githubusercontent.com/PokeAPI/cries/main/cries/pokemon/latest/151.ogg, https://raw.githubusercontent.com/PokeAPI/sprites/master/sprites/pokemon/other/official-artwork/151.png, https://raw.githubusercontent.com/PokeAPI/sprites/master/sprites/pokemon/other/official-artwork/shiny/151.png);
INSERT INTO pokemon.base_stats (base_hp, base_attack, base_defense, base_special_attack, base_special_defense, base_speed, fk_generation, fk_form)
VALUES (100, 100, 100, 100, 100, 100, 1, 229);
INSERT INTO pokemon.form_has_type_per_generation (fk_form, fk_type, fk_generation, is_primary)
VALUES (229, 14, 1, True);

INSERT INTO pokemon.pokemon_species (name, pokedex_index, is_baby, is_legendary, is_mythical, evolves_from)
VALUES ('ivysaur', 2, False, False, False, bulbasaur);
INSERT INTO pokemon.form (name, is_default, fk_pokemon_species, height, weight, legacy_cry, latest_cry, artwork, shiny_artwork)
VALUES ('ivysaur', True, 150, 10, 130, https://raw.githubusercontent.com/PokeAPI/cries/main/cries/pokemon/legacy/2.ogg, https://raw.githubusercontent.com/PokeAPI/cries/main/cries/pokemon/latest/2.ogg, https://raw.githubusercontent.com/PokeAPI/sprites/master/sprites/pokemon/other/official-artwork/2.png, https://raw.githubusercontent.com/PokeAPI/sprites/master/sprites/pokemon/other/official-artwork/shiny/2.png);
INSERT INTO pokemon.base_stats (base_hp, base_attack, base_defense, base_special_attack, base_special_defense, base_speed, fk_generation, fk_form)
VALUES (60, 62, 63, 80, 80, 60, 1, 230);
INSERT INTO pokemon.form_has_type_per_generation (fk_form, fk_type, fk_generation, is_primary)
VALUES (230, 12, 1, True);
INSERT INTO pokemon.form_has_type_per_generation (fk_form, fk_type, fk_generation, is_primary)
VALUES (230, 4, 1, False);

INSERT INTO pokemon.pokemon_species (name, pokedex_index, is_baby, is_legendary, is_mythical, evolves_from)
VALUES ('golem', 76, False, False, False, graveler);
INSERT INTO pokemon.form (name, is_default, fk_pokemon_species, height, weight, legacy_cry, latest_cry, artwork, shiny_artwork)
VALUES ('golem', True, 151, 14, 3000, https://raw.githubusercontent.com/PokeAPI/cries/main/cries/pokemon/legacy/76.ogg, https://raw.githubusercontent.com/PokeAPI/cries/main/cries/pokemon/latest/76.ogg, https://raw.githubusercontent.com/PokeAPI/sprites/master/sprites/pokemon/other/official-artwork/76.png, https://raw.githubusercontent.com/PokeAPI/sprites/master/sprites/pokemon/other/official-artwork/shiny/76.png);
INSERT INTO pokemon.base_stats (base_hp, base_attack, base_defense, base_special_attack, base_special_defense, base_speed, fk_generation, fk_form)
VALUES (80, 120, 130, 55, 65, 45, 1, 231);
INSERT INTO pokemon.form_has_type_per_generation (fk_form, fk_type, fk_generation, is_primary)
VALUES (231, 6, 1, True);
INSERT INTO pokemon.form_has_type_per_generation (fk_form, fk_type, fk_generation, is_primary)
VALUES (231, 5, 1, False);

INSERT INTO pokemon.form (name, is_default, fk_pokemon_species, height, weight, legacy_cry, latest_cry, artwork, shiny_artwork)
VALUES ('golem-alola', False, 151, 17, 3160, None, https://raw.githubusercontent.com/PokeAPI/cries/main/cries/pokemon/latest/10111.ogg, https://raw.githubusercontent.com/PokeAPI/sprites/master/sprites/pokemon/other/official-artwork/10111.png, https://raw.githubusercontent.com/PokeAPI/sprites/master/sprites/pokemon/other/official-artwork/shiny/10111.png);
INSERT INTO pokemon.base_stats (base_hp, base_attack, base_defense, base_special_attack, base_special_defense, base_speed, fk_generation, fk_form)
VALUES (80, 120, 130, 55, 65, 45, 7, 232);
INSERT INTO pokemon.form_has_type_per_generation (fk_form, fk_type, fk_generation, is_primary)
VALUES (232, 6, 7, True);
INSERT INTO pokemon.form_has_type_per_generation (fk_form, fk_type, fk_generation, is_primary)
VALUES (232, 13, 7, False);



-- POKEMON-SPECIES, FORMS, ITS TYPES AND BASE_STATS
-- POKEMON-SPECIES, FORMS, ITS TYPES AND BASE_STATS
-- POKEMON-SPECIES, FORMS, ITS TYPES AND BASE_STATS
INSERT INTO pokemon.pokemon_species (name, pokedex_index, is_baby, is_legendary, is_mythical, evolves_from)
VALUES ('chikorita', 152, False, False, False, None);
INSERT INTO pokemon.form (name, is_default, fk_pokemon_species, height, weight, legacy_cry, latest_cry, artwork, shiny_artwork)
VALUES ('chikorita', True, 152, 9, 64, https://raw.githubusercontent.com/PokeAPI/cries/main/cries/pokemon/legacy/152.ogg, https://raw.githubusercontent.com/PokeAPI/cries/main/cries/pokemon/latest/152.ogg, https://raw.githubusercontent.com/PokeAPI/sprites/master/sprites/pokemon/other/official-artwork/152.png, https://raw.githubusercontent.com/PokeAPI/sprites/master/sprites/pokemon/other/official-artwork/shiny/152.png);
INSERT INTO pokemon.base_stats (base_hp, base_attack, base_defense, base_special_attack, base_special_defense, base_speed, fk_generation, fk_form)
VALUES (45, 49, 65, 49, 65, 45, 2, 233);
INSERT INTO pokemon.form_has_type_per_generation (fk_form, fk_type, fk_generation, is_primary)
VALUES (233, 12, 2, True);

INSERT INTO pokemon.pokemon_species (name, pokedex_index, is_baby, is_legendary, is_mythical, evolves_from)
VALUES ('cyndaquil', 155, False, False, False, None);
INSERT INTO pokemon.form (name, is_default, fk_pokemon_species, height, weight, legacy_cry, latest_cry, artwork, shiny_artwork)
VALUES ('cyndaquil', True, 153, 5, 79, https://raw.githubusercontent.com/PokeAPI/cries/main/cries/pokemon/legacy/155.ogg, https://raw.githubusercontent.com/PokeAPI/cries/main/cries/pokemon/latest/155.ogg, https://raw.githubusercontent.com/PokeAPI/sprites/master/sprites/pokemon/other/official-artwork/155.png, https://raw.githubusercontent.com/PokeAPI/sprites/master/sprites/pokemon/other/official-artwork/shiny/155.png);
INSERT INTO pokemon.base_stats (base_hp, base_attack, base_defense, base_special_attack, base_special_defense, base_speed, fk_generation, fk_form)
VALUES (39, 52, 43, 60, 50, 65, 2, 234);
INSERT INTO pokemon.form_has_type_per_generation (fk_form, fk_type, fk_generation, is_primary)
VALUES (234, 10, 2, True);

INSERT INTO pokemon.pokemon_species (name, pokedex_index, is_baby, is_legendary, is_mythical, evolves_from)
VALUES ('totodile', 158, False, False, False, None);
INSERT INTO pokemon.form (name, is_default, fk_pokemon_species, height, weight, legacy_cry, latest_cry, artwork, shiny_artwork)
VALUES ('totodile', True, 154, 6, 95, https://raw.githubusercontent.com/PokeAPI/cries/main/cries/pokemon/legacy/158.ogg, https://raw.githubusercontent.com/PokeAPI/cries/main/cries/pokemon/latest/158.ogg, https://raw.githubusercontent.com/PokeAPI/sprites/master/sprites/pokemon/other/official-artwork/158.png, https://raw.githubusercontent.com/PokeAPI/sprites/master/sprites/pokemon/other/official-artwork/shiny/158.png);
INSERT INTO pokemon.base_stats (base_hp, base_attack, base_defense, base_special_attack, base_special_defense, base_speed, fk_generation, fk_form)
VALUES (50, 65, 64, 44, 48, 43, 2, 235);
INSERT INTO pokemon.form_has_type_per_generation (fk_form, fk_type, fk_generation, is_primary)
VALUES (235, 11, 2, True);

INSERT INTO pokemon.pokemon_species (name, pokedex_index, is_baby, is_legendary, is_mythical, evolves_from)
VALUES ('sentret', 161, False, False, False, None);
INSERT INTO pokemon.form (name, is_default, fk_pokemon_species, height, weight, legacy_cry, latest_cry, artwork, shiny_artwork)
VALUES ('sentret', True, 155, 8, 60, https://raw.githubusercontent.com/PokeAPI/cries/main/cries/pokemon/legacy/161.ogg, https://raw.githubusercontent.com/PokeAPI/cries/main/cries/pokemon/latest/161.ogg, https://raw.githubusercontent.com/PokeAPI/sprites/master/sprites/pokemon/other/official-artwork/161.png, https://raw.githubusercontent.com/PokeAPI/sprites/master/sprites/pokemon/other/official-artwork/shiny/161.png);
INSERT INTO pokemon.base_stats (base_hp, base_attack, base_defense, base_special_attack, base_special_defense, base_speed, fk_generation, fk_form)
VALUES (35, 46, 34, 35, 45, 20, 2, 236);
INSERT INTO pokemon.form_has_type_per_generation (fk_form, fk_type, fk_generation, is_primary)
VALUES (236, 1, 2, True);

INSERT INTO pokemon.pokemon_species (name, pokedex_index, is_baby, is_legendary, is_mythical, evolves_from)
VALUES ('hoothoot', 163, False, False, False, None);
INSERT INTO pokemon.form (name, is_default, fk_pokemon_species, height, weight, legacy_cry, latest_cry, artwork, shiny_artwork)
VALUES ('hoothoot', True, 156, 7, 212, https://raw.githubusercontent.com/PokeAPI/cries/main/cries/pokemon/legacy/163.ogg, https://raw.githubusercontent.com/PokeAPI/cries/main/cries/pokemon/latest/163.ogg, https://raw.githubusercontent.com/PokeAPI/sprites/master/sprites/pokemon/other/official-artwork/163.png, https://raw.githubusercontent.com/PokeAPI/sprites/master/sprites/pokemon/other/official-artwork/shiny/163.png);
INSERT INTO pokemon.base_stats (base_hp, base_attack, base_defense, base_special_attack, base_special_defense, base_speed, fk_generation, fk_form)
VALUES (60, 30, 30, 36, 56, 50, 2, 237);
INSERT INTO pokemon.form_has_type_per_generation (fk_form, fk_type, fk_generation, is_primary)
VALUES (237, 1, 2, True);
INSERT INTO pokemon.form_has_type_per_generation (fk_form, fk_type, fk_generation, is_primary)
VALUES (237, 3, 2, False);

INSERT INTO pokemon.pokemon_species (name, pokedex_index, is_baby, is_legendary, is_mythical, evolves_from)
VALUES ('ledyba', 165, False, False, False, None);
INSERT INTO pokemon.form (name, is_default, fk_pokemon_species, height, weight, legacy_cry, latest_cry, artwork, shiny_artwork)
VALUES ('ledyba', True, 157, 10, 108, https://raw.githubusercontent.com/PokeAPI/cries/main/cries/pokemon/legacy/165.ogg, https://raw.githubusercontent.com/PokeAPI/cries/main/cries/pokemon/latest/165.ogg, https://raw.githubusercontent.com/PokeAPI/sprites/master/sprites/pokemon/other/official-artwork/165.png, https://raw.githubusercontent.com/PokeAPI/sprites/master/sprites/pokemon/other/official-artwork/shiny/165.png);
INSERT INTO pokemon.base_stats (base_hp, base_attack, base_defense, base_special_attack, base_special_defense, base_speed, fk_generation, fk_form)
VALUES (40, 20, 30, 40, 80, 55, 2, 238);
INSERT INTO pokemon.form_has_type_per_generation (fk_form, fk_type, fk_generation, is_primary)
VALUES (238, 7, 2, True);
INSERT INTO pokemon.form_has_type_per_generation (fk_form, fk_type, fk_generation, is_primary)
VALUES (238, 3, 2, False);

INSERT INTO pokemon.pokemon_species (name, pokedex_index, is_baby, is_legendary, is_mythical, evolves_from)
VALUES ('spinarak', 167, False, False, False, None);
INSERT INTO pokemon.form (name, is_default, fk_pokemon_species, height, weight, legacy_cry, latest_cry, artwork, shiny_artwork)
VALUES ('spinarak', True, 158, 5, 85, https://raw.githubusercontent.com/PokeAPI/cries/main/cries/pokemon/legacy/167.ogg, https://raw.githubusercontent.com/PokeAPI/cries/main/cries/pokemon/latest/167.ogg, https://raw.githubusercontent.com/PokeAPI/sprites/master/sprites/pokemon/other/official-artwork/167.png, https://raw.githubusercontent.com/PokeAPI/sprites/master/sprites/pokemon/other/official-artwork/shiny/167.png);
INSERT INTO pokemon.base_stats (base_hp, base_attack, base_defense, base_special_attack, base_special_defense, base_speed, fk_generation, fk_form)
VALUES (40, 60, 40, 40, 40, 30, 2, 239);
INSERT INTO pokemon.form_has_type_per_generation (fk_form, fk_type, fk_generation, is_primary)
VALUES (239, 7, 2, True);
INSERT INTO pokemon.form_has_type_per_generation (fk_form, fk_type, fk_generation, is_primary)
VALUES (239, 4, 2, False);

INSERT INTO pokemon.pokemon_species (name, pokedex_index, is_baby, is_legendary, is_mythical, evolves_from)
VALUES ('chinchou', 170, False, False, False, None);
INSERT INTO pokemon.form (name, is_default, fk_pokemon_species, height, weight, legacy_cry, latest_cry, artwork, shiny_artwork)
VALUES ('chinchou', True, 159, 5, 120, https://raw.githubusercontent.com/PokeAPI/cries/main/cries/pokemon/legacy/170.ogg, https://raw.githubusercontent.com/PokeAPI/cries/main/cries/pokemon/latest/170.ogg, https://raw.githubusercontent.com/PokeAPI/sprites/master/sprites/pokemon/other/official-artwork/170.png, https://raw.githubusercontent.com/PokeAPI/sprites/master/sprites/pokemon/other/official-artwork/shiny/170.png);
INSERT INTO pokemon.base_stats (base_hp, base_attack, base_defense, base_special_attack, base_special_defense, base_speed, fk_generation, fk_form)
VALUES (75, 38, 38, 56, 56, 67, 2, 240);
INSERT INTO pokemon.form_has_type_per_generation (fk_form, fk_type, fk_generation, is_primary)
VALUES (240, 11, 2, True);
INSERT INTO pokemon.form_has_type_per_generation (fk_form, fk_type, fk_generation, is_primary)
VALUES (240, 13, 2, False);

INSERT INTO pokemon.pokemon_species (name, pokedex_index, is_baby, is_legendary, is_mythical, evolves_from)
VALUES ('pichu', 172, True, False, False, None);
INSERT INTO pokemon.form (name, is_default, fk_pokemon_species, height, weight, legacy_cry, latest_cry, artwork, shiny_artwork)
VALUES ('pichu', True, 160, 3, 20, https://raw.githubusercontent.com/PokeAPI/cries/main/cries/pokemon/legacy/172.ogg, https://raw.githubusercontent.com/PokeAPI/cries/main/cries/pokemon/latest/172.ogg, https://raw.githubusercontent.com/PokeAPI/sprites/master/sprites/pokemon/other/official-artwork/172.png, https://raw.githubusercontent.com/PokeAPI/sprites/master/sprites/pokemon/other/official-artwork/shiny/172.png);
INSERT INTO pokemon.base_stats (base_hp, base_attack, base_defense, base_special_attack, base_special_defense, base_speed, fk_generation, fk_form)
VALUES (20, 40, 15, 35, 35, 60, 2, 241);
INSERT INTO pokemon.form_has_type_per_generation (fk_form, fk_type, fk_generation, is_primary)
VALUES (241, 13, 2, True);

INSERT INTO pokemon.pokemon_species (name, pokedex_index, is_baby, is_legendary, is_mythical, evolves_from)
VALUES ('cleffa', 173, True, False, False, None);
INSERT INTO pokemon.form (name, is_default, fk_pokemon_species, height, weight, legacy_cry, latest_cry, artwork, shiny_artwork)
VALUES ('cleffa', True, 161, 3, 30, https://raw.githubusercontent.com/PokeAPI/cries/main/cries/pokemon/legacy/173.ogg, https://raw.githubusercontent.com/PokeAPI/cries/main/cries/pokemon/latest/173.ogg, https://raw.githubusercontent.com/PokeAPI/sprites/master/sprites/pokemon/other/official-artwork/173.png, https://raw.githubusercontent.com/PokeAPI/sprites/master/sprites/pokemon/other/official-artwork/shiny/173.png);
INSERT INTO pokemon.base_stats (base_hp, base_attack, base_defense, base_special_attack, base_special_defense, base_speed, fk_generation, fk_form)
VALUES (50, 25, 28, 45, 55, 15, 2, 242);
INSERT INTO pokemon.form_has_type_per_generation (fk_form, fk_type, fk_generation, is_primary)
VALUES (242, 18, 2, True);

INSERT INTO pokemon.pokemon_species (name, pokedex_index, is_baby, is_legendary, is_mythical, evolves_from)
VALUES ('igglybuff', 174, True, False, False, None);
INSERT INTO pokemon.form (name, is_default, fk_pokemon_species, height, weight, legacy_cry, latest_cry, artwork, shiny_artwork)
VALUES ('igglybuff', True, 162, 3, 10, https://raw.githubusercontent.com/PokeAPI/cries/main/cries/pokemon/legacy/174.ogg, https://raw.githubusercontent.com/PokeAPI/cries/main/cries/pokemon/latest/174.ogg, https://raw.githubusercontent.com/PokeAPI/sprites/master/sprites/pokemon/other/official-artwork/174.png, https://raw.githubusercontent.com/PokeAPI/sprites/master/sprites/pokemon/other/official-artwork/shiny/174.png);
INSERT INTO pokemon.base_stats (base_hp, base_attack, base_defense, base_special_attack, base_special_defense, base_speed, fk_generation, fk_form)
VALUES (90, 30, 15, 40, 20, 15, 2, 243);
INSERT INTO pokemon.form_has_type_per_generation (fk_form, fk_type, fk_generation, is_primary)
VALUES (243, 1, 2, True);
INSERT INTO pokemon.form_has_type_per_generation (fk_form, fk_type, fk_generation, is_primary)
VALUES (243, 18, 2, False);

INSERT INTO pokemon.pokemon_species (name, pokedex_index, is_baby, is_legendary, is_mythical, evolves_from)
VALUES ('togepi', 175, True, False, False, None);
INSERT INTO pokemon.form (name, is_default, fk_pokemon_species, height, weight, legacy_cry, latest_cry, artwork, shiny_artwork)
VALUES ('togepi', True, 163, 3, 15, https://raw.githubusercontent.com/PokeAPI/cries/main/cries/pokemon/legacy/175.ogg, https://raw.githubusercontent.com/PokeAPI/cries/main/cries/pokemon/latest/175.ogg, https://raw.githubusercontent.com/PokeAPI/sprites/master/sprites/pokemon/other/official-artwork/175.png, https://raw.githubusercontent.com/PokeAPI/sprites/master/sprites/pokemon/other/official-artwork/shiny/175.png);
INSERT INTO pokemon.base_stats (base_hp, base_attack, base_defense, base_special_attack, base_special_defense, base_speed, fk_generation, fk_form)
VALUES (35, 20, 65, 40, 65, 20, 2, 244);
INSERT INTO pokemon.form_has_type_per_generation (fk_form, fk_type, fk_generation, is_primary)
VALUES (244, 18, 2, True);

INSERT INTO pokemon.pokemon_species (name, pokedex_index, is_baby, is_legendary, is_mythical, evolves_from)
VALUES ('natu', 177, False, False, False, None);
INSERT INTO pokemon.form (name, is_default, fk_pokemon_species, height, weight, legacy_cry, latest_cry, artwork, shiny_artwork)
VALUES ('natu', True, 164, 2, 20, https://raw.githubusercontent.com/PokeAPI/cries/main/cries/pokemon/legacy/177.ogg, https://raw.githubusercontent.com/PokeAPI/cries/main/cries/pokemon/latest/177.ogg, https://raw.githubusercontent.com/PokeAPI/sprites/master/sprites/pokemon/other/official-artwork/177.png, https://raw.githubusercontent.com/PokeAPI/sprites/master/sprites/pokemon/other/official-artwork/shiny/177.png);
INSERT INTO pokemon.base_stats (base_hp, base_attack, base_defense, base_special_attack, base_special_defense, base_speed, fk_generation, fk_form)
VALUES (40, 50, 45, 70, 45, 70, 2, 245);
INSERT INTO pokemon.form_has_type_per_generation (fk_form, fk_type, fk_generation, is_primary)
VALUES (245, 14, 2, True);
INSERT INTO pokemon.form_has_type_per_generation (fk_form, fk_type, fk_generation, is_primary)
VALUES (245, 3, 2, False);

INSERT INTO pokemon.pokemon_species (name, pokedex_index, is_baby, is_legendary, is_mythical, evolves_from)
VALUES ('mareep', 179, False, False, False, None);
INSERT INTO pokemon.form (name, is_default, fk_pokemon_species, height, weight, legacy_cry, latest_cry, artwork, shiny_artwork)
VALUES ('mareep', True, 165, 6, 78, https://raw.githubusercontent.com/PokeAPI/cries/main/cries/pokemon/legacy/179.ogg, https://raw.githubusercontent.com/PokeAPI/cries/main/cries/pokemon/latest/179.ogg, https://raw.githubusercontent.com/PokeAPI/sprites/master/sprites/pokemon/other/official-artwork/179.png, https://raw.githubusercontent.com/PokeAPI/sprites/master/sprites/pokemon/other/official-artwork/shiny/179.png);
INSERT INTO pokemon.base_stats (base_hp, base_attack, base_defense, base_special_attack, base_special_defense, base_speed, fk_generation, fk_form)
VALUES (55, 40, 40, 65, 45, 35, 2, 246);
INSERT INTO pokemon.form_has_type_per_generation (fk_form, fk_type, fk_generation, is_primary)
VALUES (246, 13, 2, True);

INSERT INTO pokemon.pokemon_species (name, pokedex_index, is_baby, is_legendary, is_mythical, evolves_from)
VALUES ('hoppip', 187, False, False, False, None);
INSERT INTO pokemon.form (name, is_default, fk_pokemon_species, height, weight, legacy_cry, latest_cry, artwork, shiny_artwork)
VALUES ('hoppip', True, 166, 4, 5, https://raw.githubusercontent.com/PokeAPI/cries/main/cries/pokemon/legacy/187.ogg, https://raw.githubusercontent.com/PokeAPI/cries/main/cries/pokemon/latest/187.ogg, https://raw.githubusercontent.com/PokeAPI/sprites/master/sprites/pokemon/other/official-artwork/187.png, https://raw.githubusercontent.com/PokeAPI/sprites/master/sprites/pokemon/other/official-artwork/shiny/187.png);
INSERT INTO pokemon.base_stats (base_hp, base_attack, base_defense, base_special_attack, base_special_defense, base_speed, fk_generation, fk_form)
VALUES (35, 35, 40, 35, 55, 50, 2, 247);
INSERT INTO pokemon.form_has_type_per_generation (fk_form, fk_type, fk_generation, is_primary)
VALUES (247, 12, 2, True);
INSERT INTO pokemon.form_has_type_per_generation (fk_form, fk_type, fk_generation, is_primary)
VALUES (247, 3, 2, False);

INSERT INTO pokemon.pokemon_species (name, pokedex_index, is_baby, is_legendary, is_mythical, evolves_from)
VALUES ('aipom', 190, False, False, False, None);
INSERT INTO pokemon.form (name, is_default, fk_pokemon_species, height, weight, legacy_cry, latest_cry, artwork, shiny_artwork)
VALUES ('aipom', True, 167, 8, 115, https://raw.githubusercontent.com/PokeAPI/cries/main/cries/pokemon/legacy/190.ogg, https://raw.githubusercontent.com/PokeAPI/cries/main/cries/pokemon/latest/190.ogg, https://raw.githubusercontent.com/PokeAPI/sprites/master/sprites/pokemon/other/official-artwork/190.png, https://raw.githubusercontent.com/PokeAPI/sprites/master/sprites/pokemon/other/official-artwork/shiny/190.png);
INSERT INTO pokemon.base_stats (base_hp, base_attack, base_defense, base_special_attack, base_special_defense, base_speed, fk_generation, fk_form)
VALUES (55, 70, 55, 40, 55, 85, 2, 248);
INSERT INTO pokemon.form_has_type_per_generation (fk_form, fk_type, fk_generation, is_primary)
VALUES (248, 1, 2, True);

INSERT INTO pokemon.pokemon_species (name, pokedex_index, is_baby, is_legendary, is_mythical, evolves_from)
VALUES ('sunkern', 191, False, False, False, None);
INSERT INTO pokemon.form (name, is_default, fk_pokemon_species, height, weight, legacy_cry, latest_cry, artwork, shiny_artwork)
VALUES ('sunkern', True, 168, 3, 18, https://raw.githubusercontent.com/PokeAPI/cries/main/cries/pokemon/legacy/191.ogg, https://raw.githubusercontent.com/PokeAPI/cries/main/cries/pokemon/latest/191.ogg, https://raw.githubusercontent.com/PokeAPI/sprites/master/sprites/pokemon/other/official-artwork/191.png, https://raw.githubusercontent.com/PokeAPI/sprites/master/sprites/pokemon/other/official-artwork/shiny/191.png);
INSERT INTO pokemon.base_stats (base_hp, base_attack, base_defense, base_special_attack, base_special_defense, base_speed, fk_generation, fk_form)
VALUES (30, 30, 30, 30, 30, 30, 2, 249);
INSERT INTO pokemon.form_has_type_per_generation (fk_form, fk_type, fk_generation, is_primary)
VALUES (249, 12, 2, True);

INSERT INTO pokemon.pokemon_species (name, pokedex_index, is_baby, is_legendary, is_mythical, evolves_from)
VALUES ('yanma', 193, False, False, False, None);
INSERT INTO pokemon.form (name, is_default, fk_pokemon_species, height, weight, legacy_cry, latest_cry, artwork, shiny_artwork)
VALUES ('yanma', True, 169, 12, 380, https://raw.githubusercontent.com/PokeAPI/cries/main/cries/pokemon/legacy/193.ogg, https://raw.githubusercontent.com/PokeAPI/cries/main/cries/pokemon/latest/193.ogg, https://raw.githubusercontent.com/PokeAPI/sprites/master/sprites/pokemon/other/official-artwork/193.png, https://raw.githubusercontent.com/PokeAPI/sprites/master/sprites/pokemon/other/official-artwork/shiny/193.png);
INSERT INTO pokemon.base_stats (base_hp, base_attack, base_defense, base_special_attack, base_special_defense, base_speed, fk_generation, fk_form)
VALUES (65, 65, 45, 75, 45, 95, 2, 250);
INSERT INTO pokemon.form_has_type_per_generation (fk_form, fk_type, fk_generation, is_primary)
VALUES (250, 7, 2, True);
INSERT INTO pokemon.form_has_type_per_generation (fk_form, fk_type, fk_generation, is_primary)
VALUES (250, 3, 2, False);

INSERT INTO pokemon.pokemon_species (name, pokedex_index, is_baby, is_legendary, is_mythical, evolves_from)
VALUES ('wooper', 194, False, False, False, None);
INSERT INTO pokemon.form (name, is_default, fk_pokemon_species, height, weight, legacy_cry, latest_cry, artwork, shiny_artwork)
VALUES ('wooper', True, 170, 4, 85, https://raw.githubusercontent.com/PokeAPI/cries/main/cries/pokemon/legacy/194.ogg, https://raw.githubusercontent.com/PokeAPI/cries/main/cries/pokemon/latest/194.ogg, https://raw.githubusercontent.com/PokeAPI/sprites/master/sprites/pokemon/other/official-artwork/194.png, https://raw.githubusercontent.com/PokeAPI/sprites/master/sprites/pokemon/other/official-artwork/shiny/194.png);
INSERT INTO pokemon.base_stats (base_hp, base_attack, base_defense, base_special_attack, base_special_defense, base_speed, fk_generation, fk_form)
VALUES (55, 45, 45, 25, 25, 15, 2, 251);
INSERT INTO pokemon.form_has_type_per_generation (fk_form, fk_type, fk_generation, is_primary)
VALUES (251, 11, 2, True);
INSERT INTO pokemon.form_has_type_per_generation (fk_form, fk_type, fk_generation, is_primary)
VALUES (251, 5, 2, False);

INSERT INTO pokemon.form (name, is_default, fk_pokemon_species, height, weight, legacy_cry, latest_cry, artwork, shiny_artwork)
VALUES ('wooper-paldea', False, 170, 4, 110, None, https://raw.githubusercontent.com/PokeAPI/cries/main/cries/pokemon/latest/10253.ogg, https://raw.githubusercontent.com/PokeAPI/sprites/master/sprites/pokemon/other/official-artwork/10253.png, https://raw.githubusercontent.com/PokeAPI/sprites/master/sprites/pokemon/other/official-artwork/shiny/10253.png);
INSERT INTO pokemon.base_stats (base_hp, base_attack, base_defense, base_special_attack, base_special_defense, base_speed, fk_generation, fk_form)
VALUES (55, 45, 45, 25, 25, 15, 9, 252);
INSERT INTO pokemon.form_has_type_per_generation (fk_form, fk_type, fk_generation, is_primary)
VALUES (252, 4, 9, True);
INSERT INTO pokemon.form_has_type_per_generation (fk_form, fk_type, fk_generation, is_primary)
VALUES (252, 5, 9, False);

INSERT INTO pokemon.pokemon_species (name, pokedex_index, is_baby, is_legendary, is_mythical, evolves_from)
VALUES ('murkrow', 198, False, False, False, None);
INSERT INTO pokemon.form (name, is_default, fk_pokemon_species, height, weight, legacy_cry, latest_cry, artwork, shiny_artwork)
VALUES ('murkrow', True, 171, 5, 21, https://raw.githubusercontent.com/PokeAPI/cries/main/cries/pokemon/legacy/198.ogg, https://raw.githubusercontent.com/PokeAPI/cries/main/cries/pokemon/latest/198.ogg, https://raw.githubusercontent.com/PokeAPI/sprites/master/sprites/pokemon/other/official-artwork/198.png, https://raw.githubusercontent.com/PokeAPI/sprites/master/sprites/pokemon/other/official-artwork/shiny/198.png);
INSERT INTO pokemon.base_stats (base_hp, base_attack, base_defense, base_special_attack, base_special_defense, base_speed, fk_generation, fk_form)
VALUES (60, 85, 42, 85, 42, 91, 2, 253);
INSERT INTO pokemon.form_has_type_per_generation (fk_form, fk_type, fk_generation, is_primary)
VALUES (253, 17, 2, True);
INSERT INTO pokemon.form_has_type_per_generation (fk_form, fk_type, fk_generation, is_primary)
VALUES (253, 3, 2, False);

INSERT INTO pokemon.pokemon_species (name, pokedex_index, is_baby, is_legendary, is_mythical, evolves_from)
VALUES ('misdreavus', 200, False, False, False, None);
INSERT INTO pokemon.form (name, is_default, fk_pokemon_species, height, weight, legacy_cry, latest_cry, artwork, shiny_artwork)
VALUES ('misdreavus', True, 172, 7, 10, https://raw.githubusercontent.com/PokeAPI/cries/main/cries/pokemon/legacy/200.ogg, https://raw.githubusercontent.com/PokeAPI/cries/main/cries/pokemon/latest/200.ogg, https://raw.githubusercontent.com/PokeAPI/sprites/master/sprites/pokemon/other/official-artwork/200.png, https://raw.githubusercontent.com/PokeAPI/sprites/master/sprites/pokemon/other/official-artwork/shiny/200.png);
INSERT INTO pokemon.base_stats (base_hp, base_attack, base_defense, base_special_attack, base_special_defense, base_speed, fk_generation, fk_form)
VALUES (60, 60, 60, 85, 85, 85, 2, 254);
INSERT INTO pokemon.form_has_type_per_generation (fk_form, fk_type, fk_generation, is_primary)
VALUES (254, 8, 2, True);

INSERT INTO pokemon.pokemon_species (name, pokedex_index, is_baby, is_legendary, is_mythical, evolves_from)
VALUES ('unown', 201, False, False, False, None);
INSERT INTO pokemon.form (name, is_default, fk_pokemon_species, height, weight, legacy_cry, latest_cry, artwork, shiny_artwork)
VALUES ('unown', True, 173, 5, 50, https://raw.githubusercontent.com/PokeAPI/cries/main/cries/pokemon/legacy/201.ogg, https://raw.githubusercontent.com/PokeAPI/cries/main/cries/pokemon/latest/201.ogg, https://raw.githubusercontent.com/PokeAPI/sprites/master/sprites/pokemon/other/official-artwork/201.png, https://raw.githubusercontent.com/PokeAPI/sprites/master/sprites/pokemon/other/official-artwork/shiny/201.png);
INSERT INTO pokemon.base_stats (base_hp, base_attack, base_defense, base_special_attack, base_special_defense, base_speed, fk_generation, fk_form)
VALUES (48, 72, 48, 72, 48, 48, 2, 255);
INSERT INTO pokemon.form_has_type_per_generation (fk_form, fk_type, fk_generation, is_primary)
VALUES (255, 14, 2, True);

INSERT INTO pokemon.pokemon_species (name, pokedex_index, is_baby, is_legendary, is_mythical, evolves_from)
VALUES ('girafarig', 203, False, False, False, None);
INSERT INTO pokemon.form (name, is_default, fk_pokemon_species, height, weight, legacy_cry, latest_cry, artwork, shiny_artwork)
VALUES ('girafarig', True, 174, 15, 415, https://raw.githubusercontent.com/PokeAPI/cries/main/cries/pokemon/legacy/203.ogg, https://raw.githubusercontent.com/PokeAPI/cries/main/cries/pokemon/latest/203.ogg, https://raw.githubusercontent.com/PokeAPI/sprites/master/sprites/pokemon/other/official-artwork/203.png, https://raw.githubusercontent.com/PokeAPI/sprites/master/sprites/pokemon/other/official-artwork/shiny/203.png);
INSERT INTO pokemon.base_stats (base_hp, base_attack, base_defense, base_special_attack, base_special_defense, base_speed, fk_generation, fk_form)
VALUES (70, 80, 65, 90, 65, 85, 2, 256);
INSERT INTO pokemon.form_has_type_per_generation (fk_form, fk_type, fk_generation, is_primary)
VALUES (256, 1, 2, True);
INSERT INTO pokemon.form_has_type_per_generation (fk_form, fk_type, fk_generation, is_primary)
VALUES (256, 14, 2, False);

INSERT INTO pokemon.pokemon_species (name, pokedex_index, is_baby, is_legendary, is_mythical, evolves_from)
VALUES ('pineco', 204, False, False, False, None);
INSERT INTO pokemon.form (name, is_default, fk_pokemon_species, height, weight, legacy_cry, latest_cry, artwork, shiny_artwork)
VALUES ('pineco', True, 175, 6, 72, https://raw.githubusercontent.com/PokeAPI/cries/main/cries/pokemon/legacy/204.ogg, https://raw.githubusercontent.com/PokeAPI/cries/main/cries/pokemon/latest/204.ogg, https://raw.githubusercontent.com/PokeAPI/sprites/master/sprites/pokemon/other/official-artwork/204.png, https://raw.githubusercontent.com/PokeAPI/sprites/master/sprites/pokemon/other/official-artwork/shiny/204.png);
INSERT INTO pokemon.base_stats (base_hp, base_attack, base_defense, base_special_attack, base_special_defense, base_speed, fk_generation, fk_form)
VALUES (50, 65, 90, 35, 35, 15, 2, 257);
INSERT INTO pokemon.form_has_type_per_generation (fk_form, fk_type, fk_generation, is_primary)
VALUES (257, 7, 2, True);

INSERT INTO pokemon.pokemon_species (name, pokedex_index, is_baby, is_legendary, is_mythical, evolves_from)
VALUES ('dunsparce', 206, False, False, False, None);
INSERT INTO pokemon.form (name, is_default, fk_pokemon_species, height, weight, legacy_cry, latest_cry, artwork, shiny_artwork)
VALUES ('dunsparce', True, 176, 15, 140, https://raw.githubusercontent.com/PokeAPI/cries/main/cries/pokemon/legacy/206.ogg, https://raw.githubusercontent.com/PokeAPI/cries/main/cries/pokemon/latest/206.ogg, https://raw.githubusercontent.com/PokeAPI/sprites/master/sprites/pokemon/other/official-artwork/206.png, https://raw.githubusercontent.com/PokeAPI/sprites/master/sprites/pokemon/other/official-artwork/shiny/206.png);
INSERT INTO pokemon.base_stats (base_hp, base_attack, base_defense, base_special_attack, base_special_defense, base_speed, fk_generation, fk_form)
VALUES (100, 70, 70, 65, 65, 45, 2, 258);
INSERT INTO pokemon.form_has_type_per_generation (fk_form, fk_type, fk_generation, is_primary)
VALUES (258, 1, 2, True);

INSERT INTO pokemon.pokemon_species (name, pokedex_index, is_baby, is_legendary, is_mythical, evolves_from)
VALUES ('gligar', 207, False, False, False, None);
INSERT INTO pokemon.form (name, is_default, fk_pokemon_species, height, weight, legacy_cry, latest_cry, artwork, shiny_artwork)
VALUES ('gligar', True, 177, 11, 648, https://raw.githubusercontent.com/PokeAPI/cries/main/cries/pokemon/legacy/207.ogg, https://raw.githubusercontent.com/PokeAPI/cries/main/cries/pokemon/latest/207.ogg, https://raw.githubusercontent.com/PokeAPI/sprites/master/sprites/pokemon/other/official-artwork/207.png, https://raw.githubusercontent.com/PokeAPI/sprites/master/sprites/pokemon/other/official-artwork/shiny/207.png);
INSERT INTO pokemon.base_stats (base_hp, base_attack, base_defense, base_special_attack, base_special_defense, base_speed, fk_generation, fk_form)
VALUES (65, 75, 105, 35, 65, 85, 2, 259);
INSERT INTO pokemon.form_has_type_per_generation (fk_form, fk_type, fk_generation, is_primary)
VALUES (259, 5, 2, True);
INSERT INTO pokemon.form_has_type_per_generation (fk_form, fk_type, fk_generation, is_primary)
VALUES (259, 3, 2, False);

INSERT INTO pokemon.pokemon_species (name, pokedex_index, is_baby, is_legendary, is_mythical, evolves_from)
VALUES ('snubbull', 209, False, False, False, None);
INSERT INTO pokemon.form (name, is_default, fk_pokemon_species, height, weight, legacy_cry, latest_cry, artwork, shiny_artwork)
VALUES ('snubbull', True, 178, 6, 78, https://raw.githubusercontent.com/PokeAPI/cries/main/cries/pokemon/legacy/209.ogg, https://raw.githubusercontent.com/PokeAPI/cries/main/cries/pokemon/latest/209.ogg, https://raw.githubusercontent.com/PokeAPI/sprites/master/sprites/pokemon/other/official-artwork/209.png, https://raw.githubusercontent.com/PokeAPI/sprites/master/sprites/pokemon/other/official-artwork/shiny/209.png);
INSERT INTO pokemon.base_stats (base_hp, base_attack, base_defense, base_special_attack, base_special_defense, base_speed, fk_generation, fk_form)
VALUES (60, 80, 50, 40, 40, 30, 2, 260);
INSERT INTO pokemon.form_has_type_per_generation (fk_form, fk_type, fk_generation, is_primary)
VALUES (260, 18, 2, True);

INSERT INTO pokemon.pokemon_species (name, pokedex_index, is_baby, is_legendary, is_mythical, evolves_from)
VALUES ('qwilfish', 211, False, False, False, None);
INSERT INTO pokemon.form (name, is_default, fk_pokemon_species, height, weight, legacy_cry, latest_cry, artwork, shiny_artwork)
VALUES ('qwilfish', True, 179, 5, 39, https://raw.githubusercontent.com/PokeAPI/cries/main/cries/pokemon/legacy/211.ogg, https://raw.githubusercontent.com/PokeAPI/cries/main/cries/pokemon/latest/211.ogg, https://raw.githubusercontent.com/PokeAPI/sprites/master/sprites/pokemon/other/official-artwork/211.png, https://raw.githubusercontent.com/PokeAPI/sprites/master/sprites/pokemon/other/official-artwork/shiny/211.png);
INSERT INTO pokemon.base_stats (base_hp, base_attack, base_defense, base_special_attack, base_special_defense, base_speed, fk_generation, fk_form)
VALUES (65, 95, 85, 55, 55, 85, 2, 261);
INSERT INTO pokemon.form_has_type_per_generation (fk_form, fk_type, fk_generation, is_primary)
VALUES (261, 11, 2, True);
INSERT INTO pokemon.form_has_type_per_generation (fk_form, fk_type, fk_generation, is_primary)
VALUES (261, 4, 2, False);

INSERT INTO pokemon.form (name, is_default, fk_pokemon_species, height, weight, legacy_cry, latest_cry, artwork, shiny_artwork)
VALUES ('qwilfish-hisui', False, 179, 5, 39, None, https://raw.githubusercontent.com/PokeAPI/cries/main/cries/pokemon/latest/10234.ogg, https://raw.githubusercontent.com/PokeAPI/sprites/master/sprites/pokemon/other/official-artwork/10234.png, https://raw.githubusercontent.com/PokeAPI/sprites/master/sprites/pokemon/other/official-artwork/shiny/10234.png);
INSERT INTO pokemon.base_stats (base_hp, base_attack, base_defense, base_special_attack, base_special_defense, base_speed, fk_generation, fk_form)
VALUES (65, 95, 85, 55, 55, 85, 8, 262);
INSERT INTO pokemon.form_has_type_per_generation (fk_form, fk_type, fk_generation, is_primary)
VALUES (262, 17, 8, True);
INSERT INTO pokemon.form_has_type_per_generation (fk_form, fk_type, fk_generation, is_primary)
VALUES (262, 4, 8, False);

INSERT INTO pokemon.pokemon_species (name, pokedex_index, is_baby, is_legendary, is_mythical, evolves_from)
VALUES ('shuckle', 213, False, False, False, None);
INSERT INTO pokemon.form (name, is_default, fk_pokemon_species, height, weight, legacy_cry, latest_cry, artwork, shiny_artwork)
VALUES ('shuckle', True, 180, 6, 205, https://raw.githubusercontent.com/PokeAPI/cries/main/cries/pokemon/legacy/213.ogg, https://raw.githubusercontent.com/PokeAPI/cries/main/cries/pokemon/latest/213.ogg, https://raw.githubusercontent.com/PokeAPI/sprites/master/sprites/pokemon/other/official-artwork/213.png, https://raw.githubusercontent.com/PokeAPI/sprites/master/sprites/pokemon/other/official-artwork/shiny/213.png);
INSERT INTO pokemon.base_stats (base_hp, base_attack, base_defense, base_special_attack, base_special_defense, base_speed, fk_generation, fk_form)
VALUES (20, 10, 230, 10, 230, 5, 2, 263);
INSERT INTO pokemon.form_has_type_per_generation (fk_form, fk_type, fk_generation, is_primary)
VALUES (263, 7, 2, True);
INSERT INTO pokemon.form_has_type_per_generation (fk_form, fk_type, fk_generation, is_primary)
VALUES (263, 6, 2, False);

INSERT INTO pokemon.pokemon_species (name, pokedex_index, is_baby, is_legendary, is_mythical, evolves_from)
VALUES ('heracross', 214, False, False, False, None);
INSERT INTO pokemon.form (name, is_default, fk_pokemon_species, height, weight, legacy_cry, latest_cry, artwork, shiny_artwork)
VALUES ('heracross', True, 181, 15, 540, https://raw.githubusercontent.com/PokeAPI/cries/main/cries/pokemon/legacy/214.ogg, https://raw.githubusercontent.com/PokeAPI/cries/main/cries/pokemon/latest/214.ogg, https://raw.githubusercontent.com/PokeAPI/sprites/master/sprites/pokemon/other/official-artwork/214.png, https://raw.githubusercontent.com/PokeAPI/sprites/master/sprites/pokemon/other/official-artwork/shiny/214.png);
INSERT INTO pokemon.base_stats (base_hp, base_attack, base_defense, base_special_attack, base_special_defense, base_speed, fk_generation, fk_form)
VALUES (80, 125, 75, 40, 95, 85, 2, 264);
INSERT INTO pokemon.form_has_type_per_generation (fk_form, fk_type, fk_generation, is_primary)
VALUES (264, 7, 2, True);
INSERT INTO pokemon.form_has_type_per_generation (fk_form, fk_type, fk_generation, is_primary)
VALUES (264, 2, 2, False);

INSERT INTO pokemon.form (name, is_default, fk_pokemon_species, height, weight, legacy_cry, latest_cry, artwork, shiny_artwork)
VALUES ('heracross-mega', False, 181, 17, 625, None, https://raw.githubusercontent.com/PokeAPI/cries/main/cries/pokemon/latest/10047.ogg, https://raw.githubusercontent.com/PokeAPI/sprites/master/sprites/pokemon/other/official-artwork/10047.png, https://raw.githubusercontent.com/PokeAPI/sprites/master/sprites/pokemon/other/official-artwork/shiny/10047.png);
INSERT INTO pokemon.base_stats (base_hp, base_attack, base_defense, base_special_attack, base_special_defense, base_speed, fk_generation, fk_form)
VALUES (80, 185, 115, 40, 105, 75, 6, 265);
INSERT INTO pokemon.form_has_type_per_generation (fk_form, fk_type, fk_generation, is_primary)
VALUES (265, 7, 6, True);
INSERT INTO pokemon.form_has_type_per_generation (fk_form, fk_type, fk_generation, is_primary)
VALUES (265, 2, 6, False);

INSERT INTO pokemon.pokemon_species (name, pokedex_index, is_baby, is_legendary, is_mythical, evolves_from)
VALUES ('sneasel', 215, False, False, False, None);
INSERT INTO pokemon.form (name, is_default, fk_pokemon_species, height, weight, legacy_cry, latest_cry, artwork, shiny_artwork)
VALUES ('sneasel', True, 182, 9, 280, https://raw.githubusercontent.com/PokeAPI/cries/main/cries/pokemon/legacy/215.ogg, https://raw.githubusercontent.com/PokeAPI/cries/main/cries/pokemon/latest/215.ogg, https://raw.githubusercontent.com/PokeAPI/sprites/master/sprites/pokemon/other/official-artwork/215.png, https://raw.githubusercontent.com/PokeAPI/sprites/master/sprites/pokemon/other/official-artwork/shiny/215.png);
INSERT INTO pokemon.base_stats (base_hp, base_attack, base_defense, base_special_attack, base_special_defense, base_speed, fk_generation, fk_form)
VALUES (55, 95, 55, 35, 75, 115, 2, 266);
INSERT INTO pokemon.form_has_type_per_generation (fk_form, fk_type, fk_generation, is_primary)
VALUES (266, 17, 2, True);
INSERT INTO pokemon.form_has_type_per_generation (fk_form, fk_type, fk_generation, is_primary)
VALUES (266, 15, 2, False);

INSERT INTO pokemon.form (name, is_default, fk_pokemon_species, height, weight, legacy_cry, latest_cry, artwork, shiny_artwork)
VALUES ('sneasel-hisui', False, 182, 9, 270, None, https://raw.githubusercontent.com/PokeAPI/cries/main/cries/pokemon/latest/10235.ogg, https://raw.githubusercontent.com/PokeAPI/sprites/master/sprites/pokemon/other/official-artwork/10235.png, https://raw.githubusercontent.com/PokeAPI/sprites/master/sprites/pokemon/other/official-artwork/shiny/10235.png);
INSERT INTO pokemon.base_stats (base_hp, base_attack, base_defense, base_special_attack, base_special_defense, base_speed, fk_generation, fk_form)
VALUES (55, 95, 55, 35, 75, 115, 8, 267);
INSERT INTO pokemon.form_has_type_per_generation (fk_form, fk_type, fk_generation, is_primary)
VALUES (267, 2, 8, True);
INSERT INTO pokemon.form_has_type_per_generation (fk_form, fk_type, fk_generation, is_primary)
VALUES (267, 4, 8, False);

INSERT INTO pokemon.pokemon_species (name, pokedex_index, is_baby, is_legendary, is_mythical, evolves_from)
VALUES ('teddiursa', 216, False, False, False, None);
INSERT INTO pokemon.form (name, is_default, fk_pokemon_species, height, weight, legacy_cry, latest_cry, artwork, shiny_artwork)
VALUES ('teddiursa', True, 183, 6, 88, https://raw.githubusercontent.com/PokeAPI/cries/main/cries/pokemon/legacy/216.ogg, https://raw.githubusercontent.com/PokeAPI/cries/main/cries/pokemon/latest/216.ogg, https://raw.githubusercontent.com/PokeAPI/sprites/master/sprites/pokemon/other/official-artwork/216.png, https://raw.githubusercontent.com/PokeAPI/sprites/master/sprites/pokemon/other/official-artwork/shiny/216.png);
INSERT INTO pokemon.base_stats (base_hp, base_attack, base_defense, base_special_attack, base_special_defense, base_speed, fk_generation, fk_form)
VALUES (60, 80, 50, 50, 50, 40, 2, 268);
INSERT INTO pokemon.form_has_type_per_generation (fk_form, fk_type, fk_generation, is_primary)
VALUES (268, 1, 2, True);

INSERT INTO pokemon.pokemon_species (name, pokedex_index, is_baby, is_legendary, is_mythical, evolves_from)
VALUES ('slugma', 218, False, False, False, None);
INSERT INTO pokemon.form (name, is_default, fk_pokemon_species, height, weight, legacy_cry, latest_cry, artwork, shiny_artwork)
VALUES ('slugma', True, 184, 7, 350, https://raw.githubusercontent.com/PokeAPI/cries/main/cries/pokemon/legacy/218.ogg, https://raw.githubusercontent.com/PokeAPI/cries/main/cries/pokemon/latest/218.ogg, https://raw.githubusercontent.com/PokeAPI/sprites/master/sprites/pokemon/other/official-artwork/218.png, https://raw.githubusercontent.com/PokeAPI/sprites/master/sprites/pokemon/other/official-artwork/shiny/218.png);
INSERT INTO pokemon.base_stats (base_hp, base_attack, base_defense, base_special_attack, base_special_defense, base_speed, fk_generation, fk_form)
VALUES (40, 40, 40, 70, 40, 20, 2, 269);
INSERT INTO pokemon.form_has_type_per_generation (fk_form, fk_type, fk_generation, is_primary)
VALUES (269, 10, 2, True);

INSERT INTO pokemon.pokemon_species (name, pokedex_index, is_baby, is_legendary, is_mythical, evolves_from)
VALUES ('swinub', 220, False, False, False, None);
INSERT INTO pokemon.form (name, is_default, fk_pokemon_species, height, weight, legacy_cry, latest_cry, artwork, shiny_artwork)
VALUES ('swinub', True, 185, 4, 65, https://raw.githubusercontent.com/PokeAPI/cries/main/cries/pokemon/legacy/220.ogg, https://raw.githubusercontent.com/PokeAPI/cries/main/cries/pokemon/latest/220.ogg, https://raw.githubusercontent.com/PokeAPI/sprites/master/sprites/pokemon/other/official-artwork/220.png, https://raw.githubusercontent.com/PokeAPI/sprites/master/sprites/pokemon/other/official-artwork/shiny/220.png);
INSERT INTO pokemon.base_stats (base_hp, base_attack, base_defense, base_special_attack, base_special_defense, base_speed, fk_generation, fk_form)
VALUES (50, 50, 40, 30, 30, 50, 2, 270);
INSERT INTO pokemon.form_has_type_per_generation (fk_form, fk_type, fk_generation, is_primary)
VALUES (270, 15, 2, True);
INSERT INTO pokemon.form_has_type_per_generation (fk_form, fk_type, fk_generation, is_primary)
VALUES (270, 5, 2, False);

INSERT INTO pokemon.pokemon_species (name, pokedex_index, is_baby, is_legendary, is_mythical, evolves_from)
VALUES ('corsola', 222, False, False, False, None);
INSERT INTO pokemon.form (name, is_default, fk_pokemon_species, height, weight, legacy_cry, latest_cry, artwork, shiny_artwork)
VALUES ('corsola', True, 186, 6, 50, https://raw.githubusercontent.com/PokeAPI/cries/main/cries/pokemon/legacy/222.ogg, https://raw.githubusercontent.com/PokeAPI/cries/main/cries/pokemon/latest/222.ogg, https://raw.githubusercontent.com/PokeAPI/sprites/master/sprites/pokemon/other/official-artwork/222.png, https://raw.githubusercontent.com/PokeAPI/sprites/master/sprites/pokemon/other/official-artwork/shiny/222.png);
INSERT INTO pokemon.base_stats (base_hp, base_attack, base_defense, base_special_attack, base_special_defense, base_speed, fk_generation, fk_form)
VALUES (65, 55, 95, 65, 95, 35, 2, 271);
INSERT INTO pokemon.form_has_type_per_generation (fk_form, fk_type, fk_generation, is_primary)
VALUES (271, 11, 2, True);
INSERT INTO pokemon.form_has_type_per_generation (fk_form, fk_type, fk_generation, is_primary)
VALUES (271, 6, 2, False);

INSERT INTO pokemon.form (name, is_default, fk_pokemon_species, height, weight, legacy_cry, latest_cry, artwork, shiny_artwork)
VALUES ('corsola-galar', False, 186, 6, 5, None, https://raw.githubusercontent.com/PokeAPI/cries/main/cries/pokemon/latest/10173.ogg, https://raw.githubusercontent.com/PokeAPI/sprites/master/sprites/pokemon/other/official-artwork/10173.png, https://raw.githubusercontent.com/PokeAPI/sprites/master/sprites/pokemon/other/official-artwork/shiny/10173.png);
INSERT INTO pokemon.base_stats (base_hp, base_attack, base_defense, base_special_attack, base_special_defense, base_speed, fk_generation, fk_form)
VALUES (60, 55, 100, 65, 100, 30, 8, 272);
INSERT INTO pokemon.form_has_type_per_generation (fk_form, fk_type, fk_generation, is_primary)
VALUES (272, 8, 8, True);

INSERT INTO pokemon.pokemon_species (name, pokedex_index, is_baby, is_legendary, is_mythical, evolves_from)
VALUES ('remoraid', 223, False, False, False, None);
INSERT INTO pokemon.form (name, is_default, fk_pokemon_species, height, weight, legacy_cry, latest_cry, artwork, shiny_artwork)
VALUES ('remoraid', True, 187, 6, 120, https://raw.githubusercontent.com/PokeAPI/cries/main/cries/pokemon/legacy/223.ogg, https://raw.githubusercontent.com/PokeAPI/cries/main/cries/pokemon/latest/223.ogg, https://raw.githubusercontent.com/PokeAPI/sprites/master/sprites/pokemon/other/official-artwork/223.png, https://raw.githubusercontent.com/PokeAPI/sprites/master/sprites/pokemon/other/official-artwork/shiny/223.png);
INSERT INTO pokemon.base_stats (base_hp, base_attack, base_defense, base_special_attack, base_special_defense, base_speed, fk_generation, fk_form)
VALUES (35, 65, 35, 65, 35, 65, 2, 273);
INSERT INTO pokemon.form_has_type_per_generation (fk_form, fk_type, fk_generation, is_primary)
VALUES (273, 11, 2, True);

INSERT INTO pokemon.pokemon_species (name, pokedex_index, is_baby, is_legendary, is_mythical, evolves_from)
VALUES ('delibird', 225, False, False, False, None);
INSERT INTO pokemon.form (name, is_default, fk_pokemon_species, height, weight, legacy_cry, latest_cry, artwork, shiny_artwork)
VALUES ('delibird', True, 188, 9, 160, https://raw.githubusercontent.com/PokeAPI/cries/main/cries/pokemon/legacy/225.ogg, https://raw.githubusercontent.com/PokeAPI/cries/main/cries/pokemon/latest/225.ogg, https://raw.githubusercontent.com/PokeAPI/sprites/master/sprites/pokemon/other/official-artwork/225.png, https://raw.githubusercontent.com/PokeAPI/sprites/master/sprites/pokemon/other/official-artwork/shiny/225.png);
INSERT INTO pokemon.base_stats (base_hp, base_attack, base_defense, base_special_attack, base_special_defense, base_speed, fk_generation, fk_form)
VALUES (45, 55, 45, 65, 45, 75, 2, 274);
INSERT INTO pokemon.form_has_type_per_generation (fk_form, fk_type, fk_generation, is_primary)
VALUES (274, 15, 2, True);
INSERT INTO pokemon.form_has_type_per_generation (fk_form, fk_type, fk_generation, is_primary)
VALUES (274, 3, 2, False);

INSERT INTO pokemon.pokemon_species (name, pokedex_index, is_baby, is_legendary, is_mythical, evolves_from)
VALUES ('meganium', 154, False, False, False, bayleef);
INSERT INTO pokemon.form (name, is_default, fk_pokemon_species, height, weight, legacy_cry, latest_cry, artwork, shiny_artwork)
VALUES ('meganium', True, 189, 18, 1005, https://raw.githubusercontent.com/PokeAPI/cries/main/cries/pokemon/legacy/154.ogg, https://raw.githubusercontent.com/PokeAPI/cries/main/cries/pokemon/latest/154.ogg, https://raw.githubusercontent.com/PokeAPI/sprites/master/sprites/pokemon/other/official-artwork/154.png, https://raw.githubusercontent.com/PokeAPI/sprites/master/sprites/pokemon/other/official-artwork/shiny/154.png);
INSERT INTO pokemon.base_stats (base_hp, base_attack, base_defense, base_special_attack, base_special_defense, base_speed, fk_generation, fk_form)
VALUES (80, 82, 100, 83, 100, 80, 2, 275);
INSERT INTO pokemon.form_has_type_per_generation (fk_form, fk_type, fk_generation, is_primary)
VALUES (275, 12, 2, True);

INSERT INTO pokemon.pokemon_species (name, pokedex_index, is_baby, is_legendary, is_mythical, evolves_from)
VALUES ('quilava', 156, False, False, False, cyndaquil);
INSERT INTO pokemon.form (name, is_default, fk_pokemon_species, height, weight, legacy_cry, latest_cry, artwork, shiny_artwork)
VALUES ('quilava', True, 190, 9, 190, https://raw.githubusercontent.com/PokeAPI/cries/main/cries/pokemon/legacy/156.ogg, https://raw.githubusercontent.com/PokeAPI/cries/main/cries/pokemon/latest/156.ogg, https://raw.githubusercontent.com/PokeAPI/sprites/master/sprites/pokemon/other/official-artwork/156.png, https://raw.githubusercontent.com/PokeAPI/sprites/master/sprites/pokemon/other/official-artwork/shiny/156.png);
INSERT INTO pokemon.base_stats (base_hp, base_attack, base_defense, base_special_attack, base_special_defense, base_speed, fk_generation, fk_form)
VALUES (58, 64, 58, 80, 65, 80, 2, 276);
INSERT INTO pokemon.form_has_type_per_generation (fk_form, fk_type, fk_generation, is_primary)
VALUES (276, 10, 2, True);

INSERT INTO pokemon.pokemon_species (name, pokedex_index, is_baby, is_legendary, is_mythical, evolves_from)
VALUES ('typhlosion', 157, False, False, False, quilava);
INSERT INTO pokemon.form (name, is_default, fk_pokemon_species, height, weight, legacy_cry, latest_cry, artwork, shiny_artwork)
VALUES ('typhlosion', True, 191, 17, 795, https://raw.githubusercontent.com/PokeAPI/cries/main/cries/pokemon/legacy/157.ogg, https://raw.githubusercontent.com/PokeAPI/cries/main/cries/pokemon/latest/157.ogg, https://raw.githubusercontent.com/PokeAPI/sprites/master/sprites/pokemon/other/official-artwork/157.png, https://raw.githubusercontent.com/PokeAPI/sprites/master/sprites/pokemon/other/official-artwork/shiny/157.png);
INSERT INTO pokemon.base_stats (base_hp, base_attack, base_defense, base_special_attack, base_special_defense, base_speed, fk_generation, fk_form)
VALUES (78, 84, 78, 109, 85, 100, 2, 277);
INSERT INTO pokemon.form_has_type_per_generation (fk_form, fk_type, fk_generation, is_primary)
VALUES (277, 10, 2, True);

INSERT INTO pokemon.form (name, is_default, fk_pokemon_species, height, weight, legacy_cry, latest_cry, artwork, shiny_artwork)
VALUES ('typhlosion-hisui', False, 191, 16, 698, None, https://raw.githubusercontent.com/PokeAPI/cries/main/cries/pokemon/latest/10233.ogg, https://raw.githubusercontent.com/PokeAPI/sprites/master/sprites/pokemon/other/official-artwork/10233.png, https://raw.githubusercontent.com/PokeAPI/sprites/master/sprites/pokemon/other/official-artwork/shiny/10233.png);
INSERT INTO pokemon.base_stats (base_hp, base_attack, base_defense, base_special_attack, base_special_defense, base_speed, fk_generation, fk_form)
VALUES (73, 84, 78, 119, 85, 95, 8, 278);
INSERT INTO pokemon.form_has_type_per_generation (fk_form, fk_type, fk_generation, is_primary)
VALUES (278, 10, 8, True);
INSERT INTO pokemon.form_has_type_per_generation (fk_form, fk_type, fk_generation, is_primary)
VALUES (278, 8, 8, False);

INSERT INTO pokemon.pokemon_species (name, pokedex_index, is_baby, is_legendary, is_mythical, evolves_from)
VALUES ('croconaw', 159, False, False, False, totodile);
INSERT INTO pokemon.form (name, is_default, fk_pokemon_species, height, weight, legacy_cry, latest_cry, artwork, shiny_artwork)
VALUES ('croconaw', True, 192, 11, 250, https://raw.githubusercontent.com/PokeAPI/cries/main/cries/pokemon/legacy/159.ogg, https://raw.githubusercontent.com/PokeAPI/cries/main/cries/pokemon/latest/159.ogg, https://raw.githubusercontent.com/PokeAPI/sprites/master/sprites/pokemon/other/official-artwork/159.png, https://raw.githubusercontent.com/PokeAPI/sprites/master/sprites/pokemon/other/official-artwork/shiny/159.png);
INSERT INTO pokemon.base_stats (base_hp, base_attack, base_defense, base_special_attack, base_special_defense, base_speed, fk_generation, fk_form)
VALUES (65, 80, 80, 59, 63, 58, 2, 279);
INSERT INTO pokemon.form_has_type_per_generation (fk_form, fk_type, fk_generation, is_primary)
VALUES (279, 11, 2, True);

INSERT INTO pokemon.pokemon_species (name, pokedex_index, is_baby, is_legendary, is_mythical, evolves_from)
VALUES ('feraligatr', 160, False, False, False, croconaw);
INSERT INTO pokemon.form (name, is_default, fk_pokemon_species, height, weight, legacy_cry, latest_cry, artwork, shiny_artwork)
VALUES ('feraligatr', True, 193, 23, 888, https://raw.githubusercontent.com/PokeAPI/cries/main/cries/pokemon/legacy/160.ogg, https://raw.githubusercontent.com/PokeAPI/cries/main/cries/pokemon/latest/160.ogg, https://raw.githubusercontent.com/PokeAPI/sprites/master/sprites/pokemon/other/official-artwork/160.png, https://raw.githubusercontent.com/PokeAPI/sprites/master/sprites/pokemon/other/official-artwork/shiny/160.png);
INSERT INTO pokemon.base_stats (base_hp, base_attack, base_defense, base_special_attack, base_special_defense, base_speed, fk_generation, fk_form)
VALUES (85, 105, 100, 79, 83, 78, 2, 280);
INSERT INTO pokemon.form_has_type_per_generation (fk_form, fk_type, fk_generation, is_primary)
VALUES (280, 11, 2, True);

INSERT INTO pokemon.pokemon_species (name, pokedex_index, is_baby, is_legendary, is_mythical, evolves_from)
VALUES ('furret', 162, False, False, False, sentret);
INSERT INTO pokemon.form (name, is_default, fk_pokemon_species, height, weight, legacy_cry, latest_cry, artwork, shiny_artwork)
VALUES ('furret', True, 194, 18, 325, https://raw.githubusercontent.com/PokeAPI/cries/main/cries/pokemon/legacy/162.ogg, https://raw.githubusercontent.com/PokeAPI/cries/main/cries/pokemon/latest/162.ogg, https://raw.githubusercontent.com/PokeAPI/sprites/master/sprites/pokemon/other/official-artwork/162.png, https://raw.githubusercontent.com/PokeAPI/sprites/master/sprites/pokemon/other/official-artwork/shiny/162.png);
INSERT INTO pokemon.base_stats (base_hp, base_attack, base_defense, base_special_attack, base_special_defense, base_speed, fk_generation, fk_form)
VALUES (85, 76, 64, 45, 55, 90, 2, 281);
INSERT INTO pokemon.form_has_type_per_generation (fk_form, fk_type, fk_generation, is_primary)
VALUES (281, 1, 2, True);

INSERT INTO pokemon.pokemon_species (name, pokedex_index, is_baby, is_legendary, is_mythical, evolves_from)
VALUES ('noctowl', 164, False, False, False, hoothoot);
INSERT INTO pokemon.form (name, is_default, fk_pokemon_species, height, weight, legacy_cry, latest_cry, artwork, shiny_artwork)
VALUES ('noctowl', True, 195, 16, 408, https://raw.githubusercontent.com/PokeAPI/cries/main/cries/pokemon/legacy/164.ogg, https://raw.githubusercontent.com/PokeAPI/cries/main/cries/pokemon/latest/164.ogg, https://raw.githubusercontent.com/PokeAPI/sprites/master/sprites/pokemon/other/official-artwork/164.png, https://raw.githubusercontent.com/PokeAPI/sprites/master/sprites/pokemon/other/official-artwork/shiny/164.png);
INSERT INTO pokemon.base_stats (base_hp, base_attack, base_defense, base_special_attack, base_special_defense, base_speed, fk_generation, fk_form)
VALUES (100, 50, 50, 86, 96, 70, 2, 282);
INSERT INTO pokemon.form_has_type_per_generation (fk_form, fk_type, fk_generation, is_primary)
VALUES (282, 1, 2, True);
INSERT INTO pokemon.form_has_type_per_generation (fk_form, fk_type, fk_generation, is_primary)
VALUES (282, 3, 2, False);

INSERT INTO pokemon.pokemon_species (name, pokedex_index, is_baby, is_legendary, is_mythical, evolves_from)
VALUES ('ledian', 166, False, False, False, ledyba);
INSERT INTO pokemon.form (name, is_default, fk_pokemon_species, height, weight, legacy_cry, latest_cry, artwork, shiny_artwork)
VALUES ('ledian', True, 196, 14, 356, https://raw.githubusercontent.com/PokeAPI/cries/main/cries/pokemon/legacy/166.ogg, https://raw.githubusercontent.com/PokeAPI/cries/main/cries/pokemon/latest/166.ogg, https://raw.githubusercontent.com/PokeAPI/sprites/master/sprites/pokemon/other/official-artwork/166.png, https://raw.githubusercontent.com/PokeAPI/sprites/master/sprites/pokemon/other/official-artwork/shiny/166.png);
INSERT INTO pokemon.base_stats (base_hp, base_attack, base_defense, base_special_attack, base_special_defense, base_speed, fk_generation, fk_form)
VALUES (55, 35, 50, 55, 110, 85, 2, 283);
INSERT INTO pokemon.form_has_type_per_generation (fk_form, fk_type, fk_generation, is_primary)
VALUES (283, 7, 2, True);
INSERT INTO pokemon.form_has_type_per_generation (fk_form, fk_type, fk_generation, is_primary)
VALUES (283, 3, 2, False);

INSERT INTO pokemon.pokemon_species (name, pokedex_index, is_baby, is_legendary, is_mythical, evolves_from)
VALUES ('ariados', 168, False, False, False, spinarak);
INSERT INTO pokemon.form (name, is_default, fk_pokemon_species, height, weight, legacy_cry, latest_cry, artwork, shiny_artwork)
VALUES ('ariados', True, 197, 11, 335, https://raw.githubusercontent.com/PokeAPI/cries/main/cries/pokemon/legacy/168.ogg, https://raw.githubusercontent.com/PokeAPI/cries/main/cries/pokemon/latest/168.ogg, https://raw.githubusercontent.com/PokeAPI/sprites/master/sprites/pokemon/other/official-artwork/168.png, https://raw.githubusercontent.com/PokeAPI/sprites/master/sprites/pokemon/other/official-artwork/shiny/168.png);
INSERT INTO pokemon.base_stats (base_hp, base_attack, base_defense, base_special_attack, base_special_defense, base_speed, fk_generation, fk_form)
VALUES (70, 90, 70, 60, 70, 40, 2, 284);
INSERT INTO pokemon.form_has_type_per_generation (fk_form, fk_type, fk_generation, is_primary)
VALUES (284, 7, 2, True);
INSERT INTO pokemon.form_has_type_per_generation (fk_form, fk_type, fk_generation, is_primary)
VALUES (284, 4, 2, False);

INSERT INTO pokemon.pokemon_species (name, pokedex_index, is_baby, is_legendary, is_mythical, evolves_from)
VALUES ('crobat', 169, False, False, False, golbat);
INSERT INTO pokemon.form (name, is_default, fk_pokemon_species, height, weight, legacy_cry, latest_cry, artwork, shiny_artwork)
VALUES ('crobat', True, 198, 18, 750, https://raw.githubusercontent.com/PokeAPI/cries/main/cries/pokemon/legacy/169.ogg, https://raw.githubusercontent.com/PokeAPI/cries/main/cries/pokemon/latest/169.ogg, https://raw.githubusercontent.com/PokeAPI/sprites/master/sprites/pokemon/other/official-artwork/169.png, https://raw.githubusercontent.com/PokeAPI/sprites/master/sprites/pokemon/other/official-artwork/shiny/169.png);
INSERT INTO pokemon.base_stats (base_hp, base_attack, base_defense, base_special_attack, base_special_defense, base_speed, fk_generation, fk_form)
VALUES (85, 90, 80, 70, 80, 130, 2, 285);
INSERT INTO pokemon.form_has_type_per_generation (fk_form, fk_type, fk_generation, is_primary)
VALUES (285, 4, 2, True);
INSERT INTO pokemon.form_has_type_per_generation (fk_form, fk_type, fk_generation, is_primary)
VALUES (285, 3, 2, False);

INSERT INTO pokemon.pokemon_species (name, pokedex_index, is_baby, is_legendary, is_mythical, evolves_from)
VALUES ('lanturn', 171, False, False, False, chinchou);
INSERT INTO pokemon.form (name, is_default, fk_pokemon_species, height, weight, legacy_cry, latest_cry, artwork, shiny_artwork)
VALUES ('lanturn', True, 199, 12, 225, https://raw.githubusercontent.com/PokeAPI/cries/main/cries/pokemon/legacy/171.ogg, https://raw.githubusercontent.com/PokeAPI/cries/main/cries/pokemon/latest/171.ogg, https://raw.githubusercontent.com/PokeAPI/sprites/master/sprites/pokemon/other/official-artwork/171.png, https://raw.githubusercontent.com/PokeAPI/sprites/master/sprites/pokemon/other/official-artwork/shiny/171.png);
INSERT INTO pokemon.base_stats (base_hp, base_attack, base_defense, base_special_attack, base_special_defense, base_speed, fk_generation, fk_form)
VALUES (125, 58, 58, 76, 76, 67, 2, 286);
INSERT INTO pokemon.form_has_type_per_generation (fk_form, fk_type, fk_generation, is_primary)
VALUES (286, 11, 2, True);
INSERT INTO pokemon.form_has_type_per_generation (fk_form, fk_type, fk_generation, is_primary)
VALUES (286, 13, 2, False);

INSERT INTO pokemon.pokemon_species (name, pokedex_index, is_baby, is_legendary, is_mythical, evolves_from)
VALUES ('togetic', 176, False, False, False, togepi);
INSERT INTO pokemon.form (name, is_default, fk_pokemon_species, height, weight, legacy_cry, latest_cry, artwork, shiny_artwork)
VALUES ('togetic', True, 200, 6, 32, https://raw.githubusercontent.com/PokeAPI/cries/main/cries/pokemon/legacy/176.ogg, https://raw.githubusercontent.com/PokeAPI/cries/main/cries/pokemon/latest/176.ogg, https://raw.githubusercontent.com/PokeAPI/sprites/master/sprites/pokemon/other/official-artwork/176.png, https://raw.githubusercontent.com/PokeAPI/sprites/master/sprites/pokemon/other/official-artwork/shiny/176.png);
INSERT INTO pokemon.base_stats (base_hp, base_attack, base_defense, base_special_attack, base_special_defense, base_speed, fk_generation, fk_form)
VALUES (55, 40, 85, 80, 105, 40, 2, 287);
INSERT INTO pokemon.form_has_type_per_generation (fk_form, fk_type, fk_generation, is_primary)
VALUES (287, 18, 2, True);
INSERT INTO pokemon.form_has_type_per_generation (fk_form, fk_type, fk_generation, is_primary)
VALUES (287, 3, 2, False);

INSERT INTO pokemon.pokemon_species (name, pokedex_index, is_baby, is_legendary, is_mythical, evolves_from)
VALUES ('xatu', 178, False, False, False, natu);
INSERT INTO pokemon.form (name, is_default, fk_pokemon_species, height, weight, legacy_cry, latest_cry, artwork, shiny_artwork)
VALUES ('xatu', True, 201, 15, 150, https://raw.githubusercontent.com/PokeAPI/cries/main/cries/pokemon/legacy/178.ogg, https://raw.githubusercontent.com/PokeAPI/cries/main/cries/pokemon/latest/178.ogg, https://raw.githubusercontent.com/PokeAPI/sprites/master/sprites/pokemon/other/official-artwork/178.png, https://raw.githubusercontent.com/PokeAPI/sprites/master/sprites/pokemon/other/official-artwork/shiny/178.png);
INSERT INTO pokemon.base_stats (base_hp, base_attack, base_defense, base_special_attack, base_special_defense, base_speed, fk_generation, fk_form)
VALUES (65, 75, 70, 95, 70, 95, 2, 288);
INSERT INTO pokemon.form_has_type_per_generation (fk_form, fk_type, fk_generation, is_primary)
VALUES (288, 14, 2, True);
INSERT INTO pokemon.form_has_type_per_generation (fk_form, fk_type, fk_generation, is_primary)
VALUES (288, 3, 2, False);

INSERT INTO pokemon.pokemon_species (name, pokedex_index, is_baby, is_legendary, is_mythical, evolves_from)
VALUES ('flaaffy', 180, False, False, False, mareep);
INSERT INTO pokemon.form (name, is_default, fk_pokemon_species, height, weight, legacy_cry, latest_cry, artwork, shiny_artwork)
VALUES ('flaaffy', True, 202, 8, 133, https://raw.githubusercontent.com/PokeAPI/cries/main/cries/pokemon/legacy/180.ogg, https://raw.githubusercontent.com/PokeAPI/cries/main/cries/pokemon/latest/180.ogg, https://raw.githubusercontent.com/PokeAPI/sprites/master/sprites/pokemon/other/official-artwork/180.png, https://raw.githubusercontent.com/PokeAPI/sprites/master/sprites/pokemon/other/official-artwork/shiny/180.png);
INSERT INTO pokemon.base_stats (base_hp, base_attack, base_defense, base_special_attack, base_special_defense, base_speed, fk_generation, fk_form)
VALUES (70, 55, 55, 80, 60, 45, 2, 289);
INSERT INTO pokemon.form_has_type_per_generation (fk_form, fk_type, fk_generation, is_primary)
VALUES (289, 13, 2, True);

INSERT INTO pokemon.pokemon_species (name, pokedex_index, is_baby, is_legendary, is_mythical, evolves_from)
VALUES ('ampharos', 181, False, False, False, flaaffy);
INSERT INTO pokemon.form (name, is_default, fk_pokemon_species, height, weight, legacy_cry, latest_cry, artwork, shiny_artwork)
VALUES ('ampharos', True, 203, 14, 615, https://raw.githubusercontent.com/PokeAPI/cries/main/cries/pokemon/legacy/181.ogg, https://raw.githubusercontent.com/PokeAPI/cries/main/cries/pokemon/latest/181.ogg, https://raw.githubusercontent.com/PokeAPI/sprites/master/sprites/pokemon/other/official-artwork/181.png, https://raw.githubusercontent.com/PokeAPI/sprites/master/sprites/pokemon/other/official-artwork/shiny/181.png);
INSERT INTO pokemon.base_stats (base_hp, base_attack, base_defense, base_special_attack, base_special_defense, base_speed, fk_generation, fk_form)
VALUES (90, 75, 85, 115, 90, 55, 2, 290);
INSERT INTO pokemon.form_has_type_per_generation (fk_form, fk_type, fk_generation, is_primary)
VALUES (290, 13, 2, True);

INSERT INTO pokemon.form (name, is_default, fk_pokemon_species, height, weight, legacy_cry, latest_cry, artwork, shiny_artwork)
VALUES ('ampharos-mega', False, 203, 14, 615, None, https://raw.githubusercontent.com/PokeAPI/cries/main/cries/pokemon/latest/10045.ogg, https://raw.githubusercontent.com/PokeAPI/sprites/master/sprites/pokemon/other/official-artwork/10045.png, https://raw.githubusercontent.com/PokeAPI/sprites/master/sprites/pokemon/other/official-artwork/shiny/10045.png);
INSERT INTO pokemon.base_stats (base_hp, base_attack, base_defense, base_special_attack, base_special_defense, base_speed, fk_generation, fk_form)
VALUES (90, 95, 105, 165, 110, 45, 6, 291);
INSERT INTO pokemon.form_has_type_per_generation (fk_form, fk_type, fk_generation, is_primary)
VALUES (291, 13, 6, True);
INSERT INTO pokemon.form_has_type_per_generation (fk_form, fk_type, fk_generation, is_primary)
VALUES (291, 16, 6, False);

INSERT INTO pokemon.pokemon_species (name, pokedex_index, is_baby, is_legendary, is_mythical, evolves_from)
VALUES ('bellossom', 182, False, False, False, gloom);
INSERT INTO pokemon.form (name, is_default, fk_pokemon_species, height, weight, legacy_cry, latest_cry, artwork, shiny_artwork)
VALUES ('bellossom', True, 204, 4, 58, https://raw.githubusercontent.com/PokeAPI/cries/main/cries/pokemon/legacy/182.ogg, https://raw.githubusercontent.com/PokeAPI/cries/main/cries/pokemon/latest/182.ogg, https://raw.githubusercontent.com/PokeAPI/sprites/master/sprites/pokemon/other/official-artwork/182.png, https://raw.githubusercontent.com/PokeAPI/sprites/master/sprites/pokemon/other/official-artwork/shiny/182.png);
INSERT INTO pokemon.base_stats (base_hp, base_attack, base_defense, base_special_attack, base_special_defense, base_speed, fk_generation, fk_form)
VALUES (75, 80, 95, 90, 100, 50, 2, 292);
INSERT INTO pokemon.form_has_type_per_generation (fk_form, fk_type, fk_generation, is_primary)
VALUES (292, 12, 2, True);

INSERT INTO pokemon.pokemon_species (name, pokedex_index, is_baby, is_legendary, is_mythical, evolves_from)
VALUES ('marill', 183, False, False, False, azurill);
INSERT INTO pokemon.form (name, is_default, fk_pokemon_species, height, weight, legacy_cry, latest_cry, artwork, shiny_artwork)
VALUES ('marill', True, 205, 4, 85, https://raw.githubusercontent.com/PokeAPI/cries/main/cries/pokemon/legacy/183.ogg, https://raw.githubusercontent.com/PokeAPI/cries/main/cries/pokemon/latest/183.ogg, https://raw.githubusercontent.com/PokeAPI/sprites/master/sprites/pokemon/other/official-artwork/183.png, https://raw.githubusercontent.com/PokeAPI/sprites/master/sprites/pokemon/other/official-artwork/shiny/183.png);
INSERT INTO pokemon.base_stats (base_hp, base_attack, base_defense, base_special_attack, base_special_defense, base_speed, fk_generation, fk_form)
VALUES (70, 20, 50, 20, 50, 40, 2, 293);
INSERT INTO pokemon.form_has_type_per_generation (fk_form, fk_type, fk_generation, is_primary)
VALUES (293, 11, 2, True);
INSERT INTO pokemon.form_has_type_per_generation (fk_form, fk_type, fk_generation, is_primary)
VALUES (293, 18, 2, False);

INSERT INTO pokemon.pokemon_species (name, pokedex_index, is_baby, is_legendary, is_mythical, evolves_from)
VALUES ('azumarill', 184, False, False, False, marill);
INSERT INTO pokemon.form (name, is_default, fk_pokemon_species, height, weight, legacy_cry, latest_cry, artwork, shiny_artwork)
VALUES ('azumarill', True, 206, 8, 285, https://raw.githubusercontent.com/PokeAPI/cries/main/cries/pokemon/legacy/184.ogg, https://raw.githubusercontent.com/PokeAPI/cries/main/cries/pokemon/latest/184.ogg, https://raw.githubusercontent.com/PokeAPI/sprites/master/sprites/pokemon/other/official-artwork/184.png, https://raw.githubusercontent.com/PokeAPI/sprites/master/sprites/pokemon/other/official-artwork/shiny/184.png);
INSERT INTO pokemon.base_stats (base_hp, base_attack, base_defense, base_special_attack, base_special_defense, base_speed, fk_generation, fk_form)
VALUES (100, 50, 80, 60, 80, 50, 2, 294);
INSERT INTO pokemon.form_has_type_per_generation (fk_form, fk_type, fk_generation, is_primary)
VALUES (294, 11, 2, True);
INSERT INTO pokemon.form_has_type_per_generation (fk_form, fk_type, fk_generation, is_primary)
VALUES (294, 18, 2, False);

INSERT INTO pokemon.pokemon_species (name, pokedex_index, is_baby, is_legendary, is_mythical, evolves_from)
VALUES ('sudowoodo', 185, False, False, False, bonsly);
INSERT INTO pokemon.form (name, is_default, fk_pokemon_species, height, weight, legacy_cry, latest_cry, artwork, shiny_artwork)
VALUES ('sudowoodo', True, 207, 12, 380, https://raw.githubusercontent.com/PokeAPI/cries/main/cries/pokemon/legacy/185.ogg, https://raw.githubusercontent.com/PokeAPI/cries/main/cries/pokemon/latest/185.ogg, https://raw.githubusercontent.com/PokeAPI/sprites/master/sprites/pokemon/other/official-artwork/185.png, https://raw.githubusercontent.com/PokeAPI/sprites/master/sprites/pokemon/other/official-artwork/shiny/185.png);
INSERT INTO pokemon.base_stats (base_hp, base_attack, base_defense, base_special_attack, base_special_defense, base_speed, fk_generation, fk_form)
VALUES (70, 100, 115, 30, 65, 30, 2, 295);
INSERT INTO pokemon.form_has_type_per_generation (fk_form, fk_type, fk_generation, is_primary)
VALUES (295, 6, 2, True);

INSERT INTO pokemon.pokemon_species (name, pokedex_index, is_baby, is_legendary, is_mythical, evolves_from)
VALUES ('politoed', 186, False, False, False, poliwhirl);
INSERT INTO pokemon.form (name, is_default, fk_pokemon_species, height, weight, legacy_cry, latest_cry, artwork, shiny_artwork)
VALUES ('politoed', True, 208, 11, 339, https://raw.githubusercontent.com/PokeAPI/cries/main/cries/pokemon/legacy/186.ogg, https://raw.githubusercontent.com/PokeAPI/cries/main/cries/pokemon/latest/186.ogg, https://raw.githubusercontent.com/PokeAPI/sprites/master/sprites/pokemon/other/official-artwork/186.png, https://raw.githubusercontent.com/PokeAPI/sprites/master/sprites/pokemon/other/official-artwork/shiny/186.png);
INSERT INTO pokemon.base_stats (base_hp, base_attack, base_defense, base_special_attack, base_special_defense, base_speed, fk_generation, fk_form)
VALUES (90, 75, 75, 90, 100, 70, 2, 296);
INSERT INTO pokemon.form_has_type_per_generation (fk_form, fk_type, fk_generation, is_primary)
VALUES (296, 11, 2, True);

INSERT INTO pokemon.pokemon_species (name, pokedex_index, is_baby, is_legendary, is_mythical, evolves_from)
VALUES ('skiploom', 188, False, False, False, hoppip);
INSERT INTO pokemon.form (name, is_default, fk_pokemon_species, height, weight, legacy_cry, latest_cry, artwork, shiny_artwork)
VALUES ('skiploom', True, 209, 6, 10, https://raw.githubusercontent.com/PokeAPI/cries/main/cries/pokemon/legacy/188.ogg, https://raw.githubusercontent.com/PokeAPI/cries/main/cries/pokemon/latest/188.ogg, https://raw.githubusercontent.com/PokeAPI/sprites/master/sprites/pokemon/other/official-artwork/188.png, https://raw.githubusercontent.com/PokeAPI/sprites/master/sprites/pokemon/other/official-artwork/shiny/188.png);
INSERT INTO pokemon.base_stats (base_hp, base_attack, base_defense, base_special_attack, base_special_defense, base_speed, fk_generation, fk_form)
VALUES (55, 45, 50, 45, 65, 80, 2, 297);
INSERT INTO pokemon.form_has_type_per_generation (fk_form, fk_type, fk_generation, is_primary)
VALUES (297, 12, 2, True);
INSERT INTO pokemon.form_has_type_per_generation (fk_form, fk_type, fk_generation, is_primary)
VALUES (297, 3, 2, False);

INSERT INTO pokemon.pokemon_species (name, pokedex_index, is_baby, is_legendary, is_mythical, evolves_from)
VALUES ('jumpluff', 189, False, False, False, skiploom);
INSERT INTO pokemon.form (name, is_default, fk_pokemon_species, height, weight, legacy_cry, latest_cry, artwork, shiny_artwork)
VALUES ('jumpluff', True, 210, 8, 30, https://raw.githubusercontent.com/PokeAPI/cries/main/cries/pokemon/legacy/189.ogg, https://raw.githubusercontent.com/PokeAPI/cries/main/cries/pokemon/latest/189.ogg, https://raw.githubusercontent.com/PokeAPI/sprites/master/sprites/pokemon/other/official-artwork/189.png, https://raw.githubusercontent.com/PokeAPI/sprites/master/sprites/pokemon/other/official-artwork/shiny/189.png);
INSERT INTO pokemon.base_stats (base_hp, base_attack, base_defense, base_special_attack, base_special_defense, base_speed, fk_generation, fk_form)
VALUES (75, 55, 70, 55, 95, 110, 2, 298);
INSERT INTO pokemon.form_has_type_per_generation (fk_form, fk_type, fk_generation, is_primary)
VALUES (298, 12, 2, True);
INSERT INTO pokemon.form_has_type_per_generation (fk_form, fk_type, fk_generation, is_primary)
VALUES (298, 3, 2, False);

INSERT INTO pokemon.pokemon_species (name, pokedex_index, is_baby, is_legendary, is_mythical, evolves_from)
VALUES ('sunflora', 192, False, False, False, sunkern);
INSERT INTO pokemon.form (name, is_default, fk_pokemon_species, height, weight, legacy_cry, latest_cry, artwork, shiny_artwork)
VALUES ('sunflora', True, 211, 8, 85, https://raw.githubusercontent.com/PokeAPI/cries/main/cries/pokemon/legacy/192.ogg, https://raw.githubusercontent.com/PokeAPI/cries/main/cries/pokemon/latest/192.ogg, https://raw.githubusercontent.com/PokeAPI/sprites/master/sprites/pokemon/other/official-artwork/192.png, https://raw.githubusercontent.com/PokeAPI/sprites/master/sprites/pokemon/other/official-artwork/shiny/192.png);
INSERT INTO pokemon.base_stats (base_hp, base_attack, base_defense, base_special_attack, base_special_defense, base_speed, fk_generation, fk_form)
VALUES (75, 75, 55, 105, 85, 30, 2, 299);
INSERT INTO pokemon.form_has_type_per_generation (fk_form, fk_type, fk_generation, is_primary)
VALUES (299, 12, 2, True);

INSERT INTO pokemon.pokemon_species (name, pokedex_index, is_baby, is_legendary, is_mythical, evolves_from)
VALUES ('quagsire', 195, False, False, False, wooper);
INSERT INTO pokemon.form (name, is_default, fk_pokemon_species, height, weight, legacy_cry, latest_cry, artwork, shiny_artwork)
VALUES ('quagsire', True, 212, 14, 750, https://raw.githubusercontent.com/PokeAPI/cries/main/cries/pokemon/legacy/195.ogg, https://raw.githubusercontent.com/PokeAPI/cries/main/cries/pokemon/latest/195.ogg, https://raw.githubusercontent.com/PokeAPI/sprites/master/sprites/pokemon/other/official-artwork/195.png, https://raw.githubusercontent.com/PokeAPI/sprites/master/sprites/pokemon/other/official-artwork/shiny/195.png);
INSERT INTO pokemon.base_stats (base_hp, base_attack, base_defense, base_special_attack, base_special_defense, base_speed, fk_generation, fk_form)
VALUES (95, 85, 85, 65, 65, 35, 2, 300);
INSERT INTO pokemon.form_has_type_per_generation (fk_form, fk_type, fk_generation, is_primary)
VALUES (300, 11, 2, True);
INSERT INTO pokemon.form_has_type_per_generation (fk_form, fk_type, fk_generation, is_primary)
VALUES (300, 5, 2, False);

INSERT INTO pokemon.pokemon_species (name, pokedex_index, is_baby, is_legendary, is_mythical, evolves_from)
VALUES ('espeon', 196, False, False, False, eevee);
INSERT INTO pokemon.form (name, is_default, fk_pokemon_species, height, weight, legacy_cry, latest_cry, artwork, shiny_artwork)
VALUES ('espeon', True, 213, 9, 265, https://raw.githubusercontent.com/PokeAPI/cries/main/cries/pokemon/legacy/196.ogg, https://raw.githubusercontent.com/PokeAPI/cries/main/cries/pokemon/latest/196.ogg, https://raw.githubusercontent.com/PokeAPI/sprites/master/sprites/pokemon/other/official-artwork/196.png, https://raw.githubusercontent.com/PokeAPI/sprites/master/sprites/pokemon/other/official-artwork/shiny/196.png);
INSERT INTO pokemon.base_stats (base_hp, base_attack, base_defense, base_special_attack, base_special_defense, base_speed, fk_generation, fk_form)
VALUES (65, 65, 60, 130, 95, 110, 2, 301);
INSERT INTO pokemon.form_has_type_per_generation (fk_form, fk_type, fk_generation, is_primary)
VALUES (301, 14, 2, True);

INSERT INTO pokemon.pokemon_species (name, pokedex_index, is_baby, is_legendary, is_mythical, evolves_from)
VALUES ('umbreon', 197, False, False, False, eevee);
INSERT INTO pokemon.form (name, is_default, fk_pokemon_species, height, weight, legacy_cry, latest_cry, artwork, shiny_artwork)
VALUES ('umbreon', True, 214, 10, 270, https://raw.githubusercontent.com/PokeAPI/cries/main/cries/pokemon/legacy/197.ogg, https://raw.githubusercontent.com/PokeAPI/cries/main/cries/pokemon/latest/197.ogg, https://raw.githubusercontent.com/PokeAPI/sprites/master/sprites/pokemon/other/official-artwork/197.png, https://raw.githubusercontent.com/PokeAPI/sprites/master/sprites/pokemon/other/official-artwork/shiny/197.png);
INSERT INTO pokemon.base_stats (base_hp, base_attack, base_defense, base_special_attack, base_special_defense, base_speed, fk_generation, fk_form)
VALUES (95, 65, 110, 60, 130, 65, 2, 302);
INSERT INTO pokemon.form_has_type_per_generation (fk_form, fk_type, fk_generation, is_primary)
VALUES (302, 17, 2, True);

INSERT INTO pokemon.pokemon_species (name, pokedex_index, is_baby, is_legendary, is_mythical, evolves_from)
VALUES ('slowking', 199, False, False, False, slowpoke);
INSERT INTO pokemon.form (name, is_default, fk_pokemon_species, height, weight, legacy_cry, latest_cry, artwork, shiny_artwork)
VALUES ('slowking', True, 215, 20, 795, https://raw.githubusercontent.com/PokeAPI/cries/main/cries/pokemon/legacy/199.ogg, https://raw.githubusercontent.com/PokeAPI/cries/main/cries/pokemon/latest/199.ogg, https://raw.githubusercontent.com/PokeAPI/sprites/master/sprites/pokemon/other/official-artwork/199.png, https://raw.githubusercontent.com/PokeAPI/sprites/master/sprites/pokemon/other/official-artwork/shiny/199.png);
INSERT INTO pokemon.base_stats (base_hp, base_attack, base_defense, base_special_attack, base_special_defense, base_speed, fk_generation, fk_form)
VALUES (95, 75, 80, 100, 110, 30, 2, 303);
INSERT INTO pokemon.form_has_type_per_generation (fk_form, fk_type, fk_generation, is_primary)
VALUES (303, 11, 2, True);
INSERT INTO pokemon.form_has_type_per_generation (fk_form, fk_type, fk_generation, is_primary)
VALUES (303, 14, 2, False);

INSERT INTO pokemon.form (name, is_default, fk_pokemon_species, height, weight, legacy_cry, latest_cry, artwork, shiny_artwork)
VALUES ('slowking-galar', False, 215, 18, 795, None, https://raw.githubusercontent.com/PokeAPI/cries/main/cries/pokemon/latest/10172.ogg, https://raw.githubusercontent.com/PokeAPI/sprites/master/sprites/pokemon/other/official-artwork/10172.png, https://raw.githubusercontent.com/PokeAPI/sprites/master/sprites/pokemon/other/official-artwork/shiny/10172.png);
INSERT INTO pokemon.base_stats (base_hp, base_attack, base_defense, base_special_attack, base_special_defense, base_speed, fk_generation, fk_form)
VALUES (95, 65, 80, 110, 110, 30, 8, 304);
INSERT INTO pokemon.form_has_type_per_generation (fk_form, fk_type, fk_generation, is_primary)
VALUES (304, 4, 8, True);
INSERT INTO pokemon.form_has_type_per_generation (fk_form, fk_type, fk_generation, is_primary)
VALUES (304, 14, 8, False);

INSERT INTO pokemon.pokemon_species (name, pokedex_index, is_baby, is_legendary, is_mythical, evolves_from)
VALUES ('wobbuffet', 202, False, False, False, wynaut);
INSERT INTO pokemon.form (name, is_default, fk_pokemon_species, height, weight, legacy_cry, latest_cry, artwork, shiny_artwork)
VALUES ('wobbuffet', True, 216, 13, 285, https://raw.githubusercontent.com/PokeAPI/cries/main/cries/pokemon/legacy/202.ogg, https://raw.githubusercontent.com/PokeAPI/cries/main/cries/pokemon/latest/202.ogg, https://raw.githubusercontent.com/PokeAPI/sprites/master/sprites/pokemon/other/official-artwork/202.png, https://raw.githubusercontent.com/PokeAPI/sprites/master/sprites/pokemon/other/official-artwork/shiny/202.png);
INSERT INTO pokemon.base_stats (base_hp, base_attack, base_defense, base_special_attack, base_special_defense, base_speed, fk_generation, fk_form)
VALUES (190, 33, 58, 33, 58, 33, 2, 305);
INSERT INTO pokemon.form_has_type_per_generation (fk_form, fk_type, fk_generation, is_primary)
VALUES (305, 14, 2, True);

INSERT INTO pokemon.pokemon_species (name, pokedex_index, is_baby, is_legendary, is_mythical, evolves_from)
VALUES ('forretress', 205, False, False, False, pineco);
INSERT INTO pokemon.form (name, is_default, fk_pokemon_species, height, weight, legacy_cry, latest_cry, artwork, shiny_artwork)
VALUES ('forretress', True, 217, 12, 1258, https://raw.githubusercontent.com/PokeAPI/cries/main/cries/pokemon/legacy/205.ogg, https://raw.githubusercontent.com/PokeAPI/cries/main/cries/pokemon/latest/205.ogg, https://raw.githubusercontent.com/PokeAPI/sprites/master/sprites/pokemon/other/official-artwork/205.png, https://raw.githubusercontent.com/PokeAPI/sprites/master/sprites/pokemon/other/official-artwork/shiny/205.png);
INSERT INTO pokemon.base_stats (base_hp, base_attack, base_defense, base_special_attack, base_special_defense, base_speed, fk_generation, fk_form)
VALUES (75, 90, 140, 60, 60, 40, 2, 306);
INSERT INTO pokemon.form_has_type_per_generation (fk_form, fk_type, fk_generation, is_primary)
VALUES (306, 7, 2, True);
INSERT INTO pokemon.form_has_type_per_generation (fk_form, fk_type, fk_generation, is_primary)
VALUES (306, 9, 2, False);

INSERT INTO pokemon.pokemon_species (name, pokedex_index, is_baby, is_legendary, is_mythical, evolves_from)
VALUES ('steelix', 208, False, False, False, onix);
INSERT INTO pokemon.form (name, is_default, fk_pokemon_species, height, weight, legacy_cry, latest_cry, artwork, shiny_artwork)
VALUES ('steelix', True, 218, 92, 4000, https://raw.githubusercontent.com/PokeAPI/cries/main/cries/pokemon/legacy/208.ogg, https://raw.githubusercontent.com/PokeAPI/cries/main/cries/pokemon/latest/208.ogg, https://raw.githubusercontent.com/PokeAPI/sprites/master/sprites/pokemon/other/official-artwork/208.png, https://raw.githubusercontent.com/PokeAPI/sprites/master/sprites/pokemon/other/official-artwork/shiny/208.png);
INSERT INTO pokemon.base_stats (base_hp, base_attack, base_defense, base_special_attack, base_special_defense, base_speed, fk_generation, fk_form)
VALUES (75, 85, 200, 55, 65, 30, 2, 307);
INSERT INTO pokemon.form_has_type_per_generation (fk_form, fk_type, fk_generation, is_primary)
VALUES (307, 9, 2, True);
INSERT INTO pokemon.form_has_type_per_generation (fk_form, fk_type, fk_generation, is_primary)
VALUES (307, 5, 2, False);

INSERT INTO pokemon.form (name, is_default, fk_pokemon_species, height, weight, legacy_cry, latest_cry, artwork, shiny_artwork)
VALUES ('steelix-mega', False, 218, 105, 7400, None, https://raw.githubusercontent.com/PokeAPI/cries/main/cries/pokemon/latest/10072.ogg, https://raw.githubusercontent.com/PokeAPI/sprites/master/sprites/pokemon/other/official-artwork/10072.png, https://raw.githubusercontent.com/PokeAPI/sprites/master/sprites/pokemon/other/official-artwork/shiny/10072.png);
INSERT INTO pokemon.base_stats (base_hp, base_attack, base_defense, base_special_attack, base_special_defense, base_speed, fk_generation, fk_form)
VALUES (75, 125, 230, 55, 95, 30, 6, 308);
INSERT INTO pokemon.form_has_type_per_generation (fk_form, fk_type, fk_generation, is_primary)
VALUES (308, 9, 6, True);
INSERT INTO pokemon.form_has_type_per_generation (fk_form, fk_type, fk_generation, is_primary)
VALUES (308, 5, 6, False);

INSERT INTO pokemon.pokemon_species (name, pokedex_index, is_baby, is_legendary, is_mythical, evolves_from)
VALUES ('granbull', 210, False, False, False, snubbull);
INSERT INTO pokemon.form (name, is_default, fk_pokemon_species, height, weight, legacy_cry, latest_cry, artwork, shiny_artwork)
VALUES ('granbull', True, 219, 14, 487, https://raw.githubusercontent.com/PokeAPI/cries/main/cries/pokemon/legacy/210.ogg, https://raw.githubusercontent.com/PokeAPI/cries/main/cries/pokemon/latest/210.ogg, https://raw.githubusercontent.com/PokeAPI/sprites/master/sprites/pokemon/other/official-artwork/210.png, https://raw.githubusercontent.com/PokeAPI/sprites/master/sprites/pokemon/other/official-artwork/shiny/210.png);
INSERT INTO pokemon.base_stats (base_hp, base_attack, base_defense, base_special_attack, base_special_defense, base_speed, fk_generation, fk_form)
VALUES (90, 120, 75, 60, 60, 45, 2, 309);
INSERT INTO pokemon.form_has_type_per_generation (fk_form, fk_type, fk_generation, is_primary)
VALUES (309, 18, 2, True);

INSERT INTO pokemon.pokemon_species (name, pokedex_index, is_baby, is_legendary, is_mythical, evolves_from)
VALUES ('scizor', 212, False, False, False, scyther);
INSERT INTO pokemon.form (name, is_default, fk_pokemon_species, height, weight, legacy_cry, latest_cry, artwork, shiny_artwork)
VALUES ('scizor', True, 220, 18, 1180, https://raw.githubusercontent.com/PokeAPI/cries/main/cries/pokemon/legacy/212.ogg, https://raw.githubusercontent.com/PokeAPI/cries/main/cries/pokemon/latest/212.ogg, https://raw.githubusercontent.com/PokeAPI/sprites/master/sprites/pokemon/other/official-artwork/212.png, https://raw.githubusercontent.com/PokeAPI/sprites/master/sprites/pokemon/other/official-artwork/shiny/212.png);
INSERT INTO pokemon.base_stats (base_hp, base_attack, base_defense, base_special_attack, base_special_defense, base_speed, fk_generation, fk_form)
VALUES (70, 130, 100, 55, 80, 65, 2, 310);
INSERT INTO pokemon.form_has_type_per_generation (fk_form, fk_type, fk_generation, is_primary)
VALUES (310, 7, 2, True);
INSERT INTO pokemon.form_has_type_per_generation (fk_form, fk_type, fk_generation, is_primary)
VALUES (310, 9, 2, False);

INSERT INTO pokemon.form (name, is_default, fk_pokemon_species, height, weight, legacy_cry, latest_cry, artwork, shiny_artwork)
VALUES ('scizor-mega', False, 220, 20, 1250, None, https://raw.githubusercontent.com/PokeAPI/cries/main/cries/pokemon/latest/10046.ogg, https://raw.githubusercontent.com/PokeAPI/sprites/master/sprites/pokemon/other/official-artwork/10046.png, https://raw.githubusercontent.com/PokeAPI/sprites/master/sprites/pokemon/other/official-artwork/shiny/10046.png);
INSERT INTO pokemon.base_stats (base_hp, base_attack, base_defense, base_special_attack, base_special_defense, base_speed, fk_generation, fk_form)
VALUES (70, 150, 140, 65, 100, 75, 6, 311);
INSERT INTO pokemon.form_has_type_per_generation (fk_form, fk_type, fk_generation, is_primary)
VALUES (311, 7, 6, True);
INSERT INTO pokemon.form_has_type_per_generation (fk_form, fk_type, fk_generation, is_primary)
VALUES (311, 9, 6, False);

INSERT INTO pokemon.pokemon_species (name, pokedex_index, is_baby, is_legendary, is_mythical, evolves_from)
VALUES ('ursaring', 217, False, False, False, teddiursa);
INSERT INTO pokemon.form (name, is_default, fk_pokemon_species, height, weight, legacy_cry, latest_cry, artwork, shiny_artwork)
VALUES ('ursaring', True, 221, 18, 1258, https://raw.githubusercontent.com/PokeAPI/cries/main/cries/pokemon/legacy/217.ogg, https://raw.githubusercontent.com/PokeAPI/cries/main/cries/pokemon/latest/217.ogg, https://raw.githubusercontent.com/PokeAPI/sprites/master/sprites/pokemon/other/official-artwork/217.png, https://raw.githubusercontent.com/PokeAPI/sprites/master/sprites/pokemon/other/official-artwork/shiny/217.png);
INSERT INTO pokemon.base_stats (base_hp, base_attack, base_defense, base_special_attack, base_special_defense, base_speed, fk_generation, fk_form)
VALUES (90, 130, 75, 75, 75, 55, 2, 312);
INSERT INTO pokemon.form_has_type_per_generation (fk_form, fk_type, fk_generation, is_primary)
VALUES (312, 1, 2, True);

INSERT INTO pokemon.pokemon_species (name, pokedex_index, is_baby, is_legendary, is_mythical, evolves_from)
VALUES ('magcargo', 219, False, False, False, slugma);
INSERT INTO pokemon.form (name, is_default, fk_pokemon_species, height, weight, legacy_cry, latest_cry, artwork, shiny_artwork)
VALUES ('magcargo', True, 222, 8, 550, https://raw.githubusercontent.com/PokeAPI/cries/main/cries/pokemon/legacy/219.ogg, https://raw.githubusercontent.com/PokeAPI/cries/main/cries/pokemon/latest/219.ogg, https://raw.githubusercontent.com/PokeAPI/sprites/master/sprites/pokemon/other/official-artwork/219.png, https://raw.githubusercontent.com/PokeAPI/sprites/master/sprites/pokemon/other/official-artwork/shiny/219.png);
INSERT INTO pokemon.base_stats (base_hp, base_attack, base_defense, base_special_attack, base_special_defense, base_speed, fk_generation, fk_form)
VALUES (60, 50, 120, 90, 80, 30, 2, 313);
INSERT INTO pokemon.form_has_type_per_generation (fk_form, fk_type, fk_generation, is_primary)
VALUES (313, 10, 2, True);
INSERT INTO pokemon.form_has_type_per_generation (fk_form, fk_type, fk_generation, is_primary)
VALUES (313, 6, 2, False);

INSERT INTO pokemon.pokemon_species (name, pokedex_index, is_baby, is_legendary, is_mythical, evolves_from)
VALUES ('piloswine', 221, False, False, False, swinub);
INSERT INTO pokemon.form (name, is_default, fk_pokemon_species, height, weight, legacy_cry, latest_cry, artwork, shiny_artwork)
VALUES ('piloswine', True, 223, 11, 558, https://raw.githubusercontent.com/PokeAPI/cries/main/cries/pokemon/legacy/221.ogg, https://raw.githubusercontent.com/PokeAPI/cries/main/cries/pokemon/latest/221.ogg, https://raw.githubusercontent.com/PokeAPI/sprites/master/sprites/pokemon/other/official-artwork/221.png, https://raw.githubusercontent.com/PokeAPI/sprites/master/sprites/pokemon/other/official-artwork/shiny/221.png);
INSERT INTO pokemon.base_stats (base_hp, base_attack, base_defense, base_special_attack, base_special_defense, base_speed, fk_generation, fk_form)
VALUES (100, 100, 80, 60, 60, 50, 2, 314);
INSERT INTO pokemon.form_has_type_per_generation (fk_form, fk_type, fk_generation, is_primary)
VALUES (314, 15, 2, True);
INSERT INTO pokemon.form_has_type_per_generation (fk_form, fk_type, fk_generation, is_primary)
VALUES (314, 5, 2, False);

INSERT INTO pokemon.pokemon_species (name, pokedex_index, is_baby, is_legendary, is_mythical, evolves_from)
VALUES ('octillery', 224, False, False, False, remoraid);
INSERT INTO pokemon.form (name, is_default, fk_pokemon_species, height, weight, legacy_cry, latest_cry, artwork, shiny_artwork)
VALUES ('octillery', True, 224, 9, 285, https://raw.githubusercontent.com/PokeAPI/cries/main/cries/pokemon/legacy/224.ogg, https://raw.githubusercontent.com/PokeAPI/cries/main/cries/pokemon/latest/224.ogg, https://raw.githubusercontent.com/PokeAPI/sprites/master/sprites/pokemon/other/official-artwork/224.png, https://raw.githubusercontent.com/PokeAPI/sprites/master/sprites/pokemon/other/official-artwork/shiny/224.png);
INSERT INTO pokemon.base_stats (base_hp, base_attack, base_defense, base_special_attack, base_special_defense, base_speed, fk_generation, fk_form)
VALUES (75, 105, 75, 105, 75, 45, 2, 315);
INSERT INTO pokemon.form_has_type_per_generation (fk_form, fk_type, fk_generation, is_primary)
VALUES (315, 11, 2, True);

INSERT INTO pokemon.pokemon_species (name, pokedex_index, is_baby, is_legendary, is_mythical, evolves_from)
VALUES ('skarmory', 227, False, False, False, None);
INSERT INTO pokemon.form (name, is_default, fk_pokemon_species, height, weight, legacy_cry, latest_cry, artwork, shiny_artwork)
VALUES ('skarmory', True, 225, 17, 505, https://raw.githubusercontent.com/PokeAPI/cries/main/cries/pokemon/legacy/227.ogg, https://raw.githubusercontent.com/PokeAPI/cries/main/cries/pokemon/latest/227.ogg, https://raw.githubusercontent.com/PokeAPI/sprites/master/sprites/pokemon/other/official-artwork/227.png, https://raw.githubusercontent.com/PokeAPI/sprites/master/sprites/pokemon/other/official-artwork/shiny/227.png);
INSERT INTO pokemon.base_stats (base_hp, base_attack, base_defense, base_special_attack, base_special_defense, base_speed, fk_generation, fk_form)
VALUES (65, 80, 140, 40, 70, 70, 2, 316);
INSERT INTO pokemon.form_has_type_per_generation (fk_form, fk_type, fk_generation, is_primary)
VALUES (316, 9, 2, True);
INSERT INTO pokemon.form_has_type_per_generation (fk_form, fk_type, fk_generation, is_primary)
VALUES (316, 3, 2, False);

INSERT INTO pokemon.pokemon_species (name, pokedex_index, is_baby, is_legendary, is_mythical, evolves_from)
VALUES ('houndour', 228, False, False, False, None);
INSERT INTO pokemon.form (name, is_default, fk_pokemon_species, height, weight, legacy_cry, latest_cry, artwork, shiny_artwork)
VALUES ('houndour', True, 226, 6, 108, https://raw.githubusercontent.com/PokeAPI/cries/main/cries/pokemon/legacy/228.ogg, https://raw.githubusercontent.com/PokeAPI/cries/main/cries/pokemon/latest/228.ogg, https://raw.githubusercontent.com/PokeAPI/sprites/master/sprites/pokemon/other/official-artwork/228.png, https://raw.githubusercontent.com/PokeAPI/sprites/master/sprites/pokemon/other/official-artwork/shiny/228.png);
INSERT INTO pokemon.base_stats (base_hp, base_attack, base_defense, base_special_attack, base_special_defense, base_speed, fk_generation, fk_form)
VALUES (45, 60, 30, 80, 50, 65, 2, 317);
INSERT INTO pokemon.form_has_type_per_generation (fk_form, fk_type, fk_generation, is_primary)
VALUES (317, 17, 2, True);
INSERT INTO pokemon.form_has_type_per_generation (fk_form, fk_type, fk_generation, is_primary)
VALUES (317, 10, 2, False);

INSERT INTO pokemon.pokemon_species (name, pokedex_index, is_baby, is_legendary, is_mythical, evolves_from)
VALUES ('phanpy', 231, False, False, False, None);
INSERT INTO pokemon.form (name, is_default, fk_pokemon_species, height, weight, legacy_cry, latest_cry, artwork, shiny_artwork)
VALUES ('phanpy', True, 227, 5, 335, https://raw.githubusercontent.com/PokeAPI/cries/main/cries/pokemon/legacy/231.ogg, https://raw.githubusercontent.com/PokeAPI/cries/main/cries/pokemon/latest/231.ogg, https://raw.githubusercontent.com/PokeAPI/sprites/master/sprites/pokemon/other/official-artwork/231.png, https://raw.githubusercontent.com/PokeAPI/sprites/master/sprites/pokemon/other/official-artwork/shiny/231.png);
INSERT INTO pokemon.base_stats (base_hp, base_attack, base_defense, base_special_attack, base_special_defense, base_speed, fk_generation, fk_form)
VALUES (90, 60, 60, 40, 40, 40, 2, 318);
INSERT INTO pokemon.form_has_type_per_generation (fk_form, fk_type, fk_generation, is_primary)
VALUES (318, 5, 2, True);

INSERT INTO pokemon.pokemon_species (name, pokedex_index, is_baby, is_legendary, is_mythical, evolves_from)
VALUES ('stantler', 234, False, False, False, None);
INSERT INTO pokemon.form (name, is_default, fk_pokemon_species, height, weight, legacy_cry, latest_cry, artwork, shiny_artwork)
VALUES ('stantler', True, 228, 14, 712, https://raw.githubusercontent.com/PokeAPI/cries/main/cries/pokemon/legacy/234.ogg, https://raw.githubusercontent.com/PokeAPI/cries/main/cries/pokemon/latest/234.ogg, https://raw.githubusercontent.com/PokeAPI/sprites/master/sprites/pokemon/other/official-artwork/234.png, https://raw.githubusercontent.com/PokeAPI/sprites/master/sprites/pokemon/other/official-artwork/shiny/234.png);
INSERT INTO pokemon.base_stats (base_hp, base_attack, base_defense, base_special_attack, base_special_defense, base_speed, fk_generation, fk_form)
VALUES (73, 95, 62, 85, 65, 85, 2, 319);
INSERT INTO pokemon.form_has_type_per_generation (fk_form, fk_type, fk_generation, is_primary)
VALUES (319, 1, 2, True);

INSERT INTO pokemon.pokemon_species (name, pokedex_index, is_baby, is_legendary, is_mythical, evolves_from)
VALUES ('smeargle', 235, False, False, False, None);
INSERT INTO pokemon.form (name, is_default, fk_pokemon_species, height, weight, legacy_cry, latest_cry, artwork, shiny_artwork)
VALUES ('smeargle', True, 229, 12, 580, https://raw.githubusercontent.com/PokeAPI/cries/main/cries/pokemon/legacy/235.ogg, https://raw.githubusercontent.com/PokeAPI/cries/main/cries/pokemon/latest/235.ogg, https://raw.githubusercontent.com/PokeAPI/sprites/master/sprites/pokemon/other/official-artwork/235.png, https://raw.githubusercontent.com/PokeAPI/sprites/master/sprites/pokemon/other/official-artwork/shiny/235.png);
INSERT INTO pokemon.base_stats (base_hp, base_attack, base_defense, base_special_attack, base_special_defense, base_speed, fk_generation, fk_form)
VALUES (55, 20, 35, 20, 45, 75, 2, 320);
INSERT INTO pokemon.form_has_type_per_generation (fk_form, fk_type, fk_generation, is_primary)
VALUES (320, 1, 2, True);

INSERT INTO pokemon.pokemon_species (name, pokedex_index, is_baby, is_legendary, is_mythical, evolves_from)
VALUES ('tyrogue', 236, True, False, False, None);
INSERT INTO pokemon.form (name, is_default, fk_pokemon_species, height, weight, legacy_cry, latest_cry, artwork, shiny_artwork)
VALUES ('tyrogue', True, 230, 7, 210, https://raw.githubusercontent.com/PokeAPI/cries/main/cries/pokemon/legacy/236.ogg, https://raw.githubusercontent.com/PokeAPI/cries/main/cries/pokemon/latest/236.ogg, https://raw.githubusercontent.com/PokeAPI/sprites/master/sprites/pokemon/other/official-artwork/236.png, https://raw.githubusercontent.com/PokeAPI/sprites/master/sprites/pokemon/other/official-artwork/shiny/236.png);
INSERT INTO pokemon.base_stats (base_hp, base_attack, base_defense, base_special_attack, base_special_defense, base_speed, fk_generation, fk_form)
VALUES (35, 35, 35, 35, 35, 35, 2, 321);
INSERT INTO pokemon.form_has_type_per_generation (fk_form, fk_type, fk_generation, is_primary)
VALUES (321, 2, 2, True);

INSERT INTO pokemon.pokemon_species (name, pokedex_index, is_baby, is_legendary, is_mythical, evolves_from)
VALUES ('smoochum', 238, True, False, False, None);
INSERT INTO pokemon.form (name, is_default, fk_pokemon_species, height, weight, legacy_cry, latest_cry, artwork, shiny_artwork)
VALUES ('smoochum', True, 231, 4, 60, https://raw.githubusercontent.com/PokeAPI/cries/main/cries/pokemon/legacy/238.ogg, https://raw.githubusercontent.com/PokeAPI/cries/main/cries/pokemon/latest/238.ogg, https://raw.githubusercontent.com/PokeAPI/sprites/master/sprites/pokemon/other/official-artwork/238.png, https://raw.githubusercontent.com/PokeAPI/sprites/master/sprites/pokemon/other/official-artwork/shiny/238.png);
INSERT INTO pokemon.base_stats (base_hp, base_attack, base_defense, base_special_attack, base_special_defense, base_speed, fk_generation, fk_form)
VALUES (45, 30, 15, 85, 65, 65, 2, 322);
INSERT INTO pokemon.form_has_type_per_generation (fk_form, fk_type, fk_generation, is_primary)
VALUES (322, 15, 2, True);
INSERT INTO pokemon.form_has_type_per_generation (fk_form, fk_type, fk_generation, is_primary)
VALUES (322, 14, 2, False);

INSERT INTO pokemon.pokemon_species (name, pokedex_index, is_baby, is_legendary, is_mythical, evolves_from)
VALUES ('elekid', 239, True, False, False, None);
INSERT INTO pokemon.form (name, is_default, fk_pokemon_species, height, weight, legacy_cry, latest_cry, artwork, shiny_artwork)
VALUES ('elekid', True, 232, 6, 235, https://raw.githubusercontent.com/PokeAPI/cries/main/cries/pokemon/legacy/239.ogg, https://raw.githubusercontent.com/PokeAPI/cries/main/cries/pokemon/latest/239.ogg, https://raw.githubusercontent.com/PokeAPI/sprites/master/sprites/pokemon/other/official-artwork/239.png, https://raw.githubusercontent.com/PokeAPI/sprites/master/sprites/pokemon/other/official-artwork/shiny/239.png);
INSERT INTO pokemon.base_stats (base_hp, base_attack, base_defense, base_special_attack, base_special_defense, base_speed, fk_generation, fk_form)
VALUES (45, 63, 37, 65, 55, 95, 2, 323);
INSERT INTO pokemon.form_has_type_per_generation (fk_form, fk_type, fk_generation, is_primary)
VALUES (323, 13, 2, True);

INSERT INTO pokemon.pokemon_species (name, pokedex_index, is_baby, is_legendary, is_mythical, evolves_from)
VALUES ('magby', 240, True, False, False, None);
INSERT INTO pokemon.form (name, is_default, fk_pokemon_species, height, weight, legacy_cry, latest_cry, artwork, shiny_artwork)
VALUES ('magby', True, 233, 7, 214, https://raw.githubusercontent.com/PokeAPI/cries/main/cries/pokemon/legacy/240.ogg, https://raw.githubusercontent.com/PokeAPI/cries/main/cries/pokemon/latest/240.ogg, https://raw.githubusercontent.com/PokeAPI/sprites/master/sprites/pokemon/other/official-artwork/240.png, https://raw.githubusercontent.com/PokeAPI/sprites/master/sprites/pokemon/other/official-artwork/shiny/240.png);
INSERT INTO pokemon.base_stats (base_hp, base_attack, base_defense, base_special_attack, base_special_defense, base_speed, fk_generation, fk_form)
VALUES (45, 75, 37, 70, 55, 83, 2, 324);
INSERT INTO pokemon.form_has_type_per_generation (fk_form, fk_type, fk_generation, is_primary)
VALUES (324, 10, 2, True);

INSERT INTO pokemon.pokemon_species (name, pokedex_index, is_baby, is_legendary, is_mythical, evolves_from)
VALUES ('miltank', 241, False, False, False, None);
INSERT INTO pokemon.form (name, is_default, fk_pokemon_species, height, weight, legacy_cry, latest_cry, artwork, shiny_artwork)
VALUES ('miltank', True, 234, 12, 755, https://raw.githubusercontent.com/PokeAPI/cries/main/cries/pokemon/legacy/241.ogg, https://raw.githubusercontent.com/PokeAPI/cries/main/cries/pokemon/latest/241.ogg, https://raw.githubusercontent.com/PokeAPI/sprites/master/sprites/pokemon/other/official-artwork/241.png, https://raw.githubusercontent.com/PokeAPI/sprites/master/sprites/pokemon/other/official-artwork/shiny/241.png);
INSERT INTO pokemon.base_stats (base_hp, base_attack, base_defense, base_special_attack, base_special_defense, base_speed, fk_generation, fk_form)
VALUES (95, 80, 105, 40, 70, 100, 2, 325);
INSERT INTO pokemon.form_has_type_per_generation (fk_form, fk_type, fk_generation, is_primary)
VALUES (325, 1, 2, True);

INSERT INTO pokemon.pokemon_species (name, pokedex_index, is_baby, is_legendary, is_mythical, evolves_from)
VALUES ('raikou', 243, False, True, False, None);
INSERT INTO pokemon.form (name, is_default, fk_pokemon_species, height, weight, legacy_cry, latest_cry, artwork, shiny_artwork)
VALUES ('raikou', True, 235, 19, 1780, https://raw.githubusercontent.com/PokeAPI/cries/main/cries/pokemon/legacy/243.ogg, https://raw.githubusercontent.com/PokeAPI/cries/main/cries/pokemon/latest/243.ogg, https://raw.githubusercontent.com/PokeAPI/sprites/master/sprites/pokemon/other/official-artwork/243.png, https://raw.githubusercontent.com/PokeAPI/sprites/master/sprites/pokemon/other/official-artwork/shiny/243.png);
INSERT INTO pokemon.base_stats (base_hp, base_attack, base_defense, base_special_attack, base_special_defense, base_speed, fk_generation, fk_form)
VALUES (90, 85, 75, 115, 100, 115, 2, 326);
INSERT INTO pokemon.form_has_type_per_generation (fk_form, fk_type, fk_generation, is_primary)
VALUES (326, 13, 2, True);

INSERT INTO pokemon.pokemon_species (name, pokedex_index, is_baby, is_legendary, is_mythical, evolves_from)
VALUES ('entei', 244, False, True, False, None);
INSERT INTO pokemon.form (name, is_default, fk_pokemon_species, height, weight, legacy_cry, latest_cry, artwork, shiny_artwork)
VALUES ('entei', True, 236, 21, 1980, https://raw.githubusercontent.com/PokeAPI/cries/main/cries/pokemon/legacy/244.ogg, https://raw.githubusercontent.com/PokeAPI/cries/main/cries/pokemon/latest/244.ogg, https://raw.githubusercontent.com/PokeAPI/sprites/master/sprites/pokemon/other/official-artwork/244.png, https://raw.githubusercontent.com/PokeAPI/sprites/master/sprites/pokemon/other/official-artwork/shiny/244.png);
INSERT INTO pokemon.base_stats (base_hp, base_attack, base_defense, base_special_attack, base_special_defense, base_speed, fk_generation, fk_form)
VALUES (115, 115, 85, 90, 75, 100, 2, 327);
INSERT INTO pokemon.form_has_type_per_generation (fk_form, fk_type, fk_generation, is_primary)
VALUES (327, 10, 2, True);

INSERT INTO pokemon.pokemon_species (name, pokedex_index, is_baby, is_legendary, is_mythical, evolves_from)
VALUES ('suicune', 245, False, True, False, None);
INSERT INTO pokemon.form (name, is_default, fk_pokemon_species, height, weight, legacy_cry, latest_cry, artwork, shiny_artwork)
VALUES ('suicune', True, 237, 20, 1870, https://raw.githubusercontent.com/PokeAPI/cries/main/cries/pokemon/legacy/245.ogg, https://raw.githubusercontent.com/PokeAPI/cries/main/cries/pokemon/latest/245.ogg, https://raw.githubusercontent.com/PokeAPI/sprites/master/sprites/pokemon/other/official-artwork/245.png, https://raw.githubusercontent.com/PokeAPI/sprites/master/sprites/pokemon/other/official-artwork/shiny/245.png);
INSERT INTO pokemon.base_stats (base_hp, base_attack, base_defense, base_special_attack, base_special_defense, base_speed, fk_generation, fk_form)
VALUES (100, 75, 115, 90, 115, 85, 2, 328);
INSERT INTO pokemon.form_has_type_per_generation (fk_form, fk_type, fk_generation, is_primary)
VALUES (328, 11, 2, True);

INSERT INTO pokemon.pokemon_species (name, pokedex_index, is_baby, is_legendary, is_mythical, evolves_from)
VALUES ('larvitar', 246, False, False, False, None);
INSERT INTO pokemon.form (name, is_default, fk_pokemon_species, height, weight, legacy_cry, latest_cry, artwork, shiny_artwork)
VALUES ('larvitar', True, 238, 6, 720, https://raw.githubusercontent.com/PokeAPI/cries/main/cries/pokemon/legacy/246.ogg, https://raw.githubusercontent.com/PokeAPI/cries/main/cries/pokemon/latest/246.ogg, https://raw.githubusercontent.com/PokeAPI/sprites/master/sprites/pokemon/other/official-artwork/246.png, https://raw.githubusercontent.com/PokeAPI/sprites/master/sprites/pokemon/other/official-artwork/shiny/246.png);
INSERT INTO pokemon.base_stats (base_hp, base_attack, base_defense, base_special_attack, base_special_defense, base_speed, fk_generation, fk_form)
VALUES (50, 64, 50, 45, 50, 41, 2, 329);
INSERT INTO pokemon.form_has_type_per_generation (fk_form, fk_type, fk_generation, is_primary)
VALUES (329, 6, 2, True);
INSERT INTO pokemon.form_has_type_per_generation (fk_form, fk_type, fk_generation, is_primary)
VALUES (329, 5, 2, False);

INSERT INTO pokemon.pokemon_species (name, pokedex_index, is_baby, is_legendary, is_mythical, evolves_from)
VALUES ('lugia', 249, False, True, False, None);
INSERT INTO pokemon.form (name, is_default, fk_pokemon_species, height, weight, legacy_cry, latest_cry, artwork, shiny_artwork)
VALUES ('lugia', True, 239, 52, 2160, https://raw.githubusercontent.com/PokeAPI/cries/main/cries/pokemon/legacy/249.ogg, https://raw.githubusercontent.com/PokeAPI/cries/main/cries/pokemon/latest/249.ogg, https://raw.githubusercontent.com/PokeAPI/sprites/master/sprites/pokemon/other/official-artwork/249.png, https://raw.githubusercontent.com/PokeAPI/sprites/master/sprites/pokemon/other/official-artwork/shiny/249.png);
INSERT INTO pokemon.base_stats (base_hp, base_attack, base_defense, base_special_attack, base_special_defense, base_speed, fk_generation, fk_form)
VALUES (106, 90, 130, 90, 154, 110, 2, 330);
INSERT INTO pokemon.form_has_type_per_generation (fk_form, fk_type, fk_generation, is_primary)
VALUES (330, 14, 2, True);
INSERT INTO pokemon.form_has_type_per_generation (fk_form, fk_type, fk_generation, is_primary)
VALUES (330, 3, 2, False);

INSERT INTO pokemon.pokemon_species (name, pokedex_index, is_baby, is_legendary, is_mythical, evolves_from)
VALUES ('ho-oh', 250, False, True, False, None);
INSERT INTO pokemon.form (name, is_default, fk_pokemon_species, height, weight, legacy_cry, latest_cry, artwork, shiny_artwork)
VALUES ('ho-oh', True, 240, 38, 1990, https://raw.githubusercontent.com/PokeAPI/cries/main/cries/pokemon/legacy/250.ogg, https://raw.githubusercontent.com/PokeAPI/cries/main/cries/pokemon/latest/250.ogg, https://raw.githubusercontent.com/PokeAPI/sprites/master/sprites/pokemon/other/official-artwork/250.png, https://raw.githubusercontent.com/PokeAPI/sprites/master/sprites/pokemon/other/official-artwork/shiny/250.png);
INSERT INTO pokemon.base_stats (base_hp, base_attack, base_defense, base_special_attack, base_special_defense, base_speed, fk_generation, fk_form)
VALUES (106, 130, 90, 110, 154, 90, 2, 331);
INSERT INTO pokemon.form_has_type_per_generation (fk_form, fk_type, fk_generation, is_primary)
VALUES (331, 10, 2, True);
INSERT INTO pokemon.form_has_type_per_generation (fk_form, fk_type, fk_generation, is_primary)
VALUES (331, 3, 2, False);

INSERT INTO pokemon.pokemon_species (name, pokedex_index, is_baby, is_legendary, is_mythical, evolves_from)
VALUES ('celebi', 251, False, False, True, None);
INSERT INTO pokemon.form (name, is_default, fk_pokemon_species, height, weight, legacy_cry, latest_cry, artwork, shiny_artwork)
VALUES ('celebi', True, 241, 6, 50, https://raw.githubusercontent.com/PokeAPI/cries/main/cries/pokemon/legacy/251.ogg, https://raw.githubusercontent.com/PokeAPI/cries/main/cries/pokemon/latest/251.ogg, https://raw.githubusercontent.com/PokeAPI/sprites/master/sprites/pokemon/other/official-artwork/251.png, https://raw.githubusercontent.com/PokeAPI/sprites/master/sprites/pokemon/other/official-artwork/shiny/251.png);
INSERT INTO pokemon.base_stats (base_hp, base_attack, base_defense, base_special_attack, base_special_defense, base_speed, fk_generation, fk_form)
VALUES (100, 100, 100, 100, 100, 100, 2, 332);
INSERT INTO pokemon.form_has_type_per_generation (fk_form, fk_type, fk_generation, is_primary)
VALUES (332, 14, 2, True);
INSERT INTO pokemon.form_has_type_per_generation (fk_form, fk_type, fk_generation, is_primary)
VALUES (332, 12, 2, False);

INSERT INTO pokemon.pokemon_species (name, pokedex_index, is_baby, is_legendary, is_mythical, evolves_from)
VALUES ('houndoom', 229, False, False, False, houndour);
INSERT INTO pokemon.form (name, is_default, fk_pokemon_species, height, weight, legacy_cry, latest_cry, artwork, shiny_artwork)
VALUES ('houndoom', True, 242, 14, 350, https://raw.githubusercontent.com/PokeAPI/cries/main/cries/pokemon/legacy/229.ogg, https://raw.githubusercontent.com/PokeAPI/cries/main/cries/pokemon/latest/229.ogg, https://raw.githubusercontent.com/PokeAPI/sprites/master/sprites/pokemon/other/official-artwork/229.png, https://raw.githubusercontent.com/PokeAPI/sprites/master/sprites/pokemon/other/official-artwork/shiny/229.png);
INSERT INTO pokemon.base_stats (base_hp, base_attack, base_defense, base_special_attack, base_special_defense, base_speed, fk_generation, fk_form)
VALUES (75, 90, 50, 110, 80, 95, 2, 333);
INSERT INTO pokemon.form_has_type_per_generation (fk_form, fk_type, fk_generation, is_primary)
VALUES (333, 17, 2, True);
INSERT INTO pokemon.form_has_type_per_generation (fk_form, fk_type, fk_generation, is_primary)
VALUES (333, 10, 2, False);

INSERT INTO pokemon.form (name, is_default, fk_pokemon_species, height, weight, legacy_cry, latest_cry, artwork, shiny_artwork)
VALUES ('houndoom-mega', False, 242, 19, 495, None, https://raw.githubusercontent.com/PokeAPI/cries/main/cries/pokemon/latest/10048.ogg, https://raw.githubusercontent.com/PokeAPI/sprites/master/sprites/pokemon/other/official-artwork/10048.png, https://raw.githubusercontent.com/PokeAPI/sprites/master/sprites/pokemon/other/official-artwork/shiny/10048.png);
INSERT INTO pokemon.base_stats (base_hp, base_attack, base_defense, base_special_attack, base_special_defense, base_speed, fk_generation, fk_form)
VALUES (75, 90, 90, 140, 90, 115, 6, 334);
INSERT INTO pokemon.form_has_type_per_generation (fk_form, fk_type, fk_generation, is_primary)
VALUES (334, 17, 6, True);
INSERT INTO pokemon.form_has_type_per_generation (fk_form, fk_type, fk_generation, is_primary)
VALUES (334, 10, 6, False);

INSERT INTO pokemon.pokemon_species (name, pokedex_index, is_baby, is_legendary, is_mythical, evolves_from)
VALUES ('kingdra', 230, False, False, False, seadra);
INSERT INTO pokemon.form (name, is_default, fk_pokemon_species, height, weight, legacy_cry, latest_cry, artwork, shiny_artwork)
VALUES ('kingdra', True, 243, 18, 1520, https://raw.githubusercontent.com/PokeAPI/cries/main/cries/pokemon/legacy/230.ogg, https://raw.githubusercontent.com/PokeAPI/cries/main/cries/pokemon/latest/230.ogg, https://raw.githubusercontent.com/PokeAPI/sprites/master/sprites/pokemon/other/official-artwork/230.png, https://raw.githubusercontent.com/PokeAPI/sprites/master/sprites/pokemon/other/official-artwork/shiny/230.png);
INSERT INTO pokemon.base_stats (base_hp, base_attack, base_defense, base_special_attack, base_special_defense, base_speed, fk_generation, fk_form)
VALUES (75, 95, 95, 95, 95, 85, 2, 335);
INSERT INTO pokemon.form_has_type_per_generation (fk_form, fk_type, fk_generation, is_primary)
VALUES (335, 11, 2, True);
INSERT INTO pokemon.form_has_type_per_generation (fk_form, fk_type, fk_generation, is_primary)
VALUES (335, 16, 2, False);

INSERT INTO pokemon.pokemon_species (name, pokedex_index, is_baby, is_legendary, is_mythical, evolves_from)
VALUES ('donphan', 232, False, False, False, phanpy);
INSERT INTO pokemon.form (name, is_default, fk_pokemon_species, height, weight, legacy_cry, latest_cry, artwork, shiny_artwork)
VALUES ('donphan', True, 244, 11, 1200, https://raw.githubusercontent.com/PokeAPI/cries/main/cries/pokemon/legacy/232.ogg, https://raw.githubusercontent.com/PokeAPI/cries/main/cries/pokemon/latest/232.ogg, https://raw.githubusercontent.com/PokeAPI/sprites/master/sprites/pokemon/other/official-artwork/232.png, https://raw.githubusercontent.com/PokeAPI/sprites/master/sprites/pokemon/other/official-artwork/shiny/232.png);
INSERT INTO pokemon.base_stats (base_hp, base_attack, base_defense, base_special_attack, base_special_defense, base_speed, fk_generation, fk_form)
VALUES (90, 120, 120, 60, 60, 50, 2, 336);
INSERT INTO pokemon.form_has_type_per_generation (fk_form, fk_type, fk_generation, is_primary)
VALUES (336, 5, 2, True);

INSERT INTO pokemon.pokemon_species (name, pokedex_index, is_baby, is_legendary, is_mythical, evolves_from)
VALUES ('porygon2', 233, False, False, False, porygon);
INSERT INTO pokemon.form (name, is_default, fk_pokemon_species, height, weight, legacy_cry, latest_cry, artwork, shiny_artwork)
VALUES ('porygon2', True, 245, 6, 325, https://raw.githubusercontent.com/PokeAPI/cries/main/cries/pokemon/legacy/233.ogg, https://raw.githubusercontent.com/PokeAPI/cries/main/cries/pokemon/latest/233.ogg, https://raw.githubusercontent.com/PokeAPI/sprites/master/sprites/pokemon/other/official-artwork/233.png, https://raw.githubusercontent.com/PokeAPI/sprites/master/sprites/pokemon/other/official-artwork/shiny/233.png);
INSERT INTO pokemon.base_stats (base_hp, base_attack, base_defense, base_special_attack, base_special_defense, base_speed, fk_generation, fk_form)
VALUES (85, 80, 90, 105, 95, 60, 2, 337);
INSERT INTO pokemon.form_has_type_per_generation (fk_form, fk_type, fk_generation, is_primary)
VALUES (337, 1, 2, True);

INSERT INTO pokemon.pokemon_species (name, pokedex_index, is_baby, is_legendary, is_mythical, evolves_from)
VALUES ('hitmontop', 237, False, False, False, tyrogue);
INSERT INTO pokemon.form (name, is_default, fk_pokemon_species, height, weight, legacy_cry, latest_cry, artwork, shiny_artwork)
VALUES ('hitmontop', True, 246, 14, 480, https://raw.githubusercontent.com/PokeAPI/cries/main/cries/pokemon/legacy/237.ogg, https://raw.githubusercontent.com/PokeAPI/cries/main/cries/pokemon/latest/237.ogg, https://raw.githubusercontent.com/PokeAPI/sprites/master/sprites/pokemon/other/official-artwork/237.png, https://raw.githubusercontent.com/PokeAPI/sprites/master/sprites/pokemon/other/official-artwork/shiny/237.png);
INSERT INTO pokemon.base_stats (base_hp, base_attack, base_defense, base_special_attack, base_special_defense, base_speed, fk_generation, fk_form)
VALUES (50, 95, 95, 35, 110, 70, 2, 338);
INSERT INTO pokemon.form_has_type_per_generation (fk_form, fk_type, fk_generation, is_primary)
VALUES (338, 2, 2, True);

INSERT INTO pokemon.pokemon_species (name, pokedex_index, is_baby, is_legendary, is_mythical, evolves_from)
VALUES ('blissey', 242, False, False, False, chansey);
INSERT INTO pokemon.form (name, is_default, fk_pokemon_species, height, weight, legacy_cry, latest_cry, artwork, shiny_artwork)
VALUES ('blissey', True, 247, 15, 468, https://raw.githubusercontent.com/PokeAPI/cries/main/cries/pokemon/legacy/242.ogg, https://raw.githubusercontent.com/PokeAPI/cries/main/cries/pokemon/latest/242.ogg, https://raw.githubusercontent.com/PokeAPI/sprites/master/sprites/pokemon/other/official-artwork/242.png, https://raw.githubusercontent.com/PokeAPI/sprites/master/sprites/pokemon/other/official-artwork/shiny/242.png);
INSERT INTO pokemon.base_stats (base_hp, base_attack, base_defense, base_special_attack, base_special_defense, base_speed, fk_generation, fk_form)
VALUES (255, 10, 10, 75, 135, 55, 2, 339);
INSERT INTO pokemon.form_has_type_per_generation (fk_form, fk_type, fk_generation, is_primary)
VALUES (339, 1, 2, True);

INSERT INTO pokemon.pokemon_species (name, pokedex_index, is_baby, is_legendary, is_mythical, evolves_from)
VALUES ('pupitar', 247, False, False, False, larvitar);
INSERT INTO pokemon.form (name, is_default, fk_pokemon_species, height, weight, legacy_cry, latest_cry, artwork, shiny_artwork)
VALUES ('pupitar', True, 248, 12, 1520, https://raw.githubusercontent.com/PokeAPI/cries/main/cries/pokemon/legacy/247.ogg, https://raw.githubusercontent.com/PokeAPI/cries/main/cries/pokemon/latest/247.ogg, https://raw.githubusercontent.com/PokeAPI/sprites/master/sprites/pokemon/other/official-artwork/247.png, https://raw.githubusercontent.com/PokeAPI/sprites/master/sprites/pokemon/other/official-artwork/shiny/247.png);
INSERT INTO pokemon.base_stats (base_hp, base_attack, base_defense, base_special_attack, base_special_defense, base_speed, fk_generation, fk_form)
VALUES (70, 84, 70, 65, 70, 51, 2, 340);
INSERT INTO pokemon.form_has_type_per_generation (fk_form, fk_type, fk_generation, is_primary)
VALUES (340, 6, 2, True);
INSERT INTO pokemon.form_has_type_per_generation (fk_form, fk_type, fk_generation, is_primary)
VALUES (340, 5, 2, False);

INSERT INTO pokemon.pokemon_species (name, pokedex_index, is_baby, is_legendary, is_mythical, evolves_from)
VALUES ('tyranitar', 248, False, False, False, pupitar);
INSERT INTO pokemon.form (name, is_default, fk_pokemon_species, height, weight, legacy_cry, latest_cry, artwork, shiny_artwork)
VALUES ('tyranitar', True, 249, 20, 2020, https://raw.githubusercontent.com/PokeAPI/cries/main/cries/pokemon/legacy/248.ogg, https://raw.githubusercontent.com/PokeAPI/cries/main/cries/pokemon/latest/248.ogg, https://raw.githubusercontent.com/PokeAPI/sprites/master/sprites/pokemon/other/official-artwork/248.png, https://raw.githubusercontent.com/PokeAPI/sprites/master/sprites/pokemon/other/official-artwork/shiny/248.png);
INSERT INTO pokemon.base_stats (base_hp, base_attack, base_defense, base_special_attack, base_special_defense, base_speed, fk_generation, fk_form)
VALUES (100, 134, 110, 95, 100, 61, 2, 341);
INSERT INTO pokemon.form_has_type_per_generation (fk_form, fk_type, fk_generation, is_primary)
VALUES (341, 6, 2, True);
INSERT INTO pokemon.form_has_type_per_generation (fk_form, fk_type, fk_generation, is_primary)
VALUES (341, 17, 2, False);

INSERT INTO pokemon.form (name, is_default, fk_pokemon_species, height, weight, legacy_cry, latest_cry, artwork, shiny_artwork)
VALUES ('tyranitar-mega', False, 249, 25, 2550, None, https://raw.githubusercontent.com/PokeAPI/cries/main/cries/pokemon/latest/10049.ogg, https://raw.githubusercontent.com/PokeAPI/sprites/master/sprites/pokemon/other/official-artwork/10049.png, https://raw.githubusercontent.com/PokeAPI/sprites/master/sprites/pokemon/other/official-artwork/shiny/10049.png);
INSERT INTO pokemon.base_stats (base_hp, base_attack, base_defense, base_special_attack, base_special_defense, base_speed, fk_generation, fk_form)
VALUES (100, 164, 150, 95, 120, 71, 6, 342);
INSERT INTO pokemon.form_has_type_per_generation (fk_form, fk_type, fk_generation, is_primary)
VALUES (342, 6, 6, True);
INSERT INTO pokemon.form_has_type_per_generation (fk_form, fk_type, fk_generation, is_primary)
VALUES (342, 17, 6, False);

INSERT INTO pokemon.pokemon_species (name, pokedex_index, is_baby, is_legendary, is_mythical, evolves_from)
VALUES ('bayleef', 153, False, False, False, chikorita);
INSERT INTO pokemon.form (name, is_default, fk_pokemon_species, height, weight, legacy_cry, latest_cry, artwork, shiny_artwork)
VALUES ('bayleef', True, 250, 12, 158, https://raw.githubusercontent.com/PokeAPI/cries/main/cries/pokemon/legacy/153.ogg, https://raw.githubusercontent.com/PokeAPI/cries/main/cries/pokemon/latest/153.ogg, https://raw.githubusercontent.com/PokeAPI/sprites/master/sprites/pokemon/other/official-artwork/153.png, https://raw.githubusercontent.com/PokeAPI/sprites/master/sprites/pokemon/other/official-artwork/shiny/153.png);
INSERT INTO pokemon.base_stats (base_hp, base_attack, base_defense, base_special_attack, base_special_defense, base_speed, fk_generation, fk_form)
VALUES (60, 62, 80, 63, 80, 60, 2, 343);
INSERT INTO pokemon.form_has_type_per_generation (fk_form, fk_type, fk_generation, is_primary)
VALUES (343, 12, 2, True);

INSERT INTO pokemon.pokemon_species (name, pokedex_index, is_baby, is_legendary, is_mythical, evolves_from)
VALUES ('mantine', 226, False, False, False, mantyke);
INSERT INTO pokemon.form (name, is_default, fk_pokemon_species, height, weight, legacy_cry, latest_cry, artwork, shiny_artwork)
VALUES ('mantine', True, 251, 21, 2200, https://raw.githubusercontent.com/PokeAPI/cries/main/cries/pokemon/legacy/226.ogg, https://raw.githubusercontent.com/PokeAPI/cries/main/cries/pokemon/latest/226.ogg, https://raw.githubusercontent.com/PokeAPI/sprites/master/sprites/pokemon/other/official-artwork/226.png, https://raw.githubusercontent.com/PokeAPI/sprites/master/sprites/pokemon/other/official-artwork/shiny/226.png);
INSERT INTO pokemon.base_stats (base_hp, base_attack, base_defense, base_special_attack, base_special_defense, base_speed, fk_generation, fk_form)
VALUES (85, 40, 70, 80, 140, 70, 2, 344);
INSERT INTO pokemon.form_has_type_per_generation (fk_form, fk_type, fk_generation, is_primary)
VALUES (344, 11, 2, True);
INSERT INTO pokemon.form_has_type_per_generation (fk_form, fk_type, fk_generation, is_primary)
VALUES (344, 3, 2, False);



-- POKEMON-SPECIES, FORMS, ITS TYPES AND BASE_STATS
-- POKEMON-SPECIES, FORMS, ITS TYPES AND BASE_STATS
-- POKEMON-SPECIES, FORMS, ITS TYPES AND BASE_STATS
INSERT INTO pokemon.pokemon_species (name, pokedex_index, is_baby, is_legendary, is_mythical, evolves_from)
VALUES ('treecko', 252, False, False, False, None);
INSERT INTO pokemon.form (name, is_default, fk_pokemon_species, height, weight, legacy_cry, latest_cry, artwork, shiny_artwork)
VALUES ('treecko', True, 252, 5, 50, https://raw.githubusercontent.com/PokeAPI/cries/main/cries/pokemon/legacy/252.ogg, https://raw.githubusercontent.com/PokeAPI/cries/main/cries/pokemon/latest/252.ogg, https://raw.githubusercontent.com/PokeAPI/sprites/master/sprites/pokemon/other/official-artwork/252.png, https://raw.githubusercontent.com/PokeAPI/sprites/master/sprites/pokemon/other/official-artwork/shiny/252.png);
INSERT INTO pokemon.base_stats (base_hp, base_attack, base_defense, base_special_attack, base_special_defense, base_speed, fk_generation, fk_form)
VALUES (40, 45, 35, 65, 55, 70, 3, 345);
INSERT INTO pokemon.form_has_type_per_generation (fk_form, fk_type, fk_generation, is_primary)
VALUES (345, 12, 3, True);

INSERT INTO pokemon.pokemon_species (name, pokedex_index, is_baby, is_legendary, is_mythical, evolves_from)
VALUES ('torchic', 255, False, False, False, None);
INSERT INTO pokemon.form (name, is_default, fk_pokemon_species, height, weight, legacy_cry, latest_cry, artwork, shiny_artwork)
VALUES ('torchic', True, 253, 4, 25, https://raw.githubusercontent.com/PokeAPI/cries/main/cries/pokemon/legacy/255.ogg, https://raw.githubusercontent.com/PokeAPI/cries/main/cries/pokemon/latest/255.ogg, https://raw.githubusercontent.com/PokeAPI/sprites/master/sprites/pokemon/other/official-artwork/255.png, https://raw.githubusercontent.com/PokeAPI/sprites/master/sprites/pokemon/other/official-artwork/shiny/255.png);
INSERT INTO pokemon.base_stats (base_hp, base_attack, base_defense, base_special_attack, base_special_defense, base_speed, fk_generation, fk_form)
VALUES (45, 60, 40, 70, 50, 45, 3, 346);
INSERT INTO pokemon.form_has_type_per_generation (fk_form, fk_type, fk_generation, is_primary)
VALUES (346, 10, 3, True);

INSERT INTO pokemon.pokemon_species (name, pokedex_index, is_baby, is_legendary, is_mythical, evolves_from)
VALUES ('mudkip', 258, False, False, False, None);
INSERT INTO pokemon.form (name, is_default, fk_pokemon_species, height, weight, legacy_cry, latest_cry, artwork, shiny_artwork)
VALUES ('mudkip', True, 254, 4, 76, https://raw.githubusercontent.com/PokeAPI/cries/main/cries/pokemon/legacy/258.ogg, https://raw.githubusercontent.com/PokeAPI/cries/main/cries/pokemon/latest/258.ogg, https://raw.githubusercontent.com/PokeAPI/sprites/master/sprites/pokemon/other/official-artwork/258.png, https://raw.githubusercontent.com/PokeAPI/sprites/master/sprites/pokemon/other/official-artwork/shiny/258.png);
INSERT INTO pokemon.base_stats (base_hp, base_attack, base_defense, base_special_attack, base_special_defense, base_speed, fk_generation, fk_form)
VALUES (50, 70, 50, 50, 50, 40, 3, 347);
INSERT INTO pokemon.form_has_type_per_generation (fk_form, fk_type, fk_generation, is_primary)
VALUES (347, 11, 3, True);

INSERT INTO pokemon.pokemon_species (name, pokedex_index, is_baby, is_legendary, is_mythical, evolves_from)
VALUES ('poochyena', 261, False, False, False, None);
INSERT INTO pokemon.form (name, is_default, fk_pokemon_species, height, weight, legacy_cry, latest_cry, artwork, shiny_artwork)
VALUES ('poochyena', True, 255, 5, 136, https://raw.githubusercontent.com/PokeAPI/cries/main/cries/pokemon/legacy/261.ogg, https://raw.githubusercontent.com/PokeAPI/cries/main/cries/pokemon/latest/261.ogg, https://raw.githubusercontent.com/PokeAPI/sprites/master/sprites/pokemon/other/official-artwork/261.png, https://raw.githubusercontent.com/PokeAPI/sprites/master/sprites/pokemon/other/official-artwork/shiny/261.png);
INSERT INTO pokemon.base_stats (base_hp, base_attack, base_defense, base_special_attack, base_special_defense, base_speed, fk_generation, fk_form)
VALUES (35, 55, 35, 30, 30, 35, 3, 348);
INSERT INTO pokemon.form_has_type_per_generation (fk_form, fk_type, fk_generation, is_primary)
VALUES (348, 17, 3, True);

INSERT INTO pokemon.pokemon_species (name, pokedex_index, is_baby, is_legendary, is_mythical, evolves_from)
VALUES ('zigzagoon', 263, False, False, False, None);
INSERT INTO pokemon.form (name, is_default, fk_pokemon_species, height, weight, legacy_cry, latest_cry, artwork, shiny_artwork)
VALUES ('zigzagoon', True, 256, 4, 175, https://raw.githubusercontent.com/PokeAPI/cries/main/cries/pokemon/legacy/263.ogg, https://raw.githubusercontent.com/PokeAPI/cries/main/cries/pokemon/latest/263.ogg, https://raw.githubusercontent.com/PokeAPI/sprites/master/sprites/pokemon/other/official-artwork/263.png, https://raw.githubusercontent.com/PokeAPI/sprites/master/sprites/pokemon/other/official-artwork/shiny/263.png);
INSERT INTO pokemon.base_stats (base_hp, base_attack, base_defense, base_special_attack, base_special_defense, base_speed, fk_generation, fk_form)
VALUES (38, 30, 41, 30, 41, 60, 3, 349);
INSERT INTO pokemon.form_has_type_per_generation (fk_form, fk_type, fk_generation, is_primary)
VALUES (349, 1, 3, True);

INSERT INTO pokemon.form (name, is_default, fk_pokemon_species, height, weight, legacy_cry, latest_cry, artwork, shiny_artwork)
VALUES ('zigzagoon-galar', False, 256, 4, 175, None, https://raw.githubusercontent.com/PokeAPI/cries/main/cries/pokemon/latest/10174.ogg, https://raw.githubusercontent.com/PokeAPI/sprites/master/sprites/pokemon/other/official-artwork/10174.png, https://raw.githubusercontent.com/PokeAPI/sprites/master/sprites/pokemon/other/official-artwork/shiny/10174.png);
INSERT INTO pokemon.base_stats (base_hp, base_attack, base_defense, base_special_attack, base_special_defense, base_speed, fk_generation, fk_form)
VALUES (38, 30, 41, 30, 41, 60, 8, 350);
INSERT INTO pokemon.form_has_type_per_generation (fk_form, fk_type, fk_generation, is_primary)
VALUES (350, 17, 8, True);
INSERT INTO pokemon.form_has_type_per_generation (fk_form, fk_type, fk_generation, is_primary)
VALUES (350, 1, 8, False);

INSERT INTO pokemon.pokemon_species (name, pokedex_index, is_baby, is_legendary, is_mythical, evolves_from)
VALUES ('wurmple', 265, False, False, False, None);
INSERT INTO pokemon.form (name, is_default, fk_pokemon_species, height, weight, legacy_cry, latest_cry, artwork, shiny_artwork)
VALUES ('wurmple', True, 257, 3, 36, https://raw.githubusercontent.com/PokeAPI/cries/main/cries/pokemon/legacy/265.ogg, https://raw.githubusercontent.com/PokeAPI/cries/main/cries/pokemon/latest/265.ogg, https://raw.githubusercontent.com/PokeAPI/sprites/master/sprites/pokemon/other/official-artwork/265.png, https://raw.githubusercontent.com/PokeAPI/sprites/master/sprites/pokemon/other/official-artwork/shiny/265.png);
INSERT INTO pokemon.base_stats (base_hp, base_attack, base_defense, base_special_attack, base_special_defense, base_speed, fk_generation, fk_form)
VALUES (45, 45, 35, 20, 30, 20, 3, 351);
INSERT INTO pokemon.form_has_type_per_generation (fk_form, fk_type, fk_generation, is_primary)
VALUES (351, 7, 3, True);

INSERT INTO pokemon.pokemon_species (name, pokedex_index, is_baby, is_legendary, is_mythical, evolves_from)
VALUES ('lotad', 270, False, False, False, None);
INSERT INTO pokemon.form (name, is_default, fk_pokemon_species, height, weight, legacy_cry, latest_cry, artwork, shiny_artwork)
VALUES ('lotad', True, 258, 5, 26, https://raw.githubusercontent.com/PokeAPI/cries/main/cries/pokemon/legacy/270.ogg, https://raw.githubusercontent.com/PokeAPI/cries/main/cries/pokemon/latest/270.ogg, https://raw.githubusercontent.com/PokeAPI/sprites/master/sprites/pokemon/other/official-artwork/270.png, https://raw.githubusercontent.com/PokeAPI/sprites/master/sprites/pokemon/other/official-artwork/shiny/270.png);
INSERT INTO pokemon.base_stats (base_hp, base_attack, base_defense, base_special_attack, base_special_defense, base_speed, fk_generation, fk_form)
VALUES (40, 30, 30, 40, 50, 30, 3, 352);
INSERT INTO pokemon.form_has_type_per_generation (fk_form, fk_type, fk_generation, is_primary)
VALUES (352, 11, 3, True);
INSERT INTO pokemon.form_has_type_per_generation (fk_form, fk_type, fk_generation, is_primary)
VALUES (352, 12, 3, False);

INSERT INTO pokemon.pokemon_species (name, pokedex_index, is_baby, is_legendary, is_mythical, evolves_from)
VALUES ('seedot', 273, False, False, False, None);
INSERT INTO pokemon.form (name, is_default, fk_pokemon_species, height, weight, legacy_cry, latest_cry, artwork, shiny_artwork)
VALUES ('seedot', True, 259, 5, 40, https://raw.githubusercontent.com/PokeAPI/cries/main/cries/pokemon/legacy/273.ogg, https://raw.githubusercontent.com/PokeAPI/cries/main/cries/pokemon/latest/273.ogg, https://raw.githubusercontent.com/PokeAPI/sprites/master/sprites/pokemon/other/official-artwork/273.png, https://raw.githubusercontent.com/PokeAPI/sprites/master/sprites/pokemon/other/official-artwork/shiny/273.png);
INSERT INTO pokemon.base_stats (base_hp, base_attack, base_defense, base_special_attack, base_special_defense, base_speed, fk_generation, fk_form)
VALUES (40, 40, 50, 30, 30, 30, 3, 353);
INSERT INTO pokemon.form_has_type_per_generation (fk_form, fk_type, fk_generation, is_primary)
VALUES (353, 12, 3, True);

INSERT INTO pokemon.pokemon_species (name, pokedex_index, is_baby, is_legendary, is_mythical, evolves_from)
VALUES ('taillow', 276, False, False, False, None);
INSERT INTO pokemon.form (name, is_default, fk_pokemon_species, height, weight, legacy_cry, latest_cry, artwork, shiny_artwork)
VALUES ('taillow', True, 260, 3, 23, https://raw.githubusercontent.com/PokeAPI/cries/main/cries/pokemon/legacy/276.ogg, https://raw.githubusercontent.com/PokeAPI/cries/main/cries/pokemon/latest/276.ogg, https://raw.githubusercontent.com/PokeAPI/sprites/master/sprites/pokemon/other/official-artwork/276.png, https://raw.githubusercontent.com/PokeAPI/sprites/master/sprites/pokemon/other/official-artwork/shiny/276.png);
INSERT INTO pokemon.base_stats (base_hp, base_attack, base_defense, base_special_attack, base_special_defense, base_speed, fk_generation, fk_form)
VALUES (40, 55, 30, 30, 30, 85, 3, 354);
INSERT INTO pokemon.form_has_type_per_generation (fk_form, fk_type, fk_generation, is_primary)
VALUES (354, 1, 3, True);
INSERT INTO pokemon.form_has_type_per_generation (fk_form, fk_type, fk_generation, is_primary)
VALUES (354, 3, 3, False);

INSERT INTO pokemon.pokemon_species (name, pokedex_index, is_baby, is_legendary, is_mythical, evolves_from)
VALUES ('wingull', 278, False, False, False, None);
INSERT INTO pokemon.form (name, is_default, fk_pokemon_species, height, weight, legacy_cry, latest_cry, artwork, shiny_artwork)
VALUES ('wingull', True, 261, 6, 95, https://raw.githubusercontent.com/PokeAPI/cries/main/cries/pokemon/legacy/278.ogg, https://raw.githubusercontent.com/PokeAPI/cries/main/cries/pokemon/latest/278.ogg, https://raw.githubusercontent.com/PokeAPI/sprites/master/sprites/pokemon/other/official-artwork/278.png, https://raw.githubusercontent.com/PokeAPI/sprites/master/sprites/pokemon/other/official-artwork/shiny/278.png);
INSERT INTO pokemon.base_stats (base_hp, base_attack, base_defense, base_special_attack, base_special_defense, base_speed, fk_generation, fk_form)
VALUES (40, 30, 30, 55, 30, 85, 3, 355);
INSERT INTO pokemon.form_has_type_per_generation (fk_form, fk_type, fk_generation, is_primary)
VALUES (355, 11, 3, True);
INSERT INTO pokemon.form_has_type_per_generation (fk_form, fk_type, fk_generation, is_primary)
VALUES (355, 3, 3, False);

INSERT INTO pokemon.pokemon_species (name, pokedex_index, is_baby, is_legendary, is_mythical, evolves_from)
VALUES ('ralts', 280, False, False, False, None);
INSERT INTO pokemon.form (name, is_default, fk_pokemon_species, height, weight, legacy_cry, latest_cry, artwork, shiny_artwork)
VALUES ('ralts', True, 262, 4, 66, https://raw.githubusercontent.com/PokeAPI/cries/main/cries/pokemon/legacy/280.ogg, https://raw.githubusercontent.com/PokeAPI/cries/main/cries/pokemon/latest/280.ogg, https://raw.githubusercontent.com/PokeAPI/sprites/master/sprites/pokemon/other/official-artwork/280.png, https://raw.githubusercontent.com/PokeAPI/sprites/master/sprites/pokemon/other/official-artwork/shiny/280.png);
INSERT INTO pokemon.base_stats (base_hp, base_attack, base_defense, base_special_attack, base_special_defense, base_speed, fk_generation, fk_form)
VALUES (28, 25, 25, 45, 35, 40, 3, 356);
INSERT INTO pokemon.form_has_type_per_generation (fk_form, fk_type, fk_generation, is_primary)
VALUES (356, 14, 3, True);
INSERT INTO pokemon.form_has_type_per_generation (fk_form, fk_type, fk_generation, is_primary)
VALUES (356, 18, 3, False);

INSERT INTO pokemon.pokemon_species (name, pokedex_index, is_baby, is_legendary, is_mythical, evolves_from)
VALUES ('surskit', 283, False, False, False, None);
INSERT INTO pokemon.form (name, is_default, fk_pokemon_species, height, weight, legacy_cry, latest_cry, artwork, shiny_artwork)
VALUES ('surskit', True, 263, 5, 17, https://raw.githubusercontent.com/PokeAPI/cries/main/cries/pokemon/legacy/283.ogg, https://raw.githubusercontent.com/PokeAPI/cries/main/cries/pokemon/latest/283.ogg, https://raw.githubusercontent.com/PokeAPI/sprites/master/sprites/pokemon/other/official-artwork/283.png, https://raw.githubusercontent.com/PokeAPI/sprites/master/sprites/pokemon/other/official-artwork/shiny/283.png);
INSERT INTO pokemon.base_stats (base_hp, base_attack, base_defense, base_special_attack, base_special_defense, base_speed, fk_generation, fk_form)
VALUES (40, 30, 32, 50, 52, 65, 3, 357);
INSERT INTO pokemon.form_has_type_per_generation (fk_form, fk_type, fk_generation, is_primary)
VALUES (357, 7, 3, True);
INSERT INTO pokemon.form_has_type_per_generation (fk_form, fk_type, fk_generation, is_primary)
VALUES (357, 11, 3, False);

INSERT INTO pokemon.pokemon_species (name, pokedex_index, is_baby, is_legendary, is_mythical, evolves_from)
VALUES ('shroomish', 285, False, False, False, None);
INSERT INTO pokemon.form (name, is_default, fk_pokemon_species, height, weight, legacy_cry, latest_cry, artwork, shiny_artwork)
VALUES ('shroomish', True, 264, 4, 45, https://raw.githubusercontent.com/PokeAPI/cries/main/cries/pokemon/legacy/285.ogg, https://raw.githubusercontent.com/PokeAPI/cries/main/cries/pokemon/latest/285.ogg, https://raw.githubusercontent.com/PokeAPI/sprites/master/sprites/pokemon/other/official-artwork/285.png, https://raw.githubusercontent.com/PokeAPI/sprites/master/sprites/pokemon/other/official-artwork/shiny/285.png);
INSERT INTO pokemon.base_stats (base_hp, base_attack, base_defense, base_special_attack, base_special_defense, base_speed, fk_generation, fk_form)
VALUES (60, 40, 60, 40, 60, 35, 3, 358);
INSERT INTO pokemon.form_has_type_per_generation (fk_form, fk_type, fk_generation, is_primary)
VALUES (358, 12, 3, True);

INSERT INTO pokemon.pokemon_species (name, pokedex_index, is_baby, is_legendary, is_mythical, evolves_from)
VALUES ('slakoth', 287, False, False, False, None);
INSERT INTO pokemon.form (name, is_default, fk_pokemon_species, height, weight, legacy_cry, latest_cry, artwork, shiny_artwork)
VALUES ('slakoth', True, 265, 8, 240, https://raw.githubusercontent.com/PokeAPI/cries/main/cries/pokemon/legacy/287.ogg, https://raw.githubusercontent.com/PokeAPI/cries/main/cries/pokemon/latest/287.ogg, https://raw.githubusercontent.com/PokeAPI/sprites/master/sprites/pokemon/other/official-artwork/287.png, https://raw.githubusercontent.com/PokeAPI/sprites/master/sprites/pokemon/other/official-artwork/shiny/287.png);
INSERT INTO pokemon.base_stats (base_hp, base_attack, base_defense, base_special_attack, base_special_defense, base_speed, fk_generation, fk_form)
VALUES (60, 60, 60, 35, 35, 30, 3, 359);
INSERT INTO pokemon.form_has_type_per_generation (fk_form, fk_type, fk_generation, is_primary)
VALUES (359, 1, 3, True);

INSERT INTO pokemon.pokemon_species (name, pokedex_index, is_baby, is_legendary, is_mythical, evolves_from)
VALUES ('nincada', 290, False, False, False, None);
INSERT INTO pokemon.form (name, is_default, fk_pokemon_species, height, weight, legacy_cry, latest_cry, artwork, shiny_artwork)
VALUES ('nincada', True, 266, 5, 55, https://raw.githubusercontent.com/PokeAPI/cries/main/cries/pokemon/legacy/290.ogg, https://raw.githubusercontent.com/PokeAPI/cries/main/cries/pokemon/latest/290.ogg, https://raw.githubusercontent.com/PokeAPI/sprites/master/sprites/pokemon/other/official-artwork/290.png, https://raw.githubusercontent.com/PokeAPI/sprites/master/sprites/pokemon/other/official-artwork/shiny/290.png);
INSERT INTO pokemon.base_stats (base_hp, base_attack, base_defense, base_special_attack, base_special_defense, base_speed, fk_generation, fk_form)
VALUES (31, 45, 90, 30, 30, 40, 3, 360);
INSERT INTO pokemon.form_has_type_per_generation (fk_form, fk_type, fk_generation, is_primary)
VALUES (360, 7, 3, True);
INSERT INTO pokemon.form_has_type_per_generation (fk_form, fk_type, fk_generation, is_primary)
VALUES (360, 5, 3, False);

INSERT INTO pokemon.pokemon_species (name, pokedex_index, is_baby, is_legendary, is_mythical, evolves_from)
VALUES ('whismur', 293, False, False, False, None);
INSERT INTO pokemon.form (name, is_default, fk_pokemon_species, height, weight, legacy_cry, latest_cry, artwork, shiny_artwork)
VALUES ('whismur', True, 267, 6, 163, https://raw.githubusercontent.com/PokeAPI/cries/main/cries/pokemon/legacy/293.ogg, https://raw.githubusercontent.com/PokeAPI/cries/main/cries/pokemon/latest/293.ogg, https://raw.githubusercontent.com/PokeAPI/sprites/master/sprites/pokemon/other/official-artwork/293.png, https://raw.githubusercontent.com/PokeAPI/sprites/master/sprites/pokemon/other/official-artwork/shiny/293.png);
INSERT INTO pokemon.base_stats (base_hp, base_attack, base_defense, base_special_attack, base_special_defense, base_speed, fk_generation, fk_form)
VALUES (64, 51, 23, 51, 23, 28, 3, 361);
INSERT INTO pokemon.form_has_type_per_generation (fk_form, fk_type, fk_generation, is_primary)
VALUES (361, 1, 3, True);

INSERT INTO pokemon.pokemon_species (name, pokedex_index, is_baby, is_legendary, is_mythical, evolves_from)
VALUES ('makuhita', 296, False, False, False, None);
INSERT INTO pokemon.form (name, is_default, fk_pokemon_species, height, weight, legacy_cry, latest_cry, artwork, shiny_artwork)
VALUES ('makuhita', True, 268, 10, 864, https://raw.githubusercontent.com/PokeAPI/cries/main/cries/pokemon/legacy/296.ogg, https://raw.githubusercontent.com/PokeAPI/cries/main/cries/pokemon/latest/296.ogg, https://raw.githubusercontent.com/PokeAPI/sprites/master/sprites/pokemon/other/official-artwork/296.png, https://raw.githubusercontent.com/PokeAPI/sprites/master/sprites/pokemon/other/official-artwork/shiny/296.png);
INSERT INTO pokemon.base_stats (base_hp, base_attack, base_defense, base_special_attack, base_special_defense, base_speed, fk_generation, fk_form)
VALUES (72, 60, 30, 20, 30, 25, 3, 362);
INSERT INTO pokemon.form_has_type_per_generation (fk_form, fk_type, fk_generation, is_primary)
VALUES (362, 2, 3, True);

INSERT INTO pokemon.pokemon_species (name, pokedex_index, is_baby, is_legendary, is_mythical, evolves_from)
VALUES ('azurill', 298, True, False, False, None);
INSERT INTO pokemon.form (name, is_default, fk_pokemon_species, height, weight, legacy_cry, latest_cry, artwork, shiny_artwork)
VALUES ('azurill', True, 269, 2, 20, https://raw.githubusercontent.com/PokeAPI/cries/main/cries/pokemon/legacy/298.ogg, https://raw.githubusercontent.com/PokeAPI/cries/main/cries/pokemon/latest/298.ogg, https://raw.githubusercontent.com/PokeAPI/sprites/master/sprites/pokemon/other/official-artwork/298.png, https://raw.githubusercontent.com/PokeAPI/sprites/master/sprites/pokemon/other/official-artwork/shiny/298.png);
INSERT INTO pokemon.base_stats (base_hp, base_attack, base_defense, base_special_attack, base_special_defense, base_speed, fk_generation, fk_form)
VALUES (50, 20, 40, 20, 40, 20, 3, 363);
INSERT INTO pokemon.form_has_type_per_generation (fk_form, fk_type, fk_generation, is_primary)
VALUES (363, 1, 3, True);
INSERT INTO pokemon.form_has_type_per_generation (fk_form, fk_type, fk_generation, is_primary)
VALUES (363, 18, 3, False);

INSERT INTO pokemon.pokemon_species (name, pokedex_index, is_baby, is_legendary, is_mythical, evolves_from)
VALUES ('nosepass', 299, False, False, False, None);
INSERT INTO pokemon.form (name, is_default, fk_pokemon_species, height, weight, legacy_cry, latest_cry, artwork, shiny_artwork)
VALUES ('nosepass', True, 270, 10, 970, https://raw.githubusercontent.com/PokeAPI/cries/main/cries/pokemon/legacy/299.ogg, https://raw.githubusercontent.com/PokeAPI/cries/main/cries/pokemon/latest/299.ogg, https://raw.githubusercontent.com/PokeAPI/sprites/master/sprites/pokemon/other/official-artwork/299.png, https://raw.githubusercontent.com/PokeAPI/sprites/master/sprites/pokemon/other/official-artwork/shiny/299.png);
INSERT INTO pokemon.base_stats (base_hp, base_attack, base_defense, base_special_attack, base_special_defense, base_speed, fk_generation, fk_form)
VALUES (30, 45, 135, 45, 90, 30, 3, 364);
INSERT INTO pokemon.form_has_type_per_generation (fk_form, fk_type, fk_generation, is_primary)
VALUES (364, 6, 3, True);

INSERT INTO pokemon.pokemon_species (name, pokedex_index, is_baby, is_legendary, is_mythical, evolves_from)
VALUES ('skitty', 300, False, False, False, None);
INSERT INTO pokemon.form (name, is_default, fk_pokemon_species, height, weight, legacy_cry, latest_cry, artwork, shiny_artwork)
VALUES ('skitty', True, 271, 6, 110, https://raw.githubusercontent.com/PokeAPI/cries/main/cries/pokemon/legacy/300.ogg, https://raw.githubusercontent.com/PokeAPI/cries/main/cries/pokemon/latest/300.ogg, https://raw.githubusercontent.com/PokeAPI/sprites/master/sprites/pokemon/other/official-artwork/300.png, https://raw.githubusercontent.com/PokeAPI/sprites/master/sprites/pokemon/other/official-artwork/shiny/300.png);
INSERT INTO pokemon.base_stats (base_hp, base_attack, base_defense, base_special_attack, base_special_defense, base_speed, fk_generation, fk_form)
VALUES (50, 45, 45, 35, 35, 50, 3, 365);
INSERT INTO pokemon.form_has_type_per_generation (fk_form, fk_type, fk_generation, is_primary)
VALUES (365, 1, 3, True);

INSERT INTO pokemon.pokemon_species (name, pokedex_index, is_baby, is_legendary, is_mythical, evolves_from)
VALUES ('grovyle', 253, False, False, False, treecko);
INSERT INTO pokemon.form (name, is_default, fk_pokemon_species, height, weight, legacy_cry, latest_cry, artwork, shiny_artwork)
VALUES ('grovyle', True, 272, 9, 216, https://raw.githubusercontent.com/PokeAPI/cries/main/cries/pokemon/legacy/253.ogg, https://raw.githubusercontent.com/PokeAPI/cries/main/cries/pokemon/latest/253.ogg, https://raw.githubusercontent.com/PokeAPI/sprites/master/sprites/pokemon/other/official-artwork/253.png, https://raw.githubusercontent.com/PokeAPI/sprites/master/sprites/pokemon/other/official-artwork/shiny/253.png);
INSERT INTO pokemon.base_stats (base_hp, base_attack, base_defense, base_special_attack, base_special_defense, base_speed, fk_generation, fk_form)
VALUES (50, 65, 45, 85, 65, 95, 3, 366);
INSERT INTO pokemon.form_has_type_per_generation (fk_form, fk_type, fk_generation, is_primary)
VALUES (366, 12, 3, True);

INSERT INTO pokemon.pokemon_species (name, pokedex_index, is_baby, is_legendary, is_mythical, evolves_from)
VALUES ('sceptile', 254, False, False, False, grovyle);
INSERT INTO pokemon.form (name, is_default, fk_pokemon_species, height, weight, legacy_cry, latest_cry, artwork, shiny_artwork)
VALUES ('sceptile', True, 273, 17, 522, https://raw.githubusercontent.com/PokeAPI/cries/main/cries/pokemon/legacy/254.ogg, https://raw.githubusercontent.com/PokeAPI/cries/main/cries/pokemon/latest/254.ogg, https://raw.githubusercontent.com/PokeAPI/sprites/master/sprites/pokemon/other/official-artwork/254.png, https://raw.githubusercontent.com/PokeAPI/sprites/master/sprites/pokemon/other/official-artwork/shiny/254.png);
INSERT INTO pokemon.base_stats (base_hp, base_attack, base_defense, base_special_attack, base_special_defense, base_speed, fk_generation, fk_form)
VALUES (70, 85, 65, 105, 85, 120, 3, 367);
INSERT INTO pokemon.form_has_type_per_generation (fk_form, fk_type, fk_generation, is_primary)
VALUES (367, 12, 3, True);

INSERT INTO pokemon.form (name, is_default, fk_pokemon_species, height, weight, legacy_cry, latest_cry, artwork, shiny_artwork)
VALUES ('sceptile-mega', False, 273, 19, 552, None, https://raw.githubusercontent.com/PokeAPI/cries/main/cries/pokemon/latest/10065.ogg, https://raw.githubusercontent.com/PokeAPI/sprites/master/sprites/pokemon/other/official-artwork/10065.png, https://raw.githubusercontent.com/PokeAPI/sprites/master/sprites/pokemon/other/official-artwork/shiny/10065.png);
INSERT INTO pokemon.base_stats (base_hp, base_attack, base_defense, base_special_attack, base_special_defense, base_speed, fk_generation, fk_form)
VALUES (70, 110, 75, 145, 85, 145, 6, 368);
INSERT INTO pokemon.form_has_type_per_generation (fk_form, fk_type, fk_generation, is_primary)
VALUES (368, 12, 6, True);
INSERT INTO pokemon.form_has_type_per_generation (fk_form, fk_type, fk_generation, is_primary)
VALUES (368, 16, 6, False);

INSERT INTO pokemon.pokemon_species (name, pokedex_index, is_baby, is_legendary, is_mythical, evolves_from)
VALUES ('combusken', 256, False, False, False, torchic);
INSERT INTO pokemon.form (name, is_default, fk_pokemon_species, height, weight, legacy_cry, latest_cry, artwork, shiny_artwork)
VALUES ('combusken', True, 274, 9, 195, https://raw.githubusercontent.com/PokeAPI/cries/main/cries/pokemon/legacy/256.ogg, https://raw.githubusercontent.com/PokeAPI/cries/main/cries/pokemon/latest/256.ogg, https://raw.githubusercontent.com/PokeAPI/sprites/master/sprites/pokemon/other/official-artwork/256.png, https://raw.githubusercontent.com/PokeAPI/sprites/master/sprites/pokemon/other/official-artwork/shiny/256.png);
INSERT INTO pokemon.base_stats (base_hp, base_attack, base_defense, base_special_attack, base_special_defense, base_speed, fk_generation, fk_form)
VALUES (60, 85, 60, 85, 60, 55, 3, 369);
INSERT INTO pokemon.form_has_type_per_generation (fk_form, fk_type, fk_generation, is_primary)
VALUES (369, 10, 3, True);
INSERT INTO pokemon.form_has_type_per_generation (fk_form, fk_type, fk_generation, is_primary)
VALUES (369, 2, 3, False);

INSERT INTO pokemon.pokemon_species (name, pokedex_index, is_baby, is_legendary, is_mythical, evolves_from)
VALUES ('blaziken', 257, False, False, False, combusken);
INSERT INTO pokemon.form (name, is_default, fk_pokemon_species, height, weight, legacy_cry, latest_cry, artwork, shiny_artwork)
VALUES ('blaziken', True, 275, 19, 520, https://raw.githubusercontent.com/PokeAPI/cries/main/cries/pokemon/legacy/257.ogg, https://raw.githubusercontent.com/PokeAPI/cries/main/cries/pokemon/latest/257.ogg, https://raw.githubusercontent.com/PokeAPI/sprites/master/sprites/pokemon/other/official-artwork/257.png, https://raw.githubusercontent.com/PokeAPI/sprites/master/sprites/pokemon/other/official-artwork/shiny/257.png);
INSERT INTO pokemon.base_stats (base_hp, base_attack, base_defense, base_special_attack, base_special_defense, base_speed, fk_generation, fk_form)
VALUES (80, 120, 70, 110, 70, 80, 3, 370);
INSERT INTO pokemon.form_has_type_per_generation (fk_form, fk_type, fk_generation, is_primary)
VALUES (370, 10, 3, True);
INSERT INTO pokemon.form_has_type_per_generation (fk_form, fk_type, fk_generation, is_primary)
VALUES (370, 2, 3, False);

INSERT INTO pokemon.form (name, is_default, fk_pokemon_species, height, weight, legacy_cry, latest_cry, artwork, shiny_artwork)
VALUES ('blaziken-mega', False, 275, 19, 520, None, https://raw.githubusercontent.com/PokeAPI/cries/main/cries/pokemon/latest/10050.ogg, https://raw.githubusercontent.com/PokeAPI/sprites/master/sprites/pokemon/other/official-artwork/10050.png, https://raw.githubusercontent.com/PokeAPI/sprites/master/sprites/pokemon/other/official-artwork/shiny/10050.png);
INSERT INTO pokemon.base_stats (base_hp, base_attack, base_defense, base_special_attack, base_special_defense, base_speed, fk_generation, fk_form)
VALUES (80, 160, 80, 130, 80, 100, 6, 371);
INSERT INTO pokemon.form_has_type_per_generation (fk_form, fk_type, fk_generation, is_primary)
VALUES (371, 10, 6, True);
INSERT INTO pokemon.form_has_type_per_generation (fk_form, fk_type, fk_generation, is_primary)
VALUES (371, 2, 6, False);

INSERT INTO pokemon.pokemon_species (name, pokedex_index, is_baby, is_legendary, is_mythical, evolves_from)
VALUES ('marshtomp', 259, False, False, False, mudkip);
INSERT INTO pokemon.form (name, is_default, fk_pokemon_species, height, weight, legacy_cry, latest_cry, artwork, shiny_artwork)
VALUES ('marshtomp', True, 276, 7, 280, https://raw.githubusercontent.com/PokeAPI/cries/main/cries/pokemon/legacy/259.ogg, https://raw.githubusercontent.com/PokeAPI/cries/main/cries/pokemon/latest/259.ogg, https://raw.githubusercontent.com/PokeAPI/sprites/master/sprites/pokemon/other/official-artwork/259.png, https://raw.githubusercontent.com/PokeAPI/sprites/master/sprites/pokemon/other/official-artwork/shiny/259.png);
INSERT INTO pokemon.base_stats (base_hp, base_attack, base_defense, base_special_attack, base_special_defense, base_speed, fk_generation, fk_form)
VALUES (70, 85, 70, 60, 70, 50, 3, 372);
INSERT INTO pokemon.form_has_type_per_generation (fk_form, fk_type, fk_generation, is_primary)
VALUES (372, 11, 3, True);
INSERT INTO pokemon.form_has_type_per_generation (fk_form, fk_type, fk_generation, is_primary)
VALUES (372, 5, 3, False);

INSERT INTO pokemon.pokemon_species (name, pokedex_index, is_baby, is_legendary, is_mythical, evolves_from)
VALUES ('swampert', 260, False, False, False, marshtomp);
INSERT INTO pokemon.form (name, is_default, fk_pokemon_species, height, weight, legacy_cry, latest_cry, artwork, shiny_artwork)
VALUES ('swampert', True, 277, 15, 819, https://raw.githubusercontent.com/PokeAPI/cries/main/cries/pokemon/legacy/260.ogg, https://raw.githubusercontent.com/PokeAPI/cries/main/cries/pokemon/latest/260.ogg, https://raw.githubusercontent.com/PokeAPI/sprites/master/sprites/pokemon/other/official-artwork/260.png, https://raw.githubusercontent.com/PokeAPI/sprites/master/sprites/pokemon/other/official-artwork/shiny/260.png);
INSERT INTO pokemon.base_stats (base_hp, base_attack, base_defense, base_special_attack, base_special_defense, base_speed, fk_generation, fk_form)
VALUES (100, 110, 90, 85, 90, 60, 3, 373);
INSERT INTO pokemon.form_has_type_per_generation (fk_form, fk_type, fk_generation, is_primary)
VALUES (373, 11, 3, True);
INSERT INTO pokemon.form_has_type_per_generation (fk_form, fk_type, fk_generation, is_primary)
VALUES (373, 5, 3, False);

INSERT INTO pokemon.form (name, is_default, fk_pokemon_species, height, weight, legacy_cry, latest_cry, artwork, shiny_artwork)
VALUES ('swampert-mega', False, 277, 19, 1020, None, https://raw.githubusercontent.com/PokeAPI/cries/main/cries/pokemon/latest/10064.ogg, https://raw.githubusercontent.com/PokeAPI/sprites/master/sprites/pokemon/other/official-artwork/10064.png, https://raw.githubusercontent.com/PokeAPI/sprites/master/sprites/pokemon/other/official-artwork/shiny/10064.png);
INSERT INTO pokemon.base_stats (base_hp, base_attack, base_defense, base_special_attack, base_special_defense, base_speed, fk_generation, fk_form)
VALUES (100, 150, 110, 95, 110, 70, 6, 374);
INSERT INTO pokemon.form_has_type_per_generation (fk_form, fk_type, fk_generation, is_primary)
VALUES (374, 11, 6, True);
INSERT INTO pokemon.form_has_type_per_generation (fk_form, fk_type, fk_generation, is_primary)
VALUES (374, 5, 6, False);

INSERT INTO pokemon.pokemon_species (name, pokedex_index, is_baby, is_legendary, is_mythical, evolves_from)
VALUES ('mightyena', 262, False, False, False, poochyena);
INSERT INTO pokemon.form (name, is_default, fk_pokemon_species, height, weight, legacy_cry, latest_cry, artwork, shiny_artwork)
VALUES ('mightyena', True, 278, 10, 370, https://raw.githubusercontent.com/PokeAPI/cries/main/cries/pokemon/legacy/262.ogg, https://raw.githubusercontent.com/PokeAPI/cries/main/cries/pokemon/latest/262.ogg, https://raw.githubusercontent.com/PokeAPI/sprites/master/sprites/pokemon/other/official-artwork/262.png, https://raw.githubusercontent.com/PokeAPI/sprites/master/sprites/pokemon/other/official-artwork/shiny/262.png);
INSERT INTO pokemon.base_stats (base_hp, base_attack, base_defense, base_special_attack, base_special_defense, base_speed, fk_generation, fk_form)
VALUES (70, 90, 70, 60, 60, 70, 3, 375);
INSERT INTO pokemon.form_has_type_per_generation (fk_form, fk_type, fk_generation, is_primary)
VALUES (375, 17, 3, True);

INSERT INTO pokemon.pokemon_species (name, pokedex_index, is_baby, is_legendary, is_mythical, evolves_from)
VALUES ('linoone', 264, False, False, False, zigzagoon);
INSERT INTO pokemon.form (name, is_default, fk_pokemon_species, height, weight, legacy_cry, latest_cry, artwork, shiny_artwork)
VALUES ('linoone', True, 279, 5, 325, https://raw.githubusercontent.com/PokeAPI/cries/main/cries/pokemon/legacy/264.ogg, https://raw.githubusercontent.com/PokeAPI/cries/main/cries/pokemon/latest/264.ogg, https://raw.githubusercontent.com/PokeAPI/sprites/master/sprites/pokemon/other/official-artwork/264.png, https://raw.githubusercontent.com/PokeAPI/sprites/master/sprites/pokemon/other/official-artwork/shiny/264.png);
INSERT INTO pokemon.base_stats (base_hp, base_attack, base_defense, base_special_attack, base_special_defense, base_speed, fk_generation, fk_form)
VALUES (78, 70, 61, 50, 61, 100, 3, 376);
INSERT INTO pokemon.form_has_type_per_generation (fk_form, fk_type, fk_generation, is_primary)
VALUES (376, 1, 3, True);

INSERT INTO pokemon.form (name, is_default, fk_pokemon_species, height, weight, legacy_cry, latest_cry, artwork, shiny_artwork)
VALUES ('linoone-galar', False, 279, 5, 325, None, https://raw.githubusercontent.com/PokeAPI/cries/main/cries/pokemon/latest/10175.ogg, https://raw.githubusercontent.com/PokeAPI/sprites/master/sprites/pokemon/other/official-artwork/10175.png, https://raw.githubusercontent.com/PokeAPI/sprites/master/sprites/pokemon/other/official-artwork/shiny/10175.png);
INSERT INTO pokemon.base_stats (base_hp, base_attack, base_defense, base_special_attack, base_special_defense, base_speed, fk_generation, fk_form)
VALUES (78, 70, 61, 50, 61, 100, 8, 377);
INSERT INTO pokemon.form_has_type_per_generation (fk_form, fk_type, fk_generation, is_primary)
VALUES (377, 17, 8, True);
INSERT INTO pokemon.form_has_type_per_generation (fk_form, fk_type, fk_generation, is_primary)
VALUES (377, 1, 8, False);

INSERT INTO pokemon.pokemon_species (name, pokedex_index, is_baby, is_legendary, is_mythical, evolves_from)
VALUES ('silcoon', 266, False, False, False, wurmple);
INSERT INTO pokemon.form (name, is_default, fk_pokemon_species, height, weight, legacy_cry, latest_cry, artwork, shiny_artwork)
VALUES ('silcoon', True, 280, 6, 100, https://raw.githubusercontent.com/PokeAPI/cries/main/cries/pokemon/legacy/266.ogg, https://raw.githubusercontent.com/PokeAPI/cries/main/cries/pokemon/latest/266.ogg, https://raw.githubusercontent.com/PokeAPI/sprites/master/sprites/pokemon/other/official-artwork/266.png, https://raw.githubusercontent.com/PokeAPI/sprites/master/sprites/pokemon/other/official-artwork/shiny/266.png);
INSERT INTO pokemon.base_stats (base_hp, base_attack, base_defense, base_special_attack, base_special_defense, base_speed, fk_generation, fk_form)
VALUES (50, 35, 55, 25, 25, 15, 3, 378);
INSERT INTO pokemon.form_has_type_per_generation (fk_form, fk_type, fk_generation, is_primary)
VALUES (378, 7, 3, True);

INSERT INTO pokemon.pokemon_species (name, pokedex_index, is_baby, is_legendary, is_mythical, evolves_from)
VALUES ('beautifly', 267, False, False, False, silcoon);
INSERT INTO pokemon.form (name, is_default, fk_pokemon_species, height, weight, legacy_cry, latest_cry, artwork, shiny_artwork)
VALUES ('beautifly', True, 281, 10, 284, https://raw.githubusercontent.com/PokeAPI/cries/main/cries/pokemon/legacy/267.ogg, https://raw.githubusercontent.com/PokeAPI/cries/main/cries/pokemon/latest/267.ogg, https://raw.githubusercontent.com/PokeAPI/sprites/master/sprites/pokemon/other/official-artwork/267.png, https://raw.githubusercontent.com/PokeAPI/sprites/master/sprites/pokemon/other/official-artwork/shiny/267.png);
INSERT INTO pokemon.base_stats (base_hp, base_attack, base_defense, base_special_attack, base_special_defense, base_speed, fk_generation, fk_form)
VALUES (60, 70, 50, 100, 50, 65, 3, 379);
INSERT INTO pokemon.form_has_type_per_generation (fk_form, fk_type, fk_generation, is_primary)
VALUES (379, 7, 3, True);
INSERT INTO pokemon.form_has_type_per_generation (fk_form, fk_type, fk_generation, is_primary)
VALUES (379, 3, 3, False);

INSERT INTO pokemon.pokemon_species (name, pokedex_index, is_baby, is_legendary, is_mythical, evolves_from)
VALUES ('cascoon', 268, False, False, False, wurmple);
INSERT INTO pokemon.form (name, is_default, fk_pokemon_species, height, weight, legacy_cry, latest_cry, artwork, shiny_artwork)
VALUES ('cascoon', True, 282, 7, 115, https://raw.githubusercontent.com/PokeAPI/cries/main/cries/pokemon/legacy/268.ogg, https://raw.githubusercontent.com/PokeAPI/cries/main/cries/pokemon/latest/268.ogg, https://raw.githubusercontent.com/PokeAPI/sprites/master/sprites/pokemon/other/official-artwork/268.png, https://raw.githubusercontent.com/PokeAPI/sprites/master/sprites/pokemon/other/official-artwork/shiny/268.png);
INSERT INTO pokemon.base_stats (base_hp, base_attack, base_defense, base_special_attack, base_special_defense, base_speed, fk_generation, fk_form)
VALUES (50, 35, 55, 25, 25, 15, 3, 380);
INSERT INTO pokemon.form_has_type_per_generation (fk_form, fk_type, fk_generation, is_primary)
VALUES (380, 7, 3, True);

INSERT INTO pokemon.pokemon_species (name, pokedex_index, is_baby, is_legendary, is_mythical, evolves_from)
VALUES ('dustox', 269, False, False, False, cascoon);
INSERT INTO pokemon.form (name, is_default, fk_pokemon_species, height, weight, legacy_cry, latest_cry, artwork, shiny_artwork)
VALUES ('dustox', True, 283, 12, 316, https://raw.githubusercontent.com/PokeAPI/cries/main/cries/pokemon/legacy/269.ogg, https://raw.githubusercontent.com/PokeAPI/cries/main/cries/pokemon/latest/269.ogg, https://raw.githubusercontent.com/PokeAPI/sprites/master/sprites/pokemon/other/official-artwork/269.png, https://raw.githubusercontent.com/PokeAPI/sprites/master/sprites/pokemon/other/official-artwork/shiny/269.png);
INSERT INTO pokemon.base_stats (base_hp, base_attack, base_defense, base_special_attack, base_special_defense, base_speed, fk_generation, fk_form)
VALUES (60, 50, 70, 50, 90, 65, 3, 381);
INSERT INTO pokemon.form_has_type_per_generation (fk_form, fk_type, fk_generation, is_primary)
VALUES (381, 7, 3, True);
INSERT INTO pokemon.form_has_type_per_generation (fk_form, fk_type, fk_generation, is_primary)
VALUES (381, 4, 3, False);

INSERT INTO pokemon.pokemon_species (name, pokedex_index, is_baby, is_legendary, is_mythical, evolves_from)
VALUES ('lombre', 271, False, False, False, lotad);
INSERT INTO pokemon.form (name, is_default, fk_pokemon_species, height, weight, legacy_cry, latest_cry, artwork, shiny_artwork)
VALUES ('lombre', True, 284, 12, 325, https://raw.githubusercontent.com/PokeAPI/cries/main/cries/pokemon/legacy/271.ogg, https://raw.githubusercontent.com/PokeAPI/cries/main/cries/pokemon/latest/271.ogg, https://raw.githubusercontent.com/PokeAPI/sprites/master/sprites/pokemon/other/official-artwork/271.png, https://raw.githubusercontent.com/PokeAPI/sprites/master/sprites/pokemon/other/official-artwork/shiny/271.png);
INSERT INTO pokemon.base_stats (base_hp, base_attack, base_defense, base_special_attack, base_special_defense, base_speed, fk_generation, fk_form)
VALUES (60, 50, 50, 60, 70, 50, 3, 382);
INSERT INTO pokemon.form_has_type_per_generation (fk_form, fk_type, fk_generation, is_primary)
VALUES (382, 11, 3, True);
INSERT INTO pokemon.form_has_type_per_generation (fk_form, fk_type, fk_generation, is_primary)
VALUES (382, 12, 3, False);

INSERT INTO pokemon.pokemon_species (name, pokedex_index, is_baby, is_legendary, is_mythical, evolves_from)
VALUES ('ludicolo', 272, False, False, False, lombre);
INSERT INTO pokemon.form (name, is_default, fk_pokemon_species, height, weight, legacy_cry, latest_cry, artwork, shiny_artwork)
VALUES ('ludicolo', True, 285, 15, 550, https://raw.githubusercontent.com/PokeAPI/cries/main/cries/pokemon/legacy/272.ogg, https://raw.githubusercontent.com/PokeAPI/cries/main/cries/pokemon/latest/272.ogg, https://raw.githubusercontent.com/PokeAPI/sprites/master/sprites/pokemon/other/official-artwork/272.png, https://raw.githubusercontent.com/PokeAPI/sprites/master/sprites/pokemon/other/official-artwork/shiny/272.png);
INSERT INTO pokemon.base_stats (base_hp, base_attack, base_defense, base_special_attack, base_special_defense, base_speed, fk_generation, fk_form)
VALUES (80, 70, 70, 90, 100, 70, 3, 383);
INSERT INTO pokemon.form_has_type_per_generation (fk_form, fk_type, fk_generation, is_primary)
VALUES (383, 11, 3, True);
INSERT INTO pokemon.form_has_type_per_generation (fk_form, fk_type, fk_generation, is_primary)
VALUES (383, 12, 3, False);

INSERT INTO pokemon.pokemon_species (name, pokedex_index, is_baby, is_legendary, is_mythical, evolves_from)
VALUES ('nuzleaf', 274, False, False, False, seedot);
INSERT INTO pokemon.form (name, is_default, fk_pokemon_species, height, weight, legacy_cry, latest_cry, artwork, shiny_artwork)
VALUES ('nuzleaf', True, 286, 10, 280, https://raw.githubusercontent.com/PokeAPI/cries/main/cries/pokemon/legacy/274.ogg, https://raw.githubusercontent.com/PokeAPI/cries/main/cries/pokemon/latest/274.ogg, https://raw.githubusercontent.com/PokeAPI/sprites/master/sprites/pokemon/other/official-artwork/274.png, https://raw.githubusercontent.com/PokeAPI/sprites/master/sprites/pokemon/other/official-artwork/shiny/274.png);
INSERT INTO pokemon.base_stats (base_hp, base_attack, base_defense, base_special_attack, base_special_defense, base_speed, fk_generation, fk_form)
VALUES (70, 70, 40, 60, 40, 60, 3, 384);
INSERT INTO pokemon.form_has_type_per_generation (fk_form, fk_type, fk_generation, is_primary)
VALUES (384, 12, 3, True);
INSERT INTO pokemon.form_has_type_per_generation (fk_form, fk_type, fk_generation, is_primary)
VALUES (384, 17, 3, False);

INSERT INTO pokemon.pokemon_species (name, pokedex_index, is_baby, is_legendary, is_mythical, evolves_from)
VALUES ('shiftry', 275, False, False, False, nuzleaf);
INSERT INTO pokemon.form (name, is_default, fk_pokemon_species, height, weight, legacy_cry, latest_cry, artwork, shiny_artwork)
VALUES ('shiftry', True, 287, 13, 596, https://raw.githubusercontent.com/PokeAPI/cries/main/cries/pokemon/legacy/275.ogg, https://raw.githubusercontent.com/PokeAPI/cries/main/cries/pokemon/latest/275.ogg, https://raw.githubusercontent.com/PokeAPI/sprites/master/sprites/pokemon/other/official-artwork/275.png, https://raw.githubusercontent.com/PokeAPI/sprites/master/sprites/pokemon/other/official-artwork/shiny/275.png);
INSERT INTO pokemon.base_stats (base_hp, base_attack, base_defense, base_special_attack, base_special_defense, base_speed, fk_generation, fk_form)
VALUES (90, 100, 60, 90, 60, 80, 3, 385);
INSERT INTO pokemon.form_has_type_per_generation (fk_form, fk_type, fk_generation, is_primary)
VALUES (385, 12, 3, True);
INSERT INTO pokemon.form_has_type_per_generation (fk_form, fk_type, fk_generation, is_primary)
VALUES (385, 17, 3, False);

INSERT INTO pokemon.pokemon_species (name, pokedex_index, is_baby, is_legendary, is_mythical, evolves_from)
VALUES ('swellow', 277, False, False, False, taillow);
INSERT INTO pokemon.form (name, is_default, fk_pokemon_species, height, weight, legacy_cry, latest_cry, artwork, shiny_artwork)
VALUES ('swellow', True, 288, 7, 198, https://raw.githubusercontent.com/PokeAPI/cries/main/cries/pokemon/legacy/277.ogg, https://raw.githubusercontent.com/PokeAPI/cries/main/cries/pokemon/latest/277.ogg, https://raw.githubusercontent.com/PokeAPI/sprites/master/sprites/pokemon/other/official-artwork/277.png, https://raw.githubusercontent.com/PokeAPI/sprites/master/sprites/pokemon/other/official-artwork/shiny/277.png);
INSERT INTO pokemon.base_stats (base_hp, base_attack, base_defense, base_special_attack, base_special_defense, base_speed, fk_generation, fk_form)
VALUES (60, 85, 60, 75, 50, 125, 3, 386);
INSERT INTO pokemon.form_has_type_per_generation (fk_form, fk_type, fk_generation, is_primary)
VALUES (386, 1, 3, True);
INSERT INTO pokemon.form_has_type_per_generation (fk_form, fk_type, fk_generation, is_primary)
VALUES (386, 3, 3, False);

INSERT INTO pokemon.pokemon_species (name, pokedex_index, is_baby, is_legendary, is_mythical, evolves_from)
VALUES ('pelipper', 279, False, False, False, wingull);
INSERT INTO pokemon.form (name, is_default, fk_pokemon_species, height, weight, legacy_cry, latest_cry, artwork, shiny_artwork)
VALUES ('pelipper', True, 289, 12, 280, https://raw.githubusercontent.com/PokeAPI/cries/main/cries/pokemon/legacy/279.ogg, https://raw.githubusercontent.com/PokeAPI/cries/main/cries/pokemon/latest/279.ogg, https://raw.githubusercontent.com/PokeAPI/sprites/master/sprites/pokemon/other/official-artwork/279.png, https://raw.githubusercontent.com/PokeAPI/sprites/master/sprites/pokemon/other/official-artwork/shiny/279.png);
INSERT INTO pokemon.base_stats (base_hp, base_attack, base_defense, base_special_attack, base_special_defense, base_speed, fk_generation, fk_form)
VALUES (60, 50, 100, 95, 70, 65, 3, 387);
INSERT INTO pokemon.form_has_type_per_generation (fk_form, fk_type, fk_generation, is_primary)
VALUES (387, 11, 3, True);
INSERT INTO pokemon.form_has_type_per_generation (fk_form, fk_type, fk_generation, is_primary)
VALUES (387, 3, 3, False);

INSERT INTO pokemon.pokemon_species (name, pokedex_index, is_baby, is_legendary, is_mythical, evolves_from)
VALUES ('kirlia', 281, False, False, False, ralts);
INSERT INTO pokemon.form (name, is_default, fk_pokemon_species, height, weight, legacy_cry, latest_cry, artwork, shiny_artwork)
VALUES ('kirlia', True, 290, 8, 202, https://raw.githubusercontent.com/PokeAPI/cries/main/cries/pokemon/legacy/281.ogg, https://raw.githubusercontent.com/PokeAPI/cries/main/cries/pokemon/latest/281.ogg, https://raw.githubusercontent.com/PokeAPI/sprites/master/sprites/pokemon/other/official-artwork/281.png, https://raw.githubusercontent.com/PokeAPI/sprites/master/sprites/pokemon/other/official-artwork/shiny/281.png);
INSERT INTO pokemon.base_stats (base_hp, base_attack, base_defense, base_special_attack, base_special_defense, base_speed, fk_generation, fk_form)
VALUES (38, 35, 35, 65, 55, 50, 3, 388);
INSERT INTO pokemon.form_has_type_per_generation (fk_form, fk_type, fk_generation, is_primary)
VALUES (388, 14, 3, True);
INSERT INTO pokemon.form_has_type_per_generation (fk_form, fk_type, fk_generation, is_primary)
VALUES (388, 18, 3, False);

INSERT INTO pokemon.pokemon_species (name, pokedex_index, is_baby, is_legendary, is_mythical, evolves_from)
VALUES ('gardevoir', 282, False, False, False, kirlia);
INSERT INTO pokemon.form (name, is_default, fk_pokemon_species, height, weight, legacy_cry, latest_cry, artwork, shiny_artwork)
VALUES ('gardevoir', True, 291, 16, 484, https://raw.githubusercontent.com/PokeAPI/cries/main/cries/pokemon/legacy/282.ogg, https://raw.githubusercontent.com/PokeAPI/cries/main/cries/pokemon/latest/282.ogg, https://raw.githubusercontent.com/PokeAPI/sprites/master/sprites/pokemon/other/official-artwork/282.png, https://raw.githubusercontent.com/PokeAPI/sprites/master/sprites/pokemon/other/official-artwork/shiny/282.png);
INSERT INTO pokemon.base_stats (base_hp, base_attack, base_defense, base_special_attack, base_special_defense, base_speed, fk_generation, fk_form)
VALUES (68, 65, 65, 125, 115, 80, 3, 389);
INSERT INTO pokemon.form_has_type_per_generation (fk_form, fk_type, fk_generation, is_primary)
VALUES (389, 14, 3, True);
INSERT INTO pokemon.form_has_type_per_generation (fk_form, fk_type, fk_generation, is_primary)
VALUES (389, 18, 3, False);

INSERT INTO pokemon.form (name, is_default, fk_pokemon_species, height, weight, legacy_cry, latest_cry, artwork, shiny_artwork)
VALUES ('gardevoir-mega', False, 291, 16, 484, None, https://raw.githubusercontent.com/PokeAPI/cries/main/cries/pokemon/latest/10051.ogg, https://raw.githubusercontent.com/PokeAPI/sprites/master/sprites/pokemon/other/official-artwork/10051.png, https://raw.githubusercontent.com/PokeAPI/sprites/master/sprites/pokemon/other/official-artwork/shiny/10051.png);
INSERT INTO pokemon.base_stats (base_hp, base_attack, base_defense, base_special_attack, base_special_defense, base_speed, fk_generation, fk_form)
VALUES (68, 85, 65, 165, 135, 100, 6, 390);
INSERT INTO pokemon.form_has_type_per_generation (fk_form, fk_type, fk_generation, is_primary)
VALUES (390, 14, 6, True);
INSERT INTO pokemon.form_has_type_per_generation (fk_form, fk_type, fk_generation, is_primary)
VALUES (390, 18, 6, False);

INSERT INTO pokemon.pokemon_species (name, pokedex_index, is_baby, is_legendary, is_mythical, evolves_from)
VALUES ('masquerain', 284, False, False, False, surskit);
INSERT INTO pokemon.form (name, is_default, fk_pokemon_species, height, weight, legacy_cry, latest_cry, artwork, shiny_artwork)
VALUES ('masquerain', True, 292, 8, 36, https://raw.githubusercontent.com/PokeAPI/cries/main/cries/pokemon/legacy/284.ogg, https://raw.githubusercontent.com/PokeAPI/cries/main/cries/pokemon/latest/284.ogg, https://raw.githubusercontent.com/PokeAPI/sprites/master/sprites/pokemon/other/official-artwork/284.png, https://raw.githubusercontent.com/PokeAPI/sprites/master/sprites/pokemon/other/official-artwork/shiny/284.png);
INSERT INTO pokemon.base_stats (base_hp, base_attack, base_defense, base_special_attack, base_special_defense, base_speed, fk_generation, fk_form)
VALUES (70, 60, 62, 100, 82, 80, 3, 391);
INSERT INTO pokemon.form_has_type_per_generation (fk_form, fk_type, fk_generation, is_primary)
VALUES (391, 7, 3, True);
INSERT INTO pokemon.form_has_type_per_generation (fk_form, fk_type, fk_generation, is_primary)
VALUES (391, 3, 3, False);

INSERT INTO pokemon.pokemon_species (name, pokedex_index, is_baby, is_legendary, is_mythical, evolves_from)
VALUES ('breloom', 286, False, False, False, shroomish);
INSERT INTO pokemon.form (name, is_default, fk_pokemon_species, height, weight, legacy_cry, latest_cry, artwork, shiny_artwork)
VALUES ('breloom', True, 293, 12, 392, https://raw.githubusercontent.com/PokeAPI/cries/main/cries/pokemon/legacy/286.ogg, https://raw.githubusercontent.com/PokeAPI/cries/main/cries/pokemon/latest/286.ogg, https://raw.githubusercontent.com/PokeAPI/sprites/master/sprites/pokemon/other/official-artwork/286.png, https://raw.githubusercontent.com/PokeAPI/sprites/master/sprites/pokemon/other/official-artwork/shiny/286.png);
INSERT INTO pokemon.base_stats (base_hp, base_attack, base_defense, base_special_attack, base_special_defense, base_speed, fk_generation, fk_form)
VALUES (60, 130, 80, 60, 60, 70, 3, 392);
INSERT INTO pokemon.form_has_type_per_generation (fk_form, fk_type, fk_generation, is_primary)
VALUES (392, 12, 3, True);
INSERT INTO pokemon.form_has_type_per_generation (fk_form, fk_type, fk_generation, is_primary)
VALUES (392, 2, 3, False);

INSERT INTO pokemon.pokemon_species (name, pokedex_index, is_baby, is_legendary, is_mythical, evolves_from)
VALUES ('vigoroth', 288, False, False, False, slakoth);
INSERT INTO pokemon.form (name, is_default, fk_pokemon_species, height, weight, legacy_cry, latest_cry, artwork, shiny_artwork)
VALUES ('vigoroth', True, 294, 14, 465, https://raw.githubusercontent.com/PokeAPI/cries/main/cries/pokemon/legacy/288.ogg, https://raw.githubusercontent.com/PokeAPI/cries/main/cries/pokemon/latest/288.ogg, https://raw.githubusercontent.com/PokeAPI/sprites/master/sprites/pokemon/other/official-artwork/288.png, https://raw.githubusercontent.com/PokeAPI/sprites/master/sprites/pokemon/other/official-artwork/shiny/288.png);
INSERT INTO pokemon.base_stats (base_hp, base_attack, base_defense, base_special_attack, base_special_defense, base_speed, fk_generation, fk_form)
VALUES (80, 80, 80, 55, 55, 90, 3, 393);
INSERT INTO pokemon.form_has_type_per_generation (fk_form, fk_type, fk_generation, is_primary)
VALUES (393, 1, 3, True);

INSERT INTO pokemon.pokemon_species (name, pokedex_index, is_baby, is_legendary, is_mythical, evolves_from)
VALUES ('slaking', 289, False, False, False, vigoroth);
INSERT INTO pokemon.form (name, is_default, fk_pokemon_species, height, weight, legacy_cry, latest_cry, artwork, shiny_artwork)
VALUES ('slaking', True, 295, 20, 1305, https://raw.githubusercontent.com/PokeAPI/cries/main/cries/pokemon/legacy/289.ogg, https://raw.githubusercontent.com/PokeAPI/cries/main/cries/pokemon/latest/289.ogg, https://raw.githubusercontent.com/PokeAPI/sprites/master/sprites/pokemon/other/official-artwork/289.png, https://raw.githubusercontent.com/PokeAPI/sprites/master/sprites/pokemon/other/official-artwork/shiny/289.png);
INSERT INTO pokemon.base_stats (base_hp, base_attack, base_defense, base_special_attack, base_special_defense, base_speed, fk_generation, fk_form)
VALUES (150, 160, 100, 95, 65, 100, 3, 394);
INSERT INTO pokemon.form_has_type_per_generation (fk_form, fk_type, fk_generation, is_primary)
VALUES (394, 1, 3, True);

INSERT INTO pokemon.pokemon_species (name, pokedex_index, is_baby, is_legendary, is_mythical, evolves_from)
VALUES ('ninjask', 291, False, False, False, nincada);
INSERT INTO pokemon.form (name, is_default, fk_pokemon_species, height, weight, legacy_cry, latest_cry, artwork, shiny_artwork)
VALUES ('ninjask', True, 296, 8, 120, https://raw.githubusercontent.com/PokeAPI/cries/main/cries/pokemon/legacy/291.ogg, https://raw.githubusercontent.com/PokeAPI/cries/main/cries/pokemon/latest/291.ogg, https://raw.githubusercontent.com/PokeAPI/sprites/master/sprites/pokemon/other/official-artwork/291.png, https://raw.githubusercontent.com/PokeAPI/sprites/master/sprites/pokemon/other/official-artwork/shiny/291.png);
INSERT INTO pokemon.base_stats (base_hp, base_attack, base_defense, base_special_attack, base_special_defense, base_speed, fk_generation, fk_form)
VALUES (61, 90, 45, 50, 50, 160, 3, 395);
INSERT INTO pokemon.form_has_type_per_generation (fk_form, fk_type, fk_generation, is_primary)
VALUES (395, 7, 3, True);
INSERT INTO pokemon.form_has_type_per_generation (fk_form, fk_type, fk_generation, is_primary)
VALUES (395, 3, 3, False);

INSERT INTO pokemon.pokemon_species (name, pokedex_index, is_baby, is_legendary, is_mythical, evolves_from)
VALUES ('shedinja', 292, False, False, False, nincada);
INSERT INTO pokemon.form (name, is_default, fk_pokemon_species, height, weight, legacy_cry, latest_cry, artwork, shiny_artwork)
VALUES ('shedinja', True, 297, 8, 12, https://raw.githubusercontent.com/PokeAPI/cries/main/cries/pokemon/legacy/292.ogg, https://raw.githubusercontent.com/PokeAPI/cries/main/cries/pokemon/latest/292.ogg, https://raw.githubusercontent.com/PokeAPI/sprites/master/sprites/pokemon/other/official-artwork/292.png, https://raw.githubusercontent.com/PokeAPI/sprites/master/sprites/pokemon/other/official-artwork/shiny/292.png);
INSERT INTO pokemon.base_stats (base_hp, base_attack, base_defense, base_special_attack, base_special_defense, base_speed, fk_generation, fk_form)
VALUES (1, 90, 45, 30, 30, 40, 3, 396);
INSERT INTO pokemon.form_has_type_per_generation (fk_form, fk_type, fk_generation, is_primary)
VALUES (396, 7, 3, True);
INSERT INTO pokemon.form_has_type_per_generation (fk_form, fk_type, fk_generation, is_primary)
VALUES (396, 8, 3, False);

INSERT INTO pokemon.pokemon_species (name, pokedex_index, is_baby, is_legendary, is_mythical, evolves_from)
VALUES ('loudred', 294, False, False, False, whismur);
INSERT INTO pokemon.form (name, is_default, fk_pokemon_species, height, weight, legacy_cry, latest_cry, artwork, shiny_artwork)
VALUES ('loudred', True, 298, 10, 405, https://raw.githubusercontent.com/PokeAPI/cries/main/cries/pokemon/legacy/294.ogg, https://raw.githubusercontent.com/PokeAPI/cries/main/cries/pokemon/latest/294.ogg, https://raw.githubusercontent.com/PokeAPI/sprites/master/sprites/pokemon/other/official-artwork/294.png, https://raw.githubusercontent.com/PokeAPI/sprites/master/sprites/pokemon/other/official-artwork/shiny/294.png);
INSERT INTO pokemon.base_stats (base_hp, base_attack, base_defense, base_special_attack, base_special_defense, base_speed, fk_generation, fk_form)
VALUES (84, 71, 43, 71, 43, 48, 3, 397);
INSERT INTO pokemon.form_has_type_per_generation (fk_form, fk_type, fk_generation, is_primary)
VALUES (397, 1, 3, True);

INSERT INTO pokemon.pokemon_species (name, pokedex_index, is_baby, is_legendary, is_mythical, evolves_from)
VALUES ('exploud', 295, False, False, False, loudred);
INSERT INTO pokemon.form (name, is_default, fk_pokemon_species, height, weight, legacy_cry, latest_cry, artwork, shiny_artwork)
VALUES ('exploud', True, 299, 15, 840, https://raw.githubusercontent.com/PokeAPI/cries/main/cries/pokemon/legacy/295.ogg, https://raw.githubusercontent.com/PokeAPI/cries/main/cries/pokemon/latest/295.ogg, https://raw.githubusercontent.com/PokeAPI/sprites/master/sprites/pokemon/other/official-artwork/295.png, https://raw.githubusercontent.com/PokeAPI/sprites/master/sprites/pokemon/other/official-artwork/shiny/295.png);
INSERT INTO pokemon.base_stats (base_hp, base_attack, base_defense, base_special_attack, base_special_defense, base_speed, fk_generation, fk_form)
VALUES (104, 91, 63, 91, 73, 68, 3, 398);
INSERT INTO pokemon.form_has_type_per_generation (fk_form, fk_type, fk_generation, is_primary)
VALUES (398, 1, 3, True);

INSERT INTO pokemon.pokemon_species (name, pokedex_index, is_baby, is_legendary, is_mythical, evolves_from)
VALUES ('hariyama', 297, False, False, False, makuhita);
INSERT INTO pokemon.form (name, is_default, fk_pokemon_species, height, weight, legacy_cry, latest_cry, artwork, shiny_artwork)
VALUES ('hariyama', True, 300, 23, 2538, https://raw.githubusercontent.com/PokeAPI/cries/main/cries/pokemon/legacy/297.ogg, https://raw.githubusercontent.com/PokeAPI/cries/main/cries/pokemon/latest/297.ogg, https://raw.githubusercontent.com/PokeAPI/sprites/master/sprites/pokemon/other/official-artwork/297.png, https://raw.githubusercontent.com/PokeAPI/sprites/master/sprites/pokemon/other/official-artwork/shiny/297.png);
INSERT INTO pokemon.base_stats (base_hp, base_attack, base_defense, base_special_attack, base_special_defense, base_speed, fk_generation, fk_form)
VALUES (144, 120, 60, 40, 60, 50, 3, 399);
INSERT INTO pokemon.form_has_type_per_generation (fk_form, fk_type, fk_generation, is_primary)
VALUES (399, 2, 3, True);

INSERT INTO pokemon.pokemon_species (name, pokedex_index, is_baby, is_legendary, is_mythical, evolves_from)
VALUES ('sableye', 302, False, False, False, None);
INSERT INTO pokemon.form (name, is_default, fk_pokemon_species, height, weight, legacy_cry, latest_cry, artwork, shiny_artwork)
VALUES ('sableye', True, 301, 5, 110, https://raw.githubusercontent.com/PokeAPI/cries/main/cries/pokemon/legacy/302.ogg, https://raw.githubusercontent.com/PokeAPI/cries/main/cries/pokemon/latest/302.ogg, https://raw.githubusercontent.com/PokeAPI/sprites/master/sprites/pokemon/other/official-artwork/302.png, https://raw.githubusercontent.com/PokeAPI/sprites/master/sprites/pokemon/other/official-artwork/shiny/302.png);
INSERT INTO pokemon.base_stats (base_hp, base_attack, base_defense, base_special_attack, base_special_defense, base_speed, fk_generation, fk_form)
VALUES (50, 75, 75, 65, 65, 50, 3, 400);
INSERT INTO pokemon.form_has_type_per_generation (fk_form, fk_type, fk_generation, is_primary)
VALUES (400, 17, 3, True);
INSERT INTO pokemon.form_has_type_per_generation (fk_form, fk_type, fk_generation, is_primary)
VALUES (400, 8, 3, False);

INSERT INTO pokemon.form (name, is_default, fk_pokemon_species, height, weight, legacy_cry, latest_cry, artwork, shiny_artwork)
VALUES ('sableye-mega', False, 301, 5, 1610, None, https://raw.githubusercontent.com/PokeAPI/cries/main/cries/pokemon/latest/10066.ogg, https://raw.githubusercontent.com/PokeAPI/sprites/master/sprites/pokemon/other/official-artwork/10066.png, https://raw.githubusercontent.com/PokeAPI/sprites/master/sprites/pokemon/other/official-artwork/shiny/10066.png);
INSERT INTO pokemon.base_stats (base_hp, base_attack, base_defense, base_special_attack, base_special_defense, base_speed, fk_generation, fk_form)
VALUES (50, 85, 125, 85, 115, 20, 6, 401);
INSERT INTO pokemon.form_has_type_per_generation (fk_form, fk_type, fk_generation, is_primary)
VALUES (401, 17, 6, True);
INSERT INTO pokemon.form_has_type_per_generation (fk_form, fk_type, fk_generation, is_primary)
VALUES (401, 8, 6, False);

INSERT INTO pokemon.pokemon_species (name, pokedex_index, is_baby, is_legendary, is_mythical, evolves_from)
VALUES ('mawile', 303, False, False, False, None);
INSERT INTO pokemon.form (name, is_default, fk_pokemon_species, height, weight, legacy_cry, latest_cry, artwork, shiny_artwork)
VALUES ('mawile', True, 302, 6, 115, https://raw.githubusercontent.com/PokeAPI/cries/main/cries/pokemon/legacy/303.ogg, https://raw.githubusercontent.com/PokeAPI/cries/main/cries/pokemon/latest/303.ogg, https://raw.githubusercontent.com/PokeAPI/sprites/master/sprites/pokemon/other/official-artwork/303.png, https://raw.githubusercontent.com/PokeAPI/sprites/master/sprites/pokemon/other/official-artwork/shiny/303.png);
INSERT INTO pokemon.base_stats (base_hp, base_attack, base_defense, base_special_attack, base_special_defense, base_speed, fk_generation, fk_form)
VALUES (50, 85, 85, 55, 55, 50, 3, 402);
INSERT INTO pokemon.form_has_type_per_generation (fk_form, fk_type, fk_generation, is_primary)
VALUES (402, 9, 3, True);
INSERT INTO pokemon.form_has_type_per_generation (fk_form, fk_type, fk_generation, is_primary)
VALUES (402, 18, 3, False);

INSERT INTO pokemon.form (name, is_default, fk_pokemon_species, height, weight, legacy_cry, latest_cry, artwork, shiny_artwork)
VALUES ('mawile-mega', False, 302, 10, 235, None, https://raw.githubusercontent.com/PokeAPI/cries/main/cries/pokemon/latest/10052.ogg, https://raw.githubusercontent.com/PokeAPI/sprites/master/sprites/pokemon/other/official-artwork/10052.png, https://raw.githubusercontent.com/PokeAPI/sprites/master/sprites/pokemon/other/official-artwork/shiny/10052.png);
INSERT INTO pokemon.base_stats (base_hp, base_attack, base_defense, base_special_attack, base_special_defense, base_speed, fk_generation, fk_form)
VALUES (50, 105, 125, 55, 95, 50, 6, 403);
INSERT INTO pokemon.form_has_type_per_generation (fk_form, fk_type, fk_generation, is_primary)
VALUES (403, 9, 6, True);
INSERT INTO pokemon.form_has_type_per_generation (fk_form, fk_type, fk_generation, is_primary)
VALUES (403, 18, 6, False);

INSERT INTO pokemon.pokemon_species (name, pokedex_index, is_baby, is_legendary, is_mythical, evolves_from)
VALUES ('aron', 304, False, False, False, None);
INSERT INTO pokemon.form (name, is_default, fk_pokemon_species, height, weight, legacy_cry, latest_cry, artwork, shiny_artwork)
VALUES ('aron', True, 303, 4, 600, https://raw.githubusercontent.com/PokeAPI/cries/main/cries/pokemon/legacy/304.ogg, https://raw.githubusercontent.com/PokeAPI/cries/main/cries/pokemon/latest/304.ogg, https://raw.githubusercontent.com/PokeAPI/sprites/master/sprites/pokemon/other/official-artwork/304.png, https://raw.githubusercontent.com/PokeAPI/sprites/master/sprites/pokemon/other/official-artwork/shiny/304.png);
INSERT INTO pokemon.base_stats (base_hp, base_attack, base_defense, base_special_attack, base_special_defense, base_speed, fk_generation, fk_form)
VALUES (50, 70, 100, 40, 40, 30, 3, 404);
INSERT INTO pokemon.form_has_type_per_generation (fk_form, fk_type, fk_generation, is_primary)
VALUES (404, 9, 3, True);
INSERT INTO pokemon.form_has_type_per_generation (fk_form, fk_type, fk_generation, is_primary)
VALUES (404, 6, 3, False);

INSERT INTO pokemon.pokemon_species (name, pokedex_index, is_baby, is_legendary, is_mythical, evolves_from)
VALUES ('meditite', 307, False, False, False, None);
INSERT INTO pokemon.form (name, is_default, fk_pokemon_species, height, weight, legacy_cry, latest_cry, artwork, shiny_artwork)
VALUES ('meditite', True, 304, 6, 112, https://raw.githubusercontent.com/PokeAPI/cries/main/cries/pokemon/legacy/307.ogg, https://raw.githubusercontent.com/PokeAPI/cries/main/cries/pokemon/latest/307.ogg, https://raw.githubusercontent.com/PokeAPI/sprites/master/sprites/pokemon/other/official-artwork/307.png, https://raw.githubusercontent.com/PokeAPI/sprites/master/sprites/pokemon/other/official-artwork/shiny/307.png);
INSERT INTO pokemon.base_stats (base_hp, base_attack, base_defense, base_special_attack, base_special_defense, base_speed, fk_generation, fk_form)
VALUES (30, 40, 55, 40, 55, 60, 3, 405);
INSERT INTO pokemon.form_has_type_per_generation (fk_form, fk_type, fk_generation, is_primary)
VALUES (405, 2, 3, True);
INSERT INTO pokemon.form_has_type_per_generation (fk_form, fk_type, fk_generation, is_primary)
VALUES (405, 14, 3, False);

INSERT INTO pokemon.pokemon_species (name, pokedex_index, is_baby, is_legendary, is_mythical, evolves_from)
VALUES ('electrike', 309, False, False, False, None);
INSERT INTO pokemon.form (name, is_default, fk_pokemon_species, height, weight, legacy_cry, latest_cry, artwork, shiny_artwork)
VALUES ('electrike', True, 305, 6, 152, https://raw.githubusercontent.com/PokeAPI/cries/main/cries/pokemon/legacy/309.ogg, https://raw.githubusercontent.com/PokeAPI/cries/main/cries/pokemon/latest/309.ogg, https://raw.githubusercontent.com/PokeAPI/sprites/master/sprites/pokemon/other/official-artwork/309.png, https://raw.githubusercontent.com/PokeAPI/sprites/master/sprites/pokemon/other/official-artwork/shiny/309.png);
INSERT INTO pokemon.base_stats (base_hp, base_attack, base_defense, base_special_attack, base_special_defense, base_speed, fk_generation, fk_form)
VALUES (40, 45, 40, 65, 40, 65, 3, 406);
INSERT INTO pokemon.form_has_type_per_generation (fk_form, fk_type, fk_generation, is_primary)
VALUES (406, 13, 3, True);

INSERT INTO pokemon.pokemon_species (name, pokedex_index, is_baby, is_legendary, is_mythical, evolves_from)
VALUES ('plusle', 311, False, False, False, None);
INSERT INTO pokemon.form (name, is_default, fk_pokemon_species, height, weight, legacy_cry, latest_cry, artwork, shiny_artwork)
VALUES ('plusle', True, 306, 4, 42, https://raw.githubusercontent.com/PokeAPI/cries/main/cries/pokemon/legacy/311.ogg, https://raw.githubusercontent.com/PokeAPI/cries/main/cries/pokemon/latest/311.ogg, https://raw.githubusercontent.com/PokeAPI/sprites/master/sprites/pokemon/other/official-artwork/311.png, https://raw.githubusercontent.com/PokeAPI/sprites/master/sprites/pokemon/other/official-artwork/shiny/311.png);
INSERT INTO pokemon.base_stats (base_hp, base_attack, base_defense, base_special_attack, base_special_defense, base_speed, fk_generation, fk_form)
VALUES (60, 50, 40, 85, 75, 95, 3, 407);
INSERT INTO pokemon.form_has_type_per_generation (fk_form, fk_type, fk_generation, is_primary)
VALUES (407, 13, 3, True);

INSERT INTO pokemon.pokemon_species (name, pokedex_index, is_baby, is_legendary, is_mythical, evolves_from)
VALUES ('minun', 312, False, False, False, None);
INSERT INTO pokemon.form (name, is_default, fk_pokemon_species, height, weight, legacy_cry, latest_cry, artwork, shiny_artwork)
VALUES ('minun', True, 307, 4, 42, https://raw.githubusercontent.com/PokeAPI/cries/main/cries/pokemon/legacy/312.ogg, https://raw.githubusercontent.com/PokeAPI/cries/main/cries/pokemon/latest/312.ogg, https://raw.githubusercontent.com/PokeAPI/sprites/master/sprites/pokemon/other/official-artwork/312.png, https://raw.githubusercontent.com/PokeAPI/sprites/master/sprites/pokemon/other/official-artwork/shiny/312.png);
INSERT INTO pokemon.base_stats (base_hp, base_attack, base_defense, base_special_attack, base_special_defense, base_speed, fk_generation, fk_form)
VALUES (60, 40, 50, 75, 85, 95, 3, 408);
INSERT INTO pokemon.form_has_type_per_generation (fk_form, fk_type, fk_generation, is_primary)
VALUES (408, 13, 3, True);

INSERT INTO pokemon.pokemon_species (name, pokedex_index, is_baby, is_legendary, is_mythical, evolves_from)
VALUES ('volbeat', 313, False, False, False, None);
INSERT INTO pokemon.form (name, is_default, fk_pokemon_species, height, weight, legacy_cry, latest_cry, artwork, shiny_artwork)
VALUES ('volbeat', True, 308, 7, 177, https://raw.githubusercontent.com/PokeAPI/cries/main/cries/pokemon/legacy/313.ogg, https://raw.githubusercontent.com/PokeAPI/cries/main/cries/pokemon/latest/313.ogg, https://raw.githubusercontent.com/PokeAPI/sprites/master/sprites/pokemon/other/official-artwork/313.png, https://raw.githubusercontent.com/PokeAPI/sprites/master/sprites/pokemon/other/official-artwork/shiny/313.png);
INSERT INTO pokemon.base_stats (base_hp, base_attack, base_defense, base_special_attack, base_special_defense, base_speed, fk_generation, fk_form)
VALUES (65, 73, 75, 47, 85, 85, 3, 409);
INSERT INTO pokemon.form_has_type_per_generation (fk_form, fk_type, fk_generation, is_primary)
VALUES (409, 7, 3, True);

INSERT INTO pokemon.pokemon_species (name, pokedex_index, is_baby, is_legendary, is_mythical, evolves_from)
VALUES ('illumise', 314, False, False, False, None);
INSERT INTO pokemon.form (name, is_default, fk_pokemon_species, height, weight, legacy_cry, latest_cry, artwork, shiny_artwork)
VALUES ('illumise', True, 309, 6, 177, https://raw.githubusercontent.com/PokeAPI/cries/main/cries/pokemon/legacy/314.ogg, https://raw.githubusercontent.com/PokeAPI/cries/main/cries/pokemon/latest/314.ogg, https://raw.githubusercontent.com/PokeAPI/sprites/master/sprites/pokemon/other/official-artwork/314.png, https://raw.githubusercontent.com/PokeAPI/sprites/master/sprites/pokemon/other/official-artwork/shiny/314.png);
INSERT INTO pokemon.base_stats (base_hp, base_attack, base_defense, base_special_attack, base_special_defense, base_speed, fk_generation, fk_form)
VALUES (65, 47, 75, 73, 85, 85, 3, 410);
INSERT INTO pokemon.form_has_type_per_generation (fk_form, fk_type, fk_generation, is_primary)
VALUES (410, 7, 3, True);

INSERT INTO pokemon.pokemon_species (name, pokedex_index, is_baby, is_legendary, is_mythical, evolves_from)
VALUES ('gulpin', 316, False, False, False, None);
INSERT INTO pokemon.form (name, is_default, fk_pokemon_species, height, weight, legacy_cry, latest_cry, artwork, shiny_artwork)
VALUES ('gulpin', True, 310, 4, 103, https://raw.githubusercontent.com/PokeAPI/cries/main/cries/pokemon/legacy/316.ogg, https://raw.githubusercontent.com/PokeAPI/cries/main/cries/pokemon/latest/316.ogg, https://raw.githubusercontent.com/PokeAPI/sprites/master/sprites/pokemon/other/official-artwork/316.png, https://raw.githubusercontent.com/PokeAPI/sprites/master/sprites/pokemon/other/official-artwork/shiny/316.png);
INSERT INTO pokemon.base_stats (base_hp, base_attack, base_defense, base_special_attack, base_special_defense, base_speed, fk_generation, fk_form)
VALUES (70, 43, 53, 43, 53, 40, 3, 411);
INSERT INTO pokemon.form_has_type_per_generation (fk_form, fk_type, fk_generation, is_primary)
VALUES (411, 4, 3, True);

INSERT INTO pokemon.pokemon_species (name, pokedex_index, is_baby, is_legendary, is_mythical, evolves_from)
VALUES ('carvanha', 318, False, False, False, None);
INSERT INTO pokemon.form (name, is_default, fk_pokemon_species, height, weight, legacy_cry, latest_cry, artwork, shiny_artwork)
VALUES ('carvanha', True, 311, 8, 208, https://raw.githubusercontent.com/PokeAPI/cries/main/cries/pokemon/legacy/318.ogg, https://raw.githubusercontent.com/PokeAPI/cries/main/cries/pokemon/latest/318.ogg, https://raw.githubusercontent.com/PokeAPI/sprites/master/sprites/pokemon/other/official-artwork/318.png, https://raw.githubusercontent.com/PokeAPI/sprites/master/sprites/pokemon/other/official-artwork/shiny/318.png);
INSERT INTO pokemon.base_stats (base_hp, base_attack, base_defense, base_special_attack, base_special_defense, base_speed, fk_generation, fk_form)
VALUES (45, 90, 20, 65, 20, 65, 3, 412);
INSERT INTO pokemon.form_has_type_per_generation (fk_form, fk_type, fk_generation, is_primary)
VALUES (412, 11, 3, True);
INSERT INTO pokemon.form_has_type_per_generation (fk_form, fk_type, fk_generation, is_primary)
VALUES (412, 17, 3, False);

INSERT INTO pokemon.pokemon_species (name, pokedex_index, is_baby, is_legendary, is_mythical, evolves_from)
VALUES ('wailmer', 320, False, False, False, None);
INSERT INTO pokemon.form (name, is_default, fk_pokemon_species, height, weight, legacy_cry, latest_cry, artwork, shiny_artwork)
VALUES ('wailmer', True, 312, 20, 1300, https://raw.githubusercontent.com/PokeAPI/cries/main/cries/pokemon/legacy/320.ogg, https://raw.githubusercontent.com/PokeAPI/cries/main/cries/pokemon/latest/320.ogg, https://raw.githubusercontent.com/PokeAPI/sprites/master/sprites/pokemon/other/official-artwork/320.png, https://raw.githubusercontent.com/PokeAPI/sprites/master/sprites/pokemon/other/official-artwork/shiny/320.png);
INSERT INTO pokemon.base_stats (base_hp, base_attack, base_defense, base_special_attack, base_special_defense, base_speed, fk_generation, fk_form)
VALUES (130, 70, 35, 70, 35, 60, 3, 413);
INSERT INTO pokemon.form_has_type_per_generation (fk_form, fk_type, fk_generation, is_primary)
VALUES (413, 11, 3, True);

INSERT INTO pokemon.pokemon_species (name, pokedex_index, is_baby, is_legendary, is_mythical, evolves_from)
VALUES ('numel', 322, False, False, False, None);
INSERT INTO pokemon.form (name, is_default, fk_pokemon_species, height, weight, legacy_cry, latest_cry, artwork, shiny_artwork)
VALUES ('numel', True, 313, 7, 240, https://raw.githubusercontent.com/PokeAPI/cries/main/cries/pokemon/legacy/322.ogg, https://raw.githubusercontent.com/PokeAPI/cries/main/cries/pokemon/latest/322.ogg, https://raw.githubusercontent.com/PokeAPI/sprites/master/sprites/pokemon/other/official-artwork/322.png, https://raw.githubusercontent.com/PokeAPI/sprites/master/sprites/pokemon/other/official-artwork/shiny/322.png);
INSERT INTO pokemon.base_stats (base_hp, base_attack, base_defense, base_special_attack, base_special_defense, base_speed, fk_generation, fk_form)
VALUES (60, 60, 40, 65, 45, 35, 3, 414);
INSERT INTO pokemon.form_has_type_per_generation (fk_form, fk_type, fk_generation, is_primary)
VALUES (414, 10, 3, True);
INSERT INTO pokemon.form_has_type_per_generation (fk_form, fk_type, fk_generation, is_primary)
VALUES (414, 5, 3, False);

INSERT INTO pokemon.pokemon_species (name, pokedex_index, is_baby, is_legendary, is_mythical, evolves_from)
VALUES ('torkoal', 324, False, False, False, None);
INSERT INTO pokemon.form (name, is_default, fk_pokemon_species, height, weight, legacy_cry, latest_cry, artwork, shiny_artwork)
VALUES ('torkoal', True, 314, 5, 804, https://raw.githubusercontent.com/PokeAPI/cries/main/cries/pokemon/legacy/324.ogg, https://raw.githubusercontent.com/PokeAPI/cries/main/cries/pokemon/latest/324.ogg, https://raw.githubusercontent.com/PokeAPI/sprites/master/sprites/pokemon/other/official-artwork/324.png, https://raw.githubusercontent.com/PokeAPI/sprites/master/sprites/pokemon/other/official-artwork/shiny/324.png);
INSERT INTO pokemon.base_stats (base_hp, base_attack, base_defense, base_special_attack, base_special_defense, base_speed, fk_generation, fk_form)
VALUES (70, 85, 140, 85, 70, 20, 3, 415);
INSERT INTO pokemon.form_has_type_per_generation (fk_form, fk_type, fk_generation, is_primary)
VALUES (415, 10, 3, True);

INSERT INTO pokemon.pokemon_species (name, pokedex_index, is_baby, is_legendary, is_mythical, evolves_from)
VALUES ('spoink', 325, False, False, False, None);
INSERT INTO pokemon.form (name, is_default, fk_pokemon_species, height, weight, legacy_cry, latest_cry, artwork, shiny_artwork)
VALUES ('spoink', True, 315, 7, 306, https://raw.githubusercontent.com/PokeAPI/cries/main/cries/pokemon/legacy/325.ogg, https://raw.githubusercontent.com/PokeAPI/cries/main/cries/pokemon/latest/325.ogg, https://raw.githubusercontent.com/PokeAPI/sprites/master/sprites/pokemon/other/official-artwork/325.png, https://raw.githubusercontent.com/PokeAPI/sprites/master/sprites/pokemon/other/official-artwork/shiny/325.png);
INSERT INTO pokemon.base_stats (base_hp, base_attack, base_defense, base_special_attack, base_special_defense, base_speed, fk_generation, fk_form)
VALUES (60, 25, 35, 70, 80, 60, 3, 416);
INSERT INTO pokemon.form_has_type_per_generation (fk_form, fk_type, fk_generation, is_primary)
VALUES (416, 14, 3, True);

INSERT INTO pokemon.pokemon_species (name, pokedex_index, is_baby, is_legendary, is_mythical, evolves_from)
VALUES ('spinda', 327, False, False, False, None);
INSERT INTO pokemon.form (name, is_default, fk_pokemon_species, height, weight, legacy_cry, latest_cry, artwork, shiny_artwork)
VALUES ('spinda', True, 316, 11, 50, https://raw.githubusercontent.com/PokeAPI/cries/main/cries/pokemon/legacy/327.ogg, https://raw.githubusercontent.com/PokeAPI/cries/main/cries/pokemon/latest/327.ogg, https://raw.githubusercontent.com/PokeAPI/sprites/master/sprites/pokemon/other/official-artwork/327.png, https://raw.githubusercontent.com/PokeAPI/sprites/master/sprites/pokemon/other/official-artwork/shiny/327.png);
INSERT INTO pokemon.base_stats (base_hp, base_attack, base_defense, base_special_attack, base_special_defense, base_speed, fk_generation, fk_form)
VALUES (60, 60, 60, 60, 60, 60, 3, 417);
INSERT INTO pokemon.form_has_type_per_generation (fk_form, fk_type, fk_generation, is_primary)
VALUES (417, 1, 3, True);

INSERT INTO pokemon.pokemon_species (name, pokedex_index, is_baby, is_legendary, is_mythical, evolves_from)
VALUES ('trapinch', 328, False, False, False, None);
INSERT INTO pokemon.form (name, is_default, fk_pokemon_species, height, weight, legacy_cry, latest_cry, artwork, shiny_artwork)
VALUES ('trapinch', True, 317, 7, 150, https://raw.githubusercontent.com/PokeAPI/cries/main/cries/pokemon/legacy/328.ogg, https://raw.githubusercontent.com/PokeAPI/cries/main/cries/pokemon/latest/328.ogg, https://raw.githubusercontent.com/PokeAPI/sprites/master/sprites/pokemon/other/official-artwork/328.png, https://raw.githubusercontent.com/PokeAPI/sprites/master/sprites/pokemon/other/official-artwork/shiny/328.png);
INSERT INTO pokemon.base_stats (base_hp, base_attack, base_defense, base_special_attack, base_special_defense, base_speed, fk_generation, fk_form)
VALUES (45, 100, 45, 45, 45, 10, 3, 418);
INSERT INTO pokemon.form_has_type_per_generation (fk_form, fk_type, fk_generation, is_primary)
VALUES (418, 5, 3, True);

INSERT INTO pokemon.pokemon_species (name, pokedex_index, is_baby, is_legendary, is_mythical, evolves_from)
VALUES ('cacnea', 331, False, False, False, None);
INSERT INTO pokemon.form (name, is_default, fk_pokemon_species, height, weight, legacy_cry, latest_cry, artwork, shiny_artwork)
VALUES ('cacnea', True, 318, 4, 513, https://raw.githubusercontent.com/PokeAPI/cries/main/cries/pokemon/legacy/331.ogg, https://raw.githubusercontent.com/PokeAPI/cries/main/cries/pokemon/latest/331.ogg, https://raw.githubusercontent.com/PokeAPI/sprites/master/sprites/pokemon/other/official-artwork/331.png, https://raw.githubusercontent.com/PokeAPI/sprites/master/sprites/pokemon/other/official-artwork/shiny/331.png);
INSERT INTO pokemon.base_stats (base_hp, base_attack, base_defense, base_special_attack, base_special_defense, base_speed, fk_generation, fk_form)
VALUES (50, 85, 40, 85, 40, 35, 3, 419);
INSERT INTO pokemon.form_has_type_per_generation (fk_form, fk_type, fk_generation, is_primary)
VALUES (419, 12, 3, True);

INSERT INTO pokemon.pokemon_species (name, pokedex_index, is_baby, is_legendary, is_mythical, evolves_from)
VALUES ('swablu', 333, False, False, False, None);
INSERT INTO pokemon.form (name, is_default, fk_pokemon_species, height, weight, legacy_cry, latest_cry, artwork, shiny_artwork)
VALUES ('swablu', True, 319, 4, 12, https://raw.githubusercontent.com/PokeAPI/cries/main/cries/pokemon/legacy/333.ogg, https://raw.githubusercontent.com/PokeAPI/cries/main/cries/pokemon/latest/333.ogg, https://raw.githubusercontent.com/PokeAPI/sprites/master/sprites/pokemon/other/official-artwork/333.png, https://raw.githubusercontent.com/PokeAPI/sprites/master/sprites/pokemon/other/official-artwork/shiny/333.png);
INSERT INTO pokemon.base_stats (base_hp, base_attack, base_defense, base_special_attack, base_special_defense, base_speed, fk_generation, fk_form)
VALUES (45, 40, 60, 40, 75, 50, 3, 420);
INSERT INTO pokemon.form_has_type_per_generation (fk_form, fk_type, fk_generation, is_primary)
VALUES (420, 1, 3, True);
INSERT INTO pokemon.form_has_type_per_generation (fk_form, fk_type, fk_generation, is_primary)
VALUES (420, 3, 3, False);

INSERT INTO pokemon.pokemon_species (name, pokedex_index, is_baby, is_legendary, is_mythical, evolves_from)
VALUES ('zangoose', 335, False, False, False, None);
INSERT INTO pokemon.form (name, is_default, fk_pokemon_species, height, weight, legacy_cry, latest_cry, artwork, shiny_artwork)
VALUES ('zangoose', True, 320, 13, 403, https://raw.githubusercontent.com/PokeAPI/cries/main/cries/pokemon/legacy/335.ogg, https://raw.githubusercontent.com/PokeAPI/cries/main/cries/pokemon/latest/335.ogg, https://raw.githubusercontent.com/PokeAPI/sprites/master/sprites/pokemon/other/official-artwork/335.png, https://raw.githubusercontent.com/PokeAPI/sprites/master/sprites/pokemon/other/official-artwork/shiny/335.png);
INSERT INTO pokemon.base_stats (base_hp, base_attack, base_defense, base_special_attack, base_special_defense, base_speed, fk_generation, fk_form)
VALUES (73, 115, 60, 60, 60, 90, 3, 421);
INSERT INTO pokemon.form_has_type_per_generation (fk_form, fk_type, fk_generation, is_primary)
VALUES (421, 1, 3, True);

INSERT INTO pokemon.pokemon_species (name, pokedex_index, is_baby, is_legendary, is_mythical, evolves_from)
VALUES ('seviper', 336, False, False, False, None);
INSERT INTO pokemon.form (name, is_default, fk_pokemon_species, height, weight, legacy_cry, latest_cry, artwork, shiny_artwork)
VALUES ('seviper', True, 321, 27, 525, https://raw.githubusercontent.com/PokeAPI/cries/main/cries/pokemon/legacy/336.ogg, https://raw.githubusercontent.com/PokeAPI/cries/main/cries/pokemon/latest/336.ogg, https://raw.githubusercontent.com/PokeAPI/sprites/master/sprites/pokemon/other/official-artwork/336.png, https://raw.githubusercontent.com/PokeAPI/sprites/master/sprites/pokemon/other/official-artwork/shiny/336.png);
INSERT INTO pokemon.base_stats (base_hp, base_attack, base_defense, base_special_attack, base_special_defense, base_speed, fk_generation, fk_form)
VALUES (73, 100, 60, 100, 60, 65, 3, 422);
INSERT INTO pokemon.form_has_type_per_generation (fk_form, fk_type, fk_generation, is_primary)
VALUES (422, 4, 3, True);

INSERT INTO pokemon.pokemon_species (name, pokedex_index, is_baby, is_legendary, is_mythical, evolves_from)
VALUES ('lunatone', 337, False, False, False, None);
INSERT INTO pokemon.form (name, is_default, fk_pokemon_species, height, weight, legacy_cry, latest_cry, artwork, shiny_artwork)
VALUES ('lunatone', True, 322, 10, 1680, https://raw.githubusercontent.com/PokeAPI/cries/main/cries/pokemon/legacy/337.ogg, https://raw.githubusercontent.com/PokeAPI/cries/main/cries/pokemon/latest/337.ogg, https://raw.githubusercontent.com/PokeAPI/sprites/master/sprites/pokemon/other/official-artwork/337.png, https://raw.githubusercontent.com/PokeAPI/sprites/master/sprites/pokemon/other/official-artwork/shiny/337.png);
INSERT INTO pokemon.base_stats (base_hp, base_attack, base_defense, base_special_attack, base_special_defense, base_speed, fk_generation, fk_form)
VALUES (90, 55, 65, 95, 85, 70, 3, 423);
INSERT INTO pokemon.form_has_type_per_generation (fk_form, fk_type, fk_generation, is_primary)
VALUES (423, 6, 3, True);
INSERT INTO pokemon.form_has_type_per_generation (fk_form, fk_type, fk_generation, is_primary)
VALUES (423, 14, 3, False);

INSERT INTO pokemon.pokemon_species (name, pokedex_index, is_baby, is_legendary, is_mythical, evolves_from)
VALUES ('solrock', 338, False, False, False, None);
INSERT INTO pokemon.form (name, is_default, fk_pokemon_species, height, weight, legacy_cry, latest_cry, artwork, shiny_artwork)
VALUES ('solrock', True, 323, 12, 1540, https://raw.githubusercontent.com/PokeAPI/cries/main/cries/pokemon/legacy/338.ogg, https://raw.githubusercontent.com/PokeAPI/cries/main/cries/pokemon/latest/338.ogg, https://raw.githubusercontent.com/PokeAPI/sprites/master/sprites/pokemon/other/official-artwork/338.png, https://raw.githubusercontent.com/PokeAPI/sprites/master/sprites/pokemon/other/official-artwork/shiny/338.png);
INSERT INTO pokemon.base_stats (base_hp, base_attack, base_defense, base_special_attack, base_special_defense, base_speed, fk_generation, fk_form)
VALUES (90, 95, 85, 55, 65, 70, 3, 424);
INSERT INTO pokemon.form_has_type_per_generation (fk_form, fk_type, fk_generation, is_primary)
VALUES (424, 6, 3, True);
INSERT INTO pokemon.form_has_type_per_generation (fk_form, fk_type, fk_generation, is_primary)
VALUES (424, 14, 3, False);

INSERT INTO pokemon.pokemon_species (name, pokedex_index, is_baby, is_legendary, is_mythical, evolves_from)
VALUES ('barboach', 339, False, False, False, None);
INSERT INTO pokemon.form (name, is_default, fk_pokemon_species, height, weight, legacy_cry, latest_cry, artwork, shiny_artwork)
VALUES ('barboach', True, 324, 4, 19, https://raw.githubusercontent.com/PokeAPI/cries/main/cries/pokemon/legacy/339.ogg, https://raw.githubusercontent.com/PokeAPI/cries/main/cries/pokemon/latest/339.ogg, https://raw.githubusercontent.com/PokeAPI/sprites/master/sprites/pokemon/other/official-artwork/339.png, https://raw.githubusercontent.com/PokeAPI/sprites/master/sprites/pokemon/other/official-artwork/shiny/339.png);
INSERT INTO pokemon.base_stats (base_hp, base_attack, base_defense, base_special_attack, base_special_defense, base_speed, fk_generation, fk_form)
VALUES (50, 48, 43, 46, 41, 60, 3, 425);
INSERT INTO pokemon.form_has_type_per_generation (fk_form, fk_type, fk_generation, is_primary)
VALUES (425, 11, 3, True);
INSERT INTO pokemon.form_has_type_per_generation (fk_form, fk_type, fk_generation, is_primary)
VALUES (425, 5, 3, False);

INSERT INTO pokemon.pokemon_species (name, pokedex_index, is_baby, is_legendary, is_mythical, evolves_from)
VALUES ('corphish', 341, False, False, False, None);
INSERT INTO pokemon.form (name, is_default, fk_pokemon_species, height, weight, legacy_cry, latest_cry, artwork, shiny_artwork)
VALUES ('corphish', True, 325, 6, 115, https://raw.githubusercontent.com/PokeAPI/cries/main/cries/pokemon/legacy/341.ogg, https://raw.githubusercontent.com/PokeAPI/cries/main/cries/pokemon/latest/341.ogg, https://raw.githubusercontent.com/PokeAPI/sprites/master/sprites/pokemon/other/official-artwork/341.png, https://raw.githubusercontent.com/PokeAPI/sprites/master/sprites/pokemon/other/official-artwork/shiny/341.png);
INSERT INTO pokemon.base_stats (base_hp, base_attack, base_defense, base_special_attack, base_special_defense, base_speed, fk_generation, fk_form)
VALUES (43, 80, 65, 50, 35, 35, 3, 426);
INSERT INTO pokemon.form_has_type_per_generation (fk_form, fk_type, fk_generation, is_primary)
VALUES (426, 11, 3, True);

INSERT INTO pokemon.pokemon_species (name, pokedex_index, is_baby, is_legendary, is_mythical, evolves_from)
VALUES ('baltoy', 343, False, False, False, None);
INSERT INTO pokemon.form (name, is_default, fk_pokemon_species, height, weight, legacy_cry, latest_cry, artwork, shiny_artwork)
VALUES ('baltoy', True, 326, 5, 215, https://raw.githubusercontent.com/PokeAPI/cries/main/cries/pokemon/legacy/343.ogg, https://raw.githubusercontent.com/PokeAPI/cries/main/cries/pokemon/latest/343.ogg, https://raw.githubusercontent.com/PokeAPI/sprites/master/sprites/pokemon/other/official-artwork/343.png, https://raw.githubusercontent.com/PokeAPI/sprites/master/sprites/pokemon/other/official-artwork/shiny/343.png);
INSERT INTO pokemon.base_stats (base_hp, base_attack, base_defense, base_special_attack, base_special_defense, base_speed, fk_generation, fk_form)
VALUES (40, 40, 55, 40, 70, 55, 3, 427);
INSERT INTO pokemon.form_has_type_per_generation (fk_form, fk_type, fk_generation, is_primary)
VALUES (427, 5, 3, True);
INSERT INTO pokemon.form_has_type_per_generation (fk_form, fk_type, fk_generation, is_primary)
VALUES (427, 14, 3, False);

INSERT INTO pokemon.pokemon_species (name, pokedex_index, is_baby, is_legendary, is_mythical, evolves_from)
VALUES ('lileep', 345, False, False, False, None);
INSERT INTO pokemon.form (name, is_default, fk_pokemon_species, height, weight, legacy_cry, latest_cry, artwork, shiny_artwork)
VALUES ('lileep', True, 327, 10, 238, https://raw.githubusercontent.com/PokeAPI/cries/main/cries/pokemon/legacy/345.ogg, https://raw.githubusercontent.com/PokeAPI/cries/main/cries/pokemon/latest/345.ogg, https://raw.githubusercontent.com/PokeAPI/sprites/master/sprites/pokemon/other/official-artwork/345.png, https://raw.githubusercontent.com/PokeAPI/sprites/master/sprites/pokemon/other/official-artwork/shiny/345.png);
INSERT INTO pokemon.base_stats (base_hp, base_attack, base_defense, base_special_attack, base_special_defense, base_speed, fk_generation, fk_form)
VALUES (66, 41, 77, 61, 87, 23, 3, 428);
INSERT INTO pokemon.form_has_type_per_generation (fk_form, fk_type, fk_generation, is_primary)
VALUES (428, 6, 3, True);
INSERT INTO pokemon.form_has_type_per_generation (fk_form, fk_type, fk_generation, is_primary)
VALUES (428, 12, 3, False);

INSERT INTO pokemon.pokemon_species (name, pokedex_index, is_baby, is_legendary, is_mythical, evolves_from)
VALUES ('anorith', 347, False, False, False, None);
INSERT INTO pokemon.form (name, is_default, fk_pokemon_species, height, weight, legacy_cry, latest_cry, artwork, shiny_artwork)
VALUES ('anorith', True, 328, 7, 125, https://raw.githubusercontent.com/PokeAPI/cries/main/cries/pokemon/legacy/347.ogg, https://raw.githubusercontent.com/PokeAPI/cries/main/cries/pokemon/latest/347.ogg, https://raw.githubusercontent.com/PokeAPI/sprites/master/sprites/pokemon/other/official-artwork/347.png, https://raw.githubusercontent.com/PokeAPI/sprites/master/sprites/pokemon/other/official-artwork/shiny/347.png);
INSERT INTO pokemon.base_stats (base_hp, base_attack, base_defense, base_special_attack, base_special_defense, base_speed, fk_generation, fk_form)
VALUES (45, 95, 50, 40, 50, 75, 3, 429);
INSERT INTO pokemon.form_has_type_per_generation (fk_form, fk_type, fk_generation, is_primary)
VALUES (429, 6, 3, True);
INSERT INTO pokemon.form_has_type_per_generation (fk_form, fk_type, fk_generation, is_primary)
VALUES (429, 7, 3, False);

INSERT INTO pokemon.pokemon_species (name, pokedex_index, is_baby, is_legendary, is_mythical, evolves_from)
VALUES ('feebas', 349, False, False, False, None);
INSERT INTO pokemon.form (name, is_default, fk_pokemon_species, height, weight, legacy_cry, latest_cry, artwork, shiny_artwork)
VALUES ('feebas', True, 329, 6, 74, https://raw.githubusercontent.com/PokeAPI/cries/main/cries/pokemon/legacy/349.ogg, https://raw.githubusercontent.com/PokeAPI/cries/main/cries/pokemon/latest/349.ogg, https://raw.githubusercontent.com/PokeAPI/sprites/master/sprites/pokemon/other/official-artwork/349.png, https://raw.githubusercontent.com/PokeAPI/sprites/master/sprites/pokemon/other/official-artwork/shiny/349.png);
INSERT INTO pokemon.base_stats (base_hp, base_attack, base_defense, base_special_attack, base_special_defense, base_speed, fk_generation, fk_form)
VALUES (20, 15, 20, 10, 55, 80, 3, 430);
INSERT INTO pokemon.form_has_type_per_generation (fk_form, fk_type, fk_generation, is_primary)
VALUES (430, 11, 3, True);

INSERT INTO pokemon.pokemon_species (name, pokedex_index, is_baby, is_legendary, is_mythical, evolves_from)
VALUES ('castform', 351, False, False, False, None);
INSERT INTO pokemon.form (name, is_default, fk_pokemon_species, height, weight, legacy_cry, latest_cry, artwork, shiny_artwork)
VALUES ('castform', True, 330, 3, 8, https://raw.githubusercontent.com/PokeAPI/cries/main/cries/pokemon/legacy/351.ogg, https://raw.githubusercontent.com/PokeAPI/cries/main/cries/pokemon/latest/351.ogg, https://raw.githubusercontent.com/PokeAPI/sprites/master/sprites/pokemon/other/official-artwork/351.png, https://raw.githubusercontent.com/PokeAPI/sprites/master/sprites/pokemon/other/official-artwork/shiny/351.png);
INSERT INTO pokemon.base_stats (base_hp, base_attack, base_defense, base_special_attack, base_special_defense, base_speed, fk_generation, fk_form)
VALUES (70, 70, 70, 70, 70, 70, 3, 431);
INSERT INTO pokemon.form_has_type_per_generation (fk_form, fk_type, fk_generation, is_primary)
VALUES (431, 1, 3, True);

INSERT INTO pokemon.form (name, is_default, fk_pokemon_species, height, weight, legacy_cry, latest_cry, artwork, shiny_artwork)
VALUES ('castform-sunny', False, 330, 3, 8, None, https://raw.githubusercontent.com/PokeAPI/cries/main/cries/pokemon/latest/10013.ogg, https://raw.githubusercontent.com/PokeAPI/sprites/master/sprites/pokemon/other/official-artwork/10013.png, https://raw.githubusercontent.com/PokeAPI/sprites/master/sprites/pokemon/other/official-artwork/shiny/10013.png);
INSERT INTO pokemon.base_stats (base_hp, base_attack, base_defense, base_special_attack, base_special_defense, base_speed, fk_generation, fk_form)
VALUES (70, 70, 70, 70, 70, 70, 3, 432);
INSERT INTO pokemon.form_has_type_per_generation (fk_form, fk_type, fk_generation, is_primary)
VALUES (432, 10, 3, True);

INSERT INTO pokemon.form (name, is_default, fk_pokemon_species, height, weight, legacy_cry, latest_cry, artwork, shiny_artwork)
VALUES ('castform-rainy', False, 330, 3, 8, None, https://raw.githubusercontent.com/PokeAPI/cries/main/cries/pokemon/latest/10014.ogg, https://raw.githubusercontent.com/PokeAPI/sprites/master/sprites/pokemon/other/official-artwork/10014.png, https://raw.githubusercontent.com/PokeAPI/sprites/master/sprites/pokemon/other/official-artwork/shiny/10014.png);
INSERT INTO pokemon.base_stats (base_hp, base_attack, base_defense, base_special_attack, base_special_defense, base_speed, fk_generation, fk_form)
VALUES (70, 70, 70, 70, 70, 70, 3, 433);
INSERT INTO pokemon.form_has_type_per_generation (fk_form, fk_type, fk_generation, is_primary)
VALUES (433, 11, 3, True);

INSERT INTO pokemon.form (name, is_default, fk_pokemon_species, height, weight, legacy_cry, latest_cry, artwork, shiny_artwork)
VALUES ('castform-snowy', False, 330, 3, 8, None, https://raw.githubusercontent.com/PokeAPI/cries/main/cries/pokemon/latest/10015.ogg, https://raw.githubusercontent.com/PokeAPI/sprites/master/sprites/pokemon/other/official-artwork/10015.png, https://raw.githubusercontent.com/PokeAPI/sprites/master/sprites/pokemon/other/official-artwork/shiny/10015.png);
INSERT INTO pokemon.base_stats (base_hp, base_attack, base_defense, base_special_attack, base_special_defense, base_speed, fk_generation, fk_form)
VALUES (70, 70, 70, 70, 70, 70, 3, 434);
INSERT INTO pokemon.form_has_type_per_generation (fk_form, fk_type, fk_generation, is_primary)
VALUES (434, 15, 3, True);

INSERT INTO pokemon.pokemon_species (name, pokedex_index, is_baby, is_legendary, is_mythical, evolves_from)
VALUES ('kecleon', 352, False, False, False, None);
INSERT INTO pokemon.form (name, is_default, fk_pokemon_species, height, weight, legacy_cry, latest_cry, artwork, shiny_artwork)
VALUES ('kecleon', True, 331, 10, 220, https://raw.githubusercontent.com/PokeAPI/cries/main/cries/pokemon/legacy/352.ogg, https://raw.githubusercontent.com/PokeAPI/cries/main/cries/pokemon/latest/352.ogg, https://raw.githubusercontent.com/PokeAPI/sprites/master/sprites/pokemon/other/official-artwork/352.png, https://raw.githubusercontent.com/PokeAPI/sprites/master/sprites/pokemon/other/official-artwork/shiny/352.png);
INSERT INTO pokemon.base_stats (base_hp, base_attack, base_defense, base_special_attack, base_special_defense, base_speed, fk_generation, fk_form)
VALUES (60, 90, 70, 60, 120, 40, 3, 435);
INSERT INTO pokemon.form_has_type_per_generation (fk_form, fk_type, fk_generation, is_primary)
VALUES (435, 1, 3, True);

INSERT INTO pokemon.pokemon_species (name, pokedex_index, is_baby, is_legendary, is_mythical, evolves_from)
VALUES ('shuppet', 353, False, False, False, None);
INSERT INTO pokemon.form (name, is_default, fk_pokemon_species, height, weight, legacy_cry, latest_cry, artwork, shiny_artwork)
VALUES ('shuppet', True, 332, 6, 23, https://raw.githubusercontent.com/PokeAPI/cries/main/cries/pokemon/legacy/353.ogg, https://raw.githubusercontent.com/PokeAPI/cries/main/cries/pokemon/latest/353.ogg, https://raw.githubusercontent.com/PokeAPI/sprites/master/sprites/pokemon/other/official-artwork/353.png, https://raw.githubusercontent.com/PokeAPI/sprites/master/sprites/pokemon/other/official-artwork/shiny/353.png);
INSERT INTO pokemon.base_stats (base_hp, base_attack, base_defense, base_special_attack, base_special_defense, base_speed, fk_generation, fk_form)
VALUES (44, 75, 35, 63, 33, 45, 3, 436);
INSERT INTO pokemon.form_has_type_per_generation (fk_form, fk_type, fk_generation, is_primary)
VALUES (436, 8, 3, True);

INSERT INTO pokemon.pokemon_species (name, pokedex_index, is_baby, is_legendary, is_mythical, evolves_from)
VALUES ('duskull', 355, False, False, False, None);
INSERT INTO pokemon.form (name, is_default, fk_pokemon_species, height, weight, legacy_cry, latest_cry, artwork, shiny_artwork)
VALUES ('duskull', True, 333, 8, 150, https://raw.githubusercontent.com/PokeAPI/cries/main/cries/pokemon/legacy/355.ogg, https://raw.githubusercontent.com/PokeAPI/cries/main/cries/pokemon/latest/355.ogg, https://raw.githubusercontent.com/PokeAPI/sprites/master/sprites/pokemon/other/official-artwork/355.png, https://raw.githubusercontent.com/PokeAPI/sprites/master/sprites/pokemon/other/official-artwork/shiny/355.png);
INSERT INTO pokemon.base_stats (base_hp, base_attack, base_defense, base_special_attack, base_special_defense, base_speed, fk_generation, fk_form)
VALUES (20, 40, 90, 30, 90, 25, 3, 437);
INSERT INTO pokemon.form_has_type_per_generation (fk_form, fk_type, fk_generation, is_primary)
VALUES (437, 8, 3, True);

INSERT INTO pokemon.pokemon_species (name, pokedex_index, is_baby, is_legendary, is_mythical, evolves_from)
VALUES ('tropius', 357, False, False, False, None);
INSERT INTO pokemon.form (name, is_default, fk_pokemon_species, height, weight, legacy_cry, latest_cry, artwork, shiny_artwork)
VALUES ('tropius', True, 334, 20, 1000, https://raw.githubusercontent.com/PokeAPI/cries/main/cries/pokemon/legacy/357.ogg, https://raw.githubusercontent.com/PokeAPI/cries/main/cries/pokemon/latest/357.ogg, https://raw.githubusercontent.com/PokeAPI/sprites/master/sprites/pokemon/other/official-artwork/357.png, https://raw.githubusercontent.com/PokeAPI/sprites/master/sprites/pokemon/other/official-artwork/shiny/357.png);
INSERT INTO pokemon.base_stats (base_hp, base_attack, base_defense, base_special_attack, base_special_defense, base_speed, fk_generation, fk_form)
VALUES (99, 68, 83, 72, 87, 51, 3, 438);
INSERT INTO pokemon.form_has_type_per_generation (fk_form, fk_type, fk_generation, is_primary)
VALUES (438, 12, 3, True);
INSERT INTO pokemon.form_has_type_per_generation (fk_form, fk_type, fk_generation, is_primary)
VALUES (438, 3, 3, False);

INSERT INTO pokemon.pokemon_species (name, pokedex_index, is_baby, is_legendary, is_mythical, evolves_from)
VALUES ('absol', 359, False, False, False, None);
INSERT INTO pokemon.form (name, is_default, fk_pokemon_species, height, weight, legacy_cry, latest_cry, artwork, shiny_artwork)
VALUES ('absol', True, 335, 12, 470, https://raw.githubusercontent.com/PokeAPI/cries/main/cries/pokemon/legacy/359.ogg, https://raw.githubusercontent.com/PokeAPI/cries/main/cries/pokemon/latest/359.ogg, https://raw.githubusercontent.com/PokeAPI/sprites/master/sprites/pokemon/other/official-artwork/359.png, https://raw.githubusercontent.com/PokeAPI/sprites/master/sprites/pokemon/other/official-artwork/shiny/359.png);
INSERT INTO pokemon.base_stats (base_hp, base_attack, base_defense, base_special_attack, base_special_defense, base_speed, fk_generation, fk_form)
VALUES (65, 130, 60, 75, 60, 75, 3, 439);
INSERT INTO pokemon.form_has_type_per_generation (fk_form, fk_type, fk_generation, is_primary)
VALUES (439, 17, 3, True);

INSERT INTO pokemon.form (name, is_default, fk_pokemon_species, height, weight, legacy_cry, latest_cry, artwork, shiny_artwork)
VALUES ('absol-mega', False, 335, 12, 490, None, https://raw.githubusercontent.com/PokeAPI/cries/main/cries/pokemon/latest/10057.ogg, https://raw.githubusercontent.com/PokeAPI/sprites/master/sprites/pokemon/other/official-artwork/10057.png, https://raw.githubusercontent.com/PokeAPI/sprites/master/sprites/pokemon/other/official-artwork/shiny/10057.png);
INSERT INTO pokemon.base_stats (base_hp, base_attack, base_defense, base_special_attack, base_special_defense, base_speed, fk_generation, fk_form)
VALUES (65, 150, 60, 115, 60, 115, 6, 440);
INSERT INTO pokemon.form_has_type_per_generation (fk_form, fk_type, fk_generation, is_primary)
VALUES (440, 17, 6, True);

INSERT INTO pokemon.pokemon_species (name, pokedex_index, is_baby, is_legendary, is_mythical, evolves_from)
VALUES ('wynaut', 360, True, False, False, None);
INSERT INTO pokemon.form (name, is_default, fk_pokemon_species, height, weight, legacy_cry, latest_cry, artwork, shiny_artwork)
VALUES ('wynaut', True, 336, 6, 140, https://raw.githubusercontent.com/PokeAPI/cries/main/cries/pokemon/legacy/360.ogg, https://raw.githubusercontent.com/PokeAPI/cries/main/cries/pokemon/latest/360.ogg, https://raw.githubusercontent.com/PokeAPI/sprites/master/sprites/pokemon/other/official-artwork/360.png, https://raw.githubusercontent.com/PokeAPI/sprites/master/sprites/pokemon/other/official-artwork/shiny/360.png);
INSERT INTO pokemon.base_stats (base_hp, base_attack, base_defense, base_special_attack, base_special_defense, base_speed, fk_generation, fk_form)
VALUES (95, 23, 48, 23, 48, 23, 3, 441);
INSERT INTO pokemon.form_has_type_per_generation (fk_form, fk_type, fk_generation, is_primary)
VALUES (441, 14, 3, True);

INSERT INTO pokemon.pokemon_species (name, pokedex_index, is_baby, is_legendary, is_mythical, evolves_from)
VALUES ('snorunt', 361, False, False, False, None);
INSERT INTO pokemon.form (name, is_default, fk_pokemon_species, height, weight, legacy_cry, latest_cry, artwork, shiny_artwork)
VALUES ('snorunt', True, 337, 7, 168, https://raw.githubusercontent.com/PokeAPI/cries/main/cries/pokemon/legacy/361.ogg, https://raw.githubusercontent.com/PokeAPI/cries/main/cries/pokemon/latest/361.ogg, https://raw.githubusercontent.com/PokeAPI/sprites/master/sprites/pokemon/other/official-artwork/361.png, https://raw.githubusercontent.com/PokeAPI/sprites/master/sprites/pokemon/other/official-artwork/shiny/361.png);
INSERT INTO pokemon.base_stats (base_hp, base_attack, base_defense, base_special_attack, base_special_defense, base_speed, fk_generation, fk_form)
VALUES (50, 50, 50, 50, 50, 50, 3, 442);
INSERT INTO pokemon.form_has_type_per_generation (fk_form, fk_type, fk_generation, is_primary)
VALUES (442, 15, 3, True);

INSERT INTO pokemon.pokemon_species (name, pokedex_index, is_baby, is_legendary, is_mythical, evolves_from)
VALUES ('spheal', 363, False, False, False, None);
INSERT INTO pokemon.form (name, is_default, fk_pokemon_species, height, weight, legacy_cry, latest_cry, artwork, shiny_artwork)
VALUES ('spheal', True, 338, 8, 395, https://raw.githubusercontent.com/PokeAPI/cries/main/cries/pokemon/legacy/363.ogg, https://raw.githubusercontent.com/PokeAPI/cries/main/cries/pokemon/latest/363.ogg, https://raw.githubusercontent.com/PokeAPI/sprites/master/sprites/pokemon/other/official-artwork/363.png, https://raw.githubusercontent.com/PokeAPI/sprites/master/sprites/pokemon/other/official-artwork/shiny/363.png);
INSERT INTO pokemon.base_stats (base_hp, base_attack, base_defense, base_special_attack, base_special_defense, base_speed, fk_generation, fk_form)
VALUES (70, 40, 50, 55, 50, 25, 3, 443);
INSERT INTO pokemon.form_has_type_per_generation (fk_form, fk_type, fk_generation, is_primary)
VALUES (443, 15, 3, True);
INSERT INTO pokemon.form_has_type_per_generation (fk_form, fk_type, fk_generation, is_primary)
VALUES (443, 11, 3, False);

INSERT INTO pokemon.pokemon_species (name, pokedex_index, is_baby, is_legendary, is_mythical, evolves_from)
VALUES ('clamperl', 366, False, False, False, None);
INSERT INTO pokemon.form (name, is_default, fk_pokemon_species, height, weight, legacy_cry, latest_cry, artwork, shiny_artwork)
VALUES ('clamperl', True, 339, 4, 525, https://raw.githubusercontent.com/PokeAPI/cries/main/cries/pokemon/legacy/366.ogg, https://raw.githubusercontent.com/PokeAPI/cries/main/cries/pokemon/latest/366.ogg, https://raw.githubusercontent.com/PokeAPI/sprites/master/sprites/pokemon/other/official-artwork/366.png, https://raw.githubusercontent.com/PokeAPI/sprites/master/sprites/pokemon/other/official-artwork/shiny/366.png);
INSERT INTO pokemon.base_stats (base_hp, base_attack, base_defense, base_special_attack, base_special_defense, base_speed, fk_generation, fk_form)
VALUES (35, 64, 85, 74, 55, 32, 3, 444);
INSERT INTO pokemon.form_has_type_per_generation (fk_form, fk_type, fk_generation, is_primary)
VALUES (444, 11, 3, True);

INSERT INTO pokemon.pokemon_species (name, pokedex_index, is_baby, is_legendary, is_mythical, evolves_from)
VALUES ('relicanth', 369, False, False, False, None);
INSERT INTO pokemon.form (name, is_default, fk_pokemon_species, height, weight, legacy_cry, latest_cry, artwork, shiny_artwork)
VALUES ('relicanth', True, 340, 10, 234, https://raw.githubusercontent.com/PokeAPI/cries/main/cries/pokemon/legacy/369.ogg, https://raw.githubusercontent.com/PokeAPI/cries/main/cries/pokemon/latest/369.ogg, https://raw.githubusercontent.com/PokeAPI/sprites/master/sprites/pokemon/other/official-artwork/369.png, https://raw.githubusercontent.com/PokeAPI/sprites/master/sprites/pokemon/other/official-artwork/shiny/369.png);
INSERT INTO pokemon.base_stats (base_hp, base_attack, base_defense, base_special_attack, base_special_defense, base_speed, fk_generation, fk_form)
VALUES (100, 90, 130, 45, 65, 55, 3, 445);
INSERT INTO pokemon.form_has_type_per_generation (fk_form, fk_type, fk_generation, is_primary)
VALUES (445, 11, 3, True);
INSERT INTO pokemon.form_has_type_per_generation (fk_form, fk_type, fk_generation, is_primary)
VALUES (445, 6, 3, False);

INSERT INTO pokemon.pokemon_species (name, pokedex_index, is_baby, is_legendary, is_mythical, evolves_from)
VALUES ('luvdisc', 370, False, False, False, None);
INSERT INTO pokemon.form (name, is_default, fk_pokemon_species, height, weight, legacy_cry, latest_cry, artwork, shiny_artwork)
VALUES ('luvdisc', True, 341, 6, 87, https://raw.githubusercontent.com/PokeAPI/cries/main/cries/pokemon/legacy/370.ogg, https://raw.githubusercontent.com/PokeAPI/cries/main/cries/pokemon/latest/370.ogg, https://raw.githubusercontent.com/PokeAPI/sprites/master/sprites/pokemon/other/official-artwork/370.png, https://raw.githubusercontent.com/PokeAPI/sprites/master/sprites/pokemon/other/official-artwork/shiny/370.png);
INSERT INTO pokemon.base_stats (base_hp, base_attack, base_defense, base_special_attack, base_special_defense, base_speed, fk_generation, fk_form)
VALUES (43, 30, 55, 40, 65, 97, 3, 446);
INSERT INTO pokemon.form_has_type_per_generation (fk_form, fk_type, fk_generation, is_primary)
VALUES (446, 11, 3, True);

INSERT INTO pokemon.pokemon_species (name, pokedex_index, is_baby, is_legendary, is_mythical, evolves_from)
VALUES ('bagon', 371, False, False, False, None);
INSERT INTO pokemon.form (name, is_default, fk_pokemon_species, height, weight, legacy_cry, latest_cry, artwork, shiny_artwork)
VALUES ('bagon', True, 342, 6, 421, https://raw.githubusercontent.com/PokeAPI/cries/main/cries/pokemon/legacy/371.ogg, https://raw.githubusercontent.com/PokeAPI/cries/main/cries/pokemon/latest/371.ogg, https://raw.githubusercontent.com/PokeAPI/sprites/master/sprites/pokemon/other/official-artwork/371.png, https://raw.githubusercontent.com/PokeAPI/sprites/master/sprites/pokemon/other/official-artwork/shiny/371.png);
INSERT INTO pokemon.base_stats (base_hp, base_attack, base_defense, base_special_attack, base_special_defense, base_speed, fk_generation, fk_form)
VALUES (45, 75, 60, 40, 30, 50, 3, 447);
INSERT INTO pokemon.form_has_type_per_generation (fk_form, fk_type, fk_generation, is_primary)
VALUES (447, 16, 3, True);

INSERT INTO pokemon.pokemon_species (name, pokedex_index, is_baby, is_legendary, is_mythical, evolves_from)
VALUES ('beldum', 374, False, False, False, None);
INSERT INTO pokemon.form (name, is_default, fk_pokemon_species, height, weight, legacy_cry, latest_cry, artwork, shiny_artwork)
VALUES ('beldum', True, 343, 6, 952, https://raw.githubusercontent.com/PokeAPI/cries/main/cries/pokemon/legacy/374.ogg, https://raw.githubusercontent.com/PokeAPI/cries/main/cries/pokemon/latest/374.ogg, https://raw.githubusercontent.com/PokeAPI/sprites/master/sprites/pokemon/other/official-artwork/374.png, https://raw.githubusercontent.com/PokeAPI/sprites/master/sprites/pokemon/other/official-artwork/shiny/374.png);
INSERT INTO pokemon.base_stats (base_hp, base_attack, base_defense, base_special_attack, base_special_defense, base_speed, fk_generation, fk_form)
VALUES (40, 55, 80, 35, 60, 30, 3, 448);
INSERT INTO pokemon.form_has_type_per_generation (fk_form, fk_type, fk_generation, is_primary)
VALUES (448, 9, 3, True);
INSERT INTO pokemon.form_has_type_per_generation (fk_form, fk_type, fk_generation, is_primary)
VALUES (448, 14, 3, False);

INSERT INTO pokemon.pokemon_species (name, pokedex_index, is_baby, is_legendary, is_mythical, evolves_from)
VALUES ('lairon', 305, False, False, False, aron);
INSERT INTO pokemon.form (name, is_default, fk_pokemon_species, height, weight, legacy_cry, latest_cry, artwork, shiny_artwork)
VALUES ('lairon', True, 344, 9, 1200, https://raw.githubusercontent.com/PokeAPI/cries/main/cries/pokemon/legacy/305.ogg, https://raw.githubusercontent.com/PokeAPI/cries/main/cries/pokemon/latest/305.ogg, https://raw.githubusercontent.com/PokeAPI/sprites/master/sprites/pokemon/other/official-artwork/305.png, https://raw.githubusercontent.com/PokeAPI/sprites/master/sprites/pokemon/other/official-artwork/shiny/305.png);
INSERT INTO pokemon.base_stats (base_hp, base_attack, base_defense, base_special_attack, base_special_defense, base_speed, fk_generation, fk_form)
VALUES (60, 90, 140, 50, 50, 40, 3, 449);
INSERT INTO pokemon.form_has_type_per_generation (fk_form, fk_type, fk_generation, is_primary)
VALUES (449, 9, 3, True);
INSERT INTO pokemon.form_has_type_per_generation (fk_form, fk_type, fk_generation, is_primary)
VALUES (449, 6, 3, False);

INSERT INTO pokemon.pokemon_species (name, pokedex_index, is_baby, is_legendary, is_mythical, evolves_from)
VALUES ('aggron', 306, False, False, False, lairon);
INSERT INTO pokemon.form (name, is_default, fk_pokemon_species, height, weight, legacy_cry, latest_cry, artwork, shiny_artwork)
VALUES ('aggron', True, 345, 21, 3600, https://raw.githubusercontent.com/PokeAPI/cries/main/cries/pokemon/legacy/306.ogg, https://raw.githubusercontent.com/PokeAPI/cries/main/cries/pokemon/latest/306.ogg, https://raw.githubusercontent.com/PokeAPI/sprites/master/sprites/pokemon/other/official-artwork/306.png, https://raw.githubusercontent.com/PokeAPI/sprites/master/sprites/pokemon/other/official-artwork/shiny/306.png);
INSERT INTO pokemon.base_stats (base_hp, base_attack, base_defense, base_special_attack, base_special_defense, base_speed, fk_generation, fk_form)
VALUES (70, 110, 180, 60, 60, 50, 3, 450);
INSERT INTO pokemon.form_has_type_per_generation (fk_form, fk_type, fk_generation, is_primary)
VALUES (450, 9, 3, True);
INSERT INTO pokemon.form_has_type_per_generation (fk_form, fk_type, fk_generation, is_primary)
VALUES (450, 6, 3, False);

INSERT INTO pokemon.form (name, is_default, fk_pokemon_species, height, weight, legacy_cry, latest_cry, artwork, shiny_artwork)
VALUES ('aggron-mega', False, 345, 22, 3950, None, https://raw.githubusercontent.com/PokeAPI/cries/main/cries/pokemon/latest/10053.ogg, https://raw.githubusercontent.com/PokeAPI/sprites/master/sprites/pokemon/other/official-artwork/10053.png, https://raw.githubusercontent.com/PokeAPI/sprites/master/sprites/pokemon/other/official-artwork/shiny/10053.png);
INSERT INTO pokemon.base_stats (base_hp, base_attack, base_defense, base_special_attack, base_special_defense, base_speed, fk_generation, fk_form)
VALUES (70, 140, 230, 60, 80, 50, 6, 451);
INSERT INTO pokemon.form_has_type_per_generation (fk_form, fk_type, fk_generation, is_primary)
VALUES (451, 9, 6, True);

INSERT INTO pokemon.pokemon_species (name, pokedex_index, is_baby, is_legendary, is_mythical, evolves_from)
VALUES ('medicham', 308, False, False, False, meditite);
INSERT INTO pokemon.form (name, is_default, fk_pokemon_species, height, weight, legacy_cry, latest_cry, artwork, shiny_artwork)
VALUES ('medicham', True, 346, 13, 315, https://raw.githubusercontent.com/PokeAPI/cries/main/cries/pokemon/legacy/308.ogg, https://raw.githubusercontent.com/PokeAPI/cries/main/cries/pokemon/latest/308.ogg, https://raw.githubusercontent.com/PokeAPI/sprites/master/sprites/pokemon/other/official-artwork/308.png, https://raw.githubusercontent.com/PokeAPI/sprites/master/sprites/pokemon/other/official-artwork/shiny/308.png);
INSERT INTO pokemon.base_stats (base_hp, base_attack, base_defense, base_special_attack, base_special_defense, base_speed, fk_generation, fk_form)
VALUES (60, 60, 75, 60, 75, 80, 3, 452);
INSERT INTO pokemon.form_has_type_per_generation (fk_form, fk_type, fk_generation, is_primary)
VALUES (452, 2, 3, True);
INSERT INTO pokemon.form_has_type_per_generation (fk_form, fk_type, fk_generation, is_primary)
VALUES (452, 14, 3, False);

INSERT INTO pokemon.form (name, is_default, fk_pokemon_species, height, weight, legacy_cry, latest_cry, artwork, shiny_artwork)
VALUES ('medicham-mega', False, 346, 13, 315, None, https://raw.githubusercontent.com/PokeAPI/cries/main/cries/pokemon/latest/10054.ogg, https://raw.githubusercontent.com/PokeAPI/sprites/master/sprites/pokemon/other/official-artwork/10054.png, https://raw.githubusercontent.com/PokeAPI/sprites/master/sprites/pokemon/other/official-artwork/shiny/10054.png);
INSERT INTO pokemon.base_stats (base_hp, base_attack, base_defense, base_special_attack, base_special_defense, base_speed, fk_generation, fk_form)
VALUES (60, 100, 85, 80, 85, 100, 6, 453);
INSERT INTO pokemon.form_has_type_per_generation (fk_form, fk_type, fk_generation, is_primary)
VALUES (453, 2, 6, True);
INSERT INTO pokemon.form_has_type_per_generation (fk_form, fk_type, fk_generation, is_primary)
VALUES (453, 14, 6, False);

INSERT INTO pokemon.pokemon_species (name, pokedex_index, is_baby, is_legendary, is_mythical, evolves_from)
VALUES ('manectric', 310, False, False, False, electrike);
INSERT INTO pokemon.form (name, is_default, fk_pokemon_species, height, weight, legacy_cry, latest_cry, artwork, shiny_artwork)
VALUES ('manectric', True, 347, 15, 402, https://raw.githubusercontent.com/PokeAPI/cries/main/cries/pokemon/legacy/310.ogg, https://raw.githubusercontent.com/PokeAPI/cries/main/cries/pokemon/latest/310.ogg, https://raw.githubusercontent.com/PokeAPI/sprites/master/sprites/pokemon/other/official-artwork/310.png, https://raw.githubusercontent.com/PokeAPI/sprites/master/sprites/pokemon/other/official-artwork/shiny/310.png);
INSERT INTO pokemon.base_stats (base_hp, base_attack, base_defense, base_special_attack, base_special_defense, base_speed, fk_generation, fk_form)
VALUES (70, 75, 60, 105, 60, 105, 3, 454);
INSERT INTO pokemon.form_has_type_per_generation (fk_form, fk_type, fk_generation, is_primary)
VALUES (454, 13, 3, True);

INSERT INTO pokemon.form (name, is_default, fk_pokemon_species, height, weight, legacy_cry, latest_cry, artwork, shiny_artwork)
VALUES ('manectric-mega', False, 347, 18, 440, None, https://raw.githubusercontent.com/PokeAPI/cries/main/cries/pokemon/latest/10055.ogg, https://raw.githubusercontent.com/PokeAPI/sprites/master/sprites/pokemon/other/official-artwork/10055.png, https://raw.githubusercontent.com/PokeAPI/sprites/master/sprites/pokemon/other/official-artwork/shiny/10055.png);
INSERT INTO pokemon.base_stats (base_hp, base_attack, base_defense, base_special_attack, base_special_defense, base_speed, fk_generation, fk_form)
VALUES (70, 75, 80, 135, 80, 135, 6, 455);
INSERT INTO pokemon.form_has_type_per_generation (fk_form, fk_type, fk_generation, is_primary)
VALUES (455, 13, 6, True);

INSERT INTO pokemon.pokemon_species (name, pokedex_index, is_baby, is_legendary, is_mythical, evolves_from)
VALUES ('roselia', 315, False, False, False, budew);
INSERT INTO pokemon.form (name, is_default, fk_pokemon_species, height, weight, legacy_cry, latest_cry, artwork, shiny_artwork)
VALUES ('roselia', True, 348, 3, 20, https://raw.githubusercontent.com/PokeAPI/cries/main/cries/pokemon/legacy/315.ogg, https://raw.githubusercontent.com/PokeAPI/cries/main/cries/pokemon/latest/315.ogg, https://raw.githubusercontent.com/PokeAPI/sprites/master/sprites/pokemon/other/official-artwork/315.png, https://raw.githubusercontent.com/PokeAPI/sprites/master/sprites/pokemon/other/official-artwork/shiny/315.png);
INSERT INTO pokemon.base_stats (base_hp, base_attack, base_defense, base_special_attack, base_special_defense, base_speed, fk_generation, fk_form)
VALUES (50, 60, 45, 100, 80, 65, 3, 456);
INSERT INTO pokemon.form_has_type_per_generation (fk_form, fk_type, fk_generation, is_primary)
VALUES (456, 12, 3, True);
INSERT INTO pokemon.form_has_type_per_generation (fk_form, fk_type, fk_generation, is_primary)
VALUES (456, 4, 3, False);

INSERT INTO pokemon.pokemon_species (name, pokedex_index, is_baby, is_legendary, is_mythical, evolves_from)
VALUES ('swalot', 317, False, False, False, gulpin);
INSERT INTO pokemon.form (name, is_default, fk_pokemon_species, height, weight, legacy_cry, latest_cry, artwork, shiny_artwork)
VALUES ('swalot', True, 349, 17, 800, https://raw.githubusercontent.com/PokeAPI/cries/main/cries/pokemon/legacy/317.ogg, https://raw.githubusercontent.com/PokeAPI/cries/main/cries/pokemon/latest/317.ogg, https://raw.githubusercontent.com/PokeAPI/sprites/master/sprites/pokemon/other/official-artwork/317.png, https://raw.githubusercontent.com/PokeAPI/sprites/master/sprites/pokemon/other/official-artwork/shiny/317.png);
INSERT INTO pokemon.base_stats (base_hp, base_attack, base_defense, base_special_attack, base_special_defense, base_speed, fk_generation, fk_form)
VALUES (100, 73, 83, 73, 83, 55, 3, 457);
INSERT INTO pokemon.form_has_type_per_generation (fk_form, fk_type, fk_generation, is_primary)
VALUES (457, 4, 3, True);

INSERT INTO pokemon.pokemon_species (name, pokedex_index, is_baby, is_legendary, is_mythical, evolves_from)
VALUES ('sharpedo', 319, False, False, False, carvanha);
INSERT INTO pokemon.form (name, is_default, fk_pokemon_species, height, weight, legacy_cry, latest_cry, artwork, shiny_artwork)
VALUES ('sharpedo', True, 350, 18, 888, https://raw.githubusercontent.com/PokeAPI/cries/main/cries/pokemon/legacy/319.ogg, https://raw.githubusercontent.com/PokeAPI/cries/main/cries/pokemon/latest/319.ogg, https://raw.githubusercontent.com/PokeAPI/sprites/master/sprites/pokemon/other/official-artwork/319.png, https://raw.githubusercontent.com/PokeAPI/sprites/master/sprites/pokemon/other/official-artwork/shiny/319.png);
INSERT INTO pokemon.base_stats (base_hp, base_attack, base_defense, base_special_attack, base_special_defense, base_speed, fk_generation, fk_form)
VALUES (70, 120, 40, 95, 40, 95, 3, 458);
INSERT INTO pokemon.form_has_type_per_generation (fk_form, fk_type, fk_generation, is_primary)
VALUES (458, 11, 3, True);
INSERT INTO pokemon.form_has_type_per_generation (fk_form, fk_type, fk_generation, is_primary)
VALUES (458, 17, 3, False);

INSERT INTO pokemon.form (name, is_default, fk_pokemon_species, height, weight, legacy_cry, latest_cry, artwork, shiny_artwork)
VALUES ('sharpedo-mega', False, 350, 25, 1303, None, https://raw.githubusercontent.com/PokeAPI/cries/main/cries/pokemon/latest/10070.ogg, https://raw.githubusercontent.com/PokeAPI/sprites/master/sprites/pokemon/other/official-artwork/10070.png, https://raw.githubusercontent.com/PokeAPI/sprites/master/sprites/pokemon/other/official-artwork/shiny/10070.png);
INSERT INTO pokemon.base_stats (base_hp, base_attack, base_defense, base_special_attack, base_special_defense, base_speed, fk_generation, fk_form)
VALUES (70, 140, 70, 110, 65, 105, 6, 459);
INSERT INTO pokemon.form_has_type_per_generation (fk_form, fk_type, fk_generation, is_primary)
VALUES (459, 11, 6, True);
INSERT INTO pokemon.form_has_type_per_generation (fk_form, fk_type, fk_generation, is_primary)
VALUES (459, 17, 6, False);

INSERT INTO pokemon.pokemon_species (name, pokedex_index, is_baby, is_legendary, is_mythical, evolves_from)
VALUES ('wailord', 321, False, False, False, wailmer);
INSERT INTO pokemon.form (name, is_default, fk_pokemon_species, height, weight, legacy_cry, latest_cry, artwork, shiny_artwork)
VALUES ('wailord', True, 351, 145, 3980, https://raw.githubusercontent.com/PokeAPI/cries/main/cries/pokemon/legacy/321.ogg, https://raw.githubusercontent.com/PokeAPI/cries/main/cries/pokemon/latest/321.ogg, https://raw.githubusercontent.com/PokeAPI/sprites/master/sprites/pokemon/other/official-artwork/321.png, https://raw.githubusercontent.com/PokeAPI/sprites/master/sprites/pokemon/other/official-artwork/shiny/321.png);
INSERT INTO pokemon.base_stats (base_hp, base_attack, base_defense, base_special_attack, base_special_defense, base_speed, fk_generation, fk_form)
VALUES (170, 90, 45, 90, 45, 60, 3, 460);
INSERT INTO pokemon.form_has_type_per_generation (fk_form, fk_type, fk_generation, is_primary)
VALUES (460, 11, 3, True);

INSERT INTO pokemon.pokemon_species (name, pokedex_index, is_baby, is_legendary, is_mythical, evolves_from)
VALUES ('camerupt', 323, False, False, False, numel);
INSERT INTO pokemon.form (name, is_default, fk_pokemon_species, height, weight, legacy_cry, latest_cry, artwork, shiny_artwork)
VALUES ('camerupt', True, 352, 19, 2200, https://raw.githubusercontent.com/PokeAPI/cries/main/cries/pokemon/legacy/323.ogg, https://raw.githubusercontent.com/PokeAPI/cries/main/cries/pokemon/latest/323.ogg, https://raw.githubusercontent.com/PokeAPI/sprites/master/sprites/pokemon/other/official-artwork/323.png, https://raw.githubusercontent.com/PokeAPI/sprites/master/sprites/pokemon/other/official-artwork/shiny/323.png);
INSERT INTO pokemon.base_stats (base_hp, base_attack, base_defense, base_special_attack, base_special_defense, base_speed, fk_generation, fk_form)
VALUES (70, 100, 70, 105, 75, 40, 3, 461);
INSERT INTO pokemon.form_has_type_per_generation (fk_form, fk_type, fk_generation, is_primary)
VALUES (461, 10, 3, True);
INSERT INTO pokemon.form_has_type_per_generation (fk_form, fk_type, fk_generation, is_primary)
VALUES (461, 5, 3, False);

INSERT INTO pokemon.form (name, is_default, fk_pokemon_species, height, weight, legacy_cry, latest_cry, artwork, shiny_artwork)
VALUES ('camerupt-mega', False, 352, 25, 3205, None, https://raw.githubusercontent.com/PokeAPI/cries/main/cries/pokemon/latest/10087.ogg, https://raw.githubusercontent.com/PokeAPI/sprites/master/sprites/pokemon/other/official-artwork/10087.png, https://raw.githubusercontent.com/PokeAPI/sprites/master/sprites/pokemon/other/official-artwork/shiny/10087.png);
INSERT INTO pokemon.base_stats (base_hp, base_attack, base_defense, base_special_attack, base_special_defense, base_speed, fk_generation, fk_form)
VALUES (70, 120, 100, 145, 105, 20, 6, 462);
INSERT INTO pokemon.form_has_type_per_generation (fk_form, fk_type, fk_generation, is_primary)
VALUES (462, 10, 6, True);
INSERT INTO pokemon.form_has_type_per_generation (fk_form, fk_type, fk_generation, is_primary)
VALUES (462, 5, 6, False);

INSERT INTO pokemon.pokemon_species (name, pokedex_index, is_baby, is_legendary, is_mythical, evolves_from)
VALUES ('grumpig', 326, False, False, False, spoink);
INSERT INTO pokemon.form (name, is_default, fk_pokemon_species, height, weight, legacy_cry, latest_cry, artwork, shiny_artwork)
VALUES ('grumpig', True, 353, 9, 715, https://raw.githubusercontent.com/PokeAPI/cries/main/cries/pokemon/legacy/326.ogg, https://raw.githubusercontent.com/PokeAPI/cries/main/cries/pokemon/latest/326.ogg, https://raw.githubusercontent.com/PokeAPI/sprites/master/sprites/pokemon/other/official-artwork/326.png, https://raw.githubusercontent.com/PokeAPI/sprites/master/sprites/pokemon/other/official-artwork/shiny/326.png);
INSERT INTO pokemon.base_stats (base_hp, base_attack, base_defense, base_special_attack, base_special_defense, base_speed, fk_generation, fk_form)
VALUES (80, 45, 65, 90, 110, 80, 3, 463);
INSERT INTO pokemon.form_has_type_per_generation (fk_form, fk_type, fk_generation, is_primary)
VALUES (463, 14, 3, True);

INSERT INTO pokemon.pokemon_species (name, pokedex_index, is_baby, is_legendary, is_mythical, evolves_from)
VALUES ('vibrava', 329, False, False, False, trapinch);
INSERT INTO pokemon.form (name, is_default, fk_pokemon_species, height, weight, legacy_cry, latest_cry, artwork, shiny_artwork)
VALUES ('vibrava', True, 354, 11, 153, https://raw.githubusercontent.com/PokeAPI/cries/main/cries/pokemon/legacy/329.ogg, https://raw.githubusercontent.com/PokeAPI/cries/main/cries/pokemon/latest/329.ogg, https://raw.githubusercontent.com/PokeAPI/sprites/master/sprites/pokemon/other/official-artwork/329.png, https://raw.githubusercontent.com/PokeAPI/sprites/master/sprites/pokemon/other/official-artwork/shiny/329.png);
INSERT INTO pokemon.base_stats (base_hp, base_attack, base_defense, base_special_attack, base_special_defense, base_speed, fk_generation, fk_form)
VALUES (50, 70, 50, 50, 50, 70, 3, 464);
INSERT INTO pokemon.form_has_type_per_generation (fk_form, fk_type, fk_generation, is_primary)
VALUES (464, 5, 3, True);
INSERT INTO pokemon.form_has_type_per_generation (fk_form, fk_type, fk_generation, is_primary)
VALUES (464, 16, 3, False);

INSERT INTO pokemon.pokemon_species (name, pokedex_index, is_baby, is_legendary, is_mythical, evolves_from)
VALUES ('flygon', 330, False, False, False, vibrava);
INSERT INTO pokemon.form (name, is_default, fk_pokemon_species, height, weight, legacy_cry, latest_cry, artwork, shiny_artwork)
VALUES ('flygon', True, 355, 20, 820, https://raw.githubusercontent.com/PokeAPI/cries/main/cries/pokemon/legacy/330.ogg, https://raw.githubusercontent.com/PokeAPI/cries/main/cries/pokemon/latest/330.ogg, https://raw.githubusercontent.com/PokeAPI/sprites/master/sprites/pokemon/other/official-artwork/330.png, https://raw.githubusercontent.com/PokeAPI/sprites/master/sprites/pokemon/other/official-artwork/shiny/330.png);
INSERT INTO pokemon.base_stats (base_hp, base_attack, base_defense, base_special_attack, base_special_defense, base_speed, fk_generation, fk_form)
VALUES (80, 100, 80, 80, 80, 100, 3, 465);
INSERT INTO pokemon.form_has_type_per_generation (fk_form, fk_type, fk_generation, is_primary)
VALUES (465, 5, 3, True);
INSERT INTO pokemon.form_has_type_per_generation (fk_form, fk_type, fk_generation, is_primary)
VALUES (465, 16, 3, False);

INSERT INTO pokemon.pokemon_species (name, pokedex_index, is_baby, is_legendary, is_mythical, evolves_from)
VALUES ('cacturne', 332, False, False, False, cacnea);
INSERT INTO pokemon.form (name, is_default, fk_pokemon_species, height, weight, legacy_cry, latest_cry, artwork, shiny_artwork)
VALUES ('cacturne', True, 356, 13, 774, https://raw.githubusercontent.com/PokeAPI/cries/main/cries/pokemon/legacy/332.ogg, https://raw.githubusercontent.com/PokeAPI/cries/main/cries/pokemon/latest/332.ogg, https://raw.githubusercontent.com/PokeAPI/sprites/master/sprites/pokemon/other/official-artwork/332.png, https://raw.githubusercontent.com/PokeAPI/sprites/master/sprites/pokemon/other/official-artwork/shiny/332.png);
INSERT INTO pokemon.base_stats (base_hp, base_attack, base_defense, base_special_attack, base_special_defense, base_speed, fk_generation, fk_form)
VALUES (70, 115, 60, 115, 60, 55, 3, 466);
INSERT INTO pokemon.form_has_type_per_generation (fk_form, fk_type, fk_generation, is_primary)
VALUES (466, 12, 3, True);
INSERT INTO pokemon.form_has_type_per_generation (fk_form, fk_type, fk_generation, is_primary)
VALUES (466, 17, 3, False);

INSERT INTO pokemon.pokemon_species (name, pokedex_index, is_baby, is_legendary, is_mythical, evolves_from)
VALUES ('altaria', 334, False, False, False, swablu);
INSERT INTO pokemon.form (name, is_default, fk_pokemon_species, height, weight, legacy_cry, latest_cry, artwork, shiny_artwork)
VALUES ('altaria', True, 357, 11, 206, https://raw.githubusercontent.com/PokeAPI/cries/main/cries/pokemon/legacy/334.ogg, https://raw.githubusercontent.com/PokeAPI/cries/main/cries/pokemon/latest/334.ogg, https://raw.githubusercontent.com/PokeAPI/sprites/master/sprites/pokemon/other/official-artwork/334.png, https://raw.githubusercontent.com/PokeAPI/sprites/master/sprites/pokemon/other/official-artwork/shiny/334.png);
INSERT INTO pokemon.base_stats (base_hp, base_attack, base_defense, base_special_attack, base_special_defense, base_speed, fk_generation, fk_form)
VALUES (75, 70, 90, 70, 105, 80, 3, 467);
INSERT INTO pokemon.form_has_type_per_generation (fk_form, fk_type, fk_generation, is_primary)
VALUES (467, 16, 3, True);
INSERT INTO pokemon.form_has_type_per_generation (fk_form, fk_type, fk_generation, is_primary)
VALUES (467, 3, 3, False);

INSERT INTO pokemon.form (name, is_default, fk_pokemon_species, height, weight, legacy_cry, latest_cry, artwork, shiny_artwork)
VALUES ('altaria-mega', False, 357, 15, 206, None, https://raw.githubusercontent.com/PokeAPI/cries/main/cries/pokemon/latest/10067.ogg, https://raw.githubusercontent.com/PokeAPI/sprites/master/sprites/pokemon/other/official-artwork/10067.png, https://raw.githubusercontent.com/PokeAPI/sprites/master/sprites/pokemon/other/official-artwork/shiny/10067.png);
INSERT INTO pokemon.base_stats (base_hp, base_attack, base_defense, base_special_attack, base_special_defense, base_speed, fk_generation, fk_form)
VALUES (75, 110, 110, 110, 105, 80, 6, 468);
INSERT INTO pokemon.form_has_type_per_generation (fk_form, fk_type, fk_generation, is_primary)
VALUES (468, 16, 6, True);
INSERT INTO pokemon.form_has_type_per_generation (fk_form, fk_type, fk_generation, is_primary)
VALUES (468, 18, 6, False);

INSERT INTO pokemon.pokemon_species (name, pokedex_index, is_baby, is_legendary, is_mythical, evolves_from)
VALUES ('whiscash', 340, False, False, False, barboach);
INSERT INTO pokemon.form (name, is_default, fk_pokemon_species, height, weight, legacy_cry, latest_cry, artwork, shiny_artwork)
VALUES ('whiscash', True, 358, 9, 236, https://raw.githubusercontent.com/PokeAPI/cries/main/cries/pokemon/legacy/340.ogg, https://raw.githubusercontent.com/PokeAPI/cries/main/cries/pokemon/latest/340.ogg, https://raw.githubusercontent.com/PokeAPI/sprites/master/sprites/pokemon/other/official-artwork/340.png, https://raw.githubusercontent.com/PokeAPI/sprites/master/sprites/pokemon/other/official-artwork/shiny/340.png);
INSERT INTO pokemon.base_stats (base_hp, base_attack, base_defense, base_special_attack, base_special_defense, base_speed, fk_generation, fk_form)
VALUES (110, 78, 73, 76, 71, 60, 3, 469);
INSERT INTO pokemon.form_has_type_per_generation (fk_form, fk_type, fk_generation, is_primary)
VALUES (469, 11, 3, True);
INSERT INTO pokemon.form_has_type_per_generation (fk_form, fk_type, fk_generation, is_primary)
VALUES (469, 5, 3, False);

INSERT INTO pokemon.pokemon_species (name, pokedex_index, is_baby, is_legendary, is_mythical, evolves_from)
VALUES ('crawdaunt', 342, False, False, False, corphish);
INSERT INTO pokemon.form (name, is_default, fk_pokemon_species, height, weight, legacy_cry, latest_cry, artwork, shiny_artwork)
VALUES ('crawdaunt', True, 359, 11, 328, https://raw.githubusercontent.com/PokeAPI/cries/main/cries/pokemon/legacy/342.ogg, https://raw.githubusercontent.com/PokeAPI/cries/main/cries/pokemon/latest/342.ogg, https://raw.githubusercontent.com/PokeAPI/sprites/master/sprites/pokemon/other/official-artwork/342.png, https://raw.githubusercontent.com/PokeAPI/sprites/master/sprites/pokemon/other/official-artwork/shiny/342.png);
INSERT INTO pokemon.base_stats (base_hp, base_attack, base_defense, base_special_attack, base_special_defense, base_speed, fk_generation, fk_form)
VALUES (63, 120, 85, 90, 55, 55, 3, 470);
INSERT INTO pokemon.form_has_type_per_generation (fk_form, fk_type, fk_generation, is_primary)
VALUES (470, 11, 3, True);
INSERT INTO pokemon.form_has_type_per_generation (fk_form, fk_type, fk_generation, is_primary)
VALUES (470, 17, 3, False);

INSERT INTO pokemon.pokemon_species (name, pokedex_index, is_baby, is_legendary, is_mythical, evolves_from)
VALUES ('claydol', 344, False, False, False, baltoy);
INSERT INTO pokemon.form (name, is_default, fk_pokemon_species, height, weight, legacy_cry, latest_cry, artwork, shiny_artwork)
VALUES ('claydol', True, 360, 15, 1080, https://raw.githubusercontent.com/PokeAPI/cries/main/cries/pokemon/legacy/344.ogg, https://raw.githubusercontent.com/PokeAPI/cries/main/cries/pokemon/latest/344.ogg, https://raw.githubusercontent.com/PokeAPI/sprites/master/sprites/pokemon/other/official-artwork/344.png, https://raw.githubusercontent.com/PokeAPI/sprites/master/sprites/pokemon/other/official-artwork/shiny/344.png);
INSERT INTO pokemon.base_stats (base_hp, base_attack, base_defense, base_special_attack, base_special_defense, base_speed, fk_generation, fk_form)
VALUES (60, 70, 105, 70, 120, 75, 3, 471);
INSERT INTO pokemon.form_has_type_per_generation (fk_form, fk_type, fk_generation, is_primary)
VALUES (471, 5, 3, True);
INSERT INTO pokemon.form_has_type_per_generation (fk_form, fk_type, fk_generation, is_primary)
VALUES (471, 14, 3, False);

INSERT INTO pokemon.pokemon_species (name, pokedex_index, is_baby, is_legendary, is_mythical, evolves_from)
VALUES ('cradily', 346, False, False, False, lileep);
INSERT INTO pokemon.form (name, is_default, fk_pokemon_species, height, weight, legacy_cry, latest_cry, artwork, shiny_artwork)
VALUES ('cradily', True, 361, 15, 604, https://raw.githubusercontent.com/PokeAPI/cries/main/cries/pokemon/legacy/346.ogg, https://raw.githubusercontent.com/PokeAPI/cries/main/cries/pokemon/latest/346.ogg, https://raw.githubusercontent.com/PokeAPI/sprites/master/sprites/pokemon/other/official-artwork/346.png, https://raw.githubusercontent.com/PokeAPI/sprites/master/sprites/pokemon/other/official-artwork/shiny/346.png);
INSERT INTO pokemon.base_stats (base_hp, base_attack, base_defense, base_special_attack, base_special_defense, base_speed, fk_generation, fk_form)
VALUES (86, 81, 97, 81, 107, 43, 3, 472);
INSERT INTO pokemon.form_has_type_per_generation (fk_form, fk_type, fk_generation, is_primary)
VALUES (472, 6, 3, True);
INSERT INTO pokemon.form_has_type_per_generation (fk_form, fk_type, fk_generation, is_primary)
VALUES (472, 12, 3, False);

INSERT INTO pokemon.pokemon_species (name, pokedex_index, is_baby, is_legendary, is_mythical, evolves_from)
VALUES ('armaldo', 348, False, False, False, anorith);
INSERT INTO pokemon.form (name, is_default, fk_pokemon_species, height, weight, legacy_cry, latest_cry, artwork, shiny_artwork)
VALUES ('armaldo', True, 362, 15, 682, https://raw.githubusercontent.com/PokeAPI/cries/main/cries/pokemon/legacy/348.ogg, https://raw.githubusercontent.com/PokeAPI/cries/main/cries/pokemon/latest/348.ogg, https://raw.githubusercontent.com/PokeAPI/sprites/master/sprites/pokemon/other/official-artwork/348.png, https://raw.githubusercontent.com/PokeAPI/sprites/master/sprites/pokemon/other/official-artwork/shiny/348.png);
INSERT INTO pokemon.base_stats (base_hp, base_attack, base_defense, base_special_attack, base_special_defense, base_speed, fk_generation, fk_form)
VALUES (75, 125, 100, 70, 80, 45, 3, 473);
INSERT INTO pokemon.form_has_type_per_generation (fk_form, fk_type, fk_generation, is_primary)
VALUES (473, 6, 3, True);
INSERT INTO pokemon.form_has_type_per_generation (fk_form, fk_type, fk_generation, is_primary)
VALUES (473, 7, 3, False);

INSERT INTO pokemon.pokemon_species (name, pokedex_index, is_baby, is_legendary, is_mythical, evolves_from)
VALUES ('milotic', 350, False, False, False, feebas);
INSERT INTO pokemon.form (name, is_default, fk_pokemon_species, height, weight, legacy_cry, latest_cry, artwork, shiny_artwork)
VALUES ('milotic', True, 363, 62, 1620, https://raw.githubusercontent.com/PokeAPI/cries/main/cries/pokemon/legacy/350.ogg, https://raw.githubusercontent.com/PokeAPI/cries/main/cries/pokemon/latest/350.ogg, https://raw.githubusercontent.com/PokeAPI/sprites/master/sprites/pokemon/other/official-artwork/350.png, https://raw.githubusercontent.com/PokeAPI/sprites/master/sprites/pokemon/other/official-artwork/shiny/350.png);
INSERT INTO pokemon.base_stats (base_hp, base_attack, base_defense, base_special_attack, base_special_defense, base_speed, fk_generation, fk_form)
VALUES (95, 60, 79, 100, 125, 81, 3, 474);
INSERT INTO pokemon.form_has_type_per_generation (fk_form, fk_type, fk_generation, is_primary)
VALUES (474, 11, 3, True);

INSERT INTO pokemon.pokemon_species (name, pokedex_index, is_baby, is_legendary, is_mythical, evolves_from)
VALUES ('banette', 354, False, False, False, shuppet);
INSERT INTO pokemon.form (name, is_default, fk_pokemon_species, height, weight, legacy_cry, latest_cry, artwork, shiny_artwork)
VALUES ('banette', True, 364, 11, 125, https://raw.githubusercontent.com/PokeAPI/cries/main/cries/pokemon/legacy/354.ogg, https://raw.githubusercontent.com/PokeAPI/cries/main/cries/pokemon/latest/354.ogg, https://raw.githubusercontent.com/PokeAPI/sprites/master/sprites/pokemon/other/official-artwork/354.png, https://raw.githubusercontent.com/PokeAPI/sprites/master/sprites/pokemon/other/official-artwork/shiny/354.png);
INSERT INTO pokemon.base_stats (base_hp, base_attack, base_defense, base_special_attack, base_special_defense, base_speed, fk_generation, fk_form)
VALUES (64, 115, 65, 83, 63, 65, 3, 475);
INSERT INTO pokemon.form_has_type_per_generation (fk_form, fk_type, fk_generation, is_primary)
VALUES (475, 8, 3, True);

INSERT INTO pokemon.form (name, is_default, fk_pokemon_species, height, weight, legacy_cry, latest_cry, artwork, shiny_artwork)
VALUES ('banette-mega', False, 364, 12, 130, None, https://raw.githubusercontent.com/PokeAPI/cries/main/cries/pokemon/latest/10056.ogg, https://raw.githubusercontent.com/PokeAPI/sprites/master/sprites/pokemon/other/official-artwork/10056.png, https://raw.githubusercontent.com/PokeAPI/sprites/master/sprites/pokemon/other/official-artwork/shiny/10056.png);
INSERT INTO pokemon.base_stats (base_hp, base_attack, base_defense, base_special_attack, base_special_defense, base_speed, fk_generation, fk_form)
VALUES (64, 165, 75, 93, 83, 75, 6, 476);
INSERT INTO pokemon.form_has_type_per_generation (fk_form, fk_type, fk_generation, is_primary)
VALUES (476, 8, 6, True);

INSERT INTO pokemon.pokemon_species (name, pokedex_index, is_baby, is_legendary, is_mythical, evolves_from)
VALUES ('dusclops', 356, False, False, False, duskull);
INSERT INTO pokemon.form (name, is_default, fk_pokemon_species, height, weight, legacy_cry, latest_cry, artwork, shiny_artwork)
VALUES ('dusclops', True, 365, 16, 306, https://raw.githubusercontent.com/PokeAPI/cries/main/cries/pokemon/legacy/356.ogg, https://raw.githubusercontent.com/PokeAPI/cries/main/cries/pokemon/latest/356.ogg, https://raw.githubusercontent.com/PokeAPI/sprites/master/sprites/pokemon/other/official-artwork/356.png, https://raw.githubusercontent.com/PokeAPI/sprites/master/sprites/pokemon/other/official-artwork/shiny/356.png);
INSERT INTO pokemon.base_stats (base_hp, base_attack, base_defense, base_special_attack, base_special_defense, base_speed, fk_generation, fk_form)
VALUES (40, 70, 130, 60, 130, 25, 3, 477);
INSERT INTO pokemon.form_has_type_per_generation (fk_form, fk_type, fk_generation, is_primary)
VALUES (477, 8, 3, True);

INSERT INTO pokemon.pokemon_species (name, pokedex_index, is_baby, is_legendary, is_mythical, evolves_from)
VALUES ('chimecho', 358, False, False, False, chingling);
INSERT INTO pokemon.form (name, is_default, fk_pokemon_species, height, weight, legacy_cry, latest_cry, artwork, shiny_artwork)
VALUES ('chimecho', True, 366, 6, 10, https://raw.githubusercontent.com/PokeAPI/cries/main/cries/pokemon/legacy/358.ogg, https://raw.githubusercontent.com/PokeAPI/cries/main/cries/pokemon/latest/358.ogg, https://raw.githubusercontent.com/PokeAPI/sprites/master/sprites/pokemon/other/official-artwork/358.png, https://raw.githubusercontent.com/PokeAPI/sprites/master/sprites/pokemon/other/official-artwork/shiny/358.png);
INSERT INTO pokemon.base_stats (base_hp, base_attack, base_defense, base_special_attack, base_special_defense, base_speed, fk_generation, fk_form)
VALUES (75, 50, 80, 95, 90, 65, 3, 478);
INSERT INTO pokemon.form_has_type_per_generation (fk_form, fk_type, fk_generation, is_primary)
VALUES (478, 14, 3, True);

INSERT INTO pokemon.pokemon_species (name, pokedex_index, is_baby, is_legendary, is_mythical, evolves_from)
VALUES ('glalie', 362, False, False, False, snorunt);
INSERT INTO pokemon.form (name, is_default, fk_pokemon_species, height, weight, legacy_cry, latest_cry, artwork, shiny_artwork)
VALUES ('glalie', True, 367, 15, 2565, https://raw.githubusercontent.com/PokeAPI/cries/main/cries/pokemon/legacy/362.ogg, https://raw.githubusercontent.com/PokeAPI/cries/main/cries/pokemon/latest/362.ogg, https://raw.githubusercontent.com/PokeAPI/sprites/master/sprites/pokemon/other/official-artwork/362.png, https://raw.githubusercontent.com/PokeAPI/sprites/master/sprites/pokemon/other/official-artwork/shiny/362.png);
INSERT INTO pokemon.base_stats (base_hp, base_attack, base_defense, base_special_attack, base_special_defense, base_speed, fk_generation, fk_form)
VALUES (80, 80, 80, 80, 80, 80, 3, 479);
INSERT INTO pokemon.form_has_type_per_generation (fk_form, fk_type, fk_generation, is_primary)
VALUES (479, 15, 3, True);

INSERT INTO pokemon.form (name, is_default, fk_pokemon_species, height, weight, legacy_cry, latest_cry, artwork, shiny_artwork)
VALUES ('glalie-mega', False, 367, 21, 3502, None, https://raw.githubusercontent.com/PokeAPI/cries/main/cries/pokemon/latest/10074.ogg, https://raw.githubusercontent.com/PokeAPI/sprites/master/sprites/pokemon/other/official-artwork/10074.png, https://raw.githubusercontent.com/PokeAPI/sprites/master/sprites/pokemon/other/official-artwork/shiny/10074.png);
INSERT INTO pokemon.base_stats (base_hp, base_attack, base_defense, base_special_attack, base_special_defense, base_speed, fk_generation, fk_form)
VALUES (80, 120, 80, 120, 80, 100, 6, 480);
INSERT INTO pokemon.form_has_type_per_generation (fk_form, fk_type, fk_generation, is_primary)
VALUES (480, 15, 6, True);

INSERT INTO pokemon.pokemon_species (name, pokedex_index, is_baby, is_legendary, is_mythical, evolves_from)
VALUES ('sealeo', 364, False, False, False, spheal);
INSERT INTO pokemon.form (name, is_default, fk_pokemon_species, height, weight, legacy_cry, latest_cry, artwork, shiny_artwork)
VALUES ('sealeo', True, 368, 11, 876, https://raw.githubusercontent.com/PokeAPI/cries/main/cries/pokemon/legacy/364.ogg, https://raw.githubusercontent.com/PokeAPI/cries/main/cries/pokemon/latest/364.ogg, https://raw.githubusercontent.com/PokeAPI/sprites/master/sprites/pokemon/other/official-artwork/364.png, https://raw.githubusercontent.com/PokeAPI/sprites/master/sprites/pokemon/other/official-artwork/shiny/364.png);
INSERT INTO pokemon.base_stats (base_hp, base_attack, base_defense, base_special_attack, base_special_defense, base_speed, fk_generation, fk_form)
VALUES (90, 60, 70, 75, 70, 45, 3, 481);
INSERT INTO pokemon.form_has_type_per_generation (fk_form, fk_type, fk_generation, is_primary)
VALUES (481, 15, 3, True);
INSERT INTO pokemon.form_has_type_per_generation (fk_form, fk_type, fk_generation, is_primary)
VALUES (481, 11, 3, False);

INSERT INTO pokemon.pokemon_species (name, pokedex_index, is_baby, is_legendary, is_mythical, evolves_from)
VALUES ('walrein', 365, False, False, False, sealeo);
INSERT INTO pokemon.form (name, is_default, fk_pokemon_species, height, weight, legacy_cry, latest_cry, artwork, shiny_artwork)
VALUES ('walrein', True, 369, 14, 1506, https://raw.githubusercontent.com/PokeAPI/cries/main/cries/pokemon/legacy/365.ogg, https://raw.githubusercontent.com/PokeAPI/cries/main/cries/pokemon/latest/365.ogg, https://raw.githubusercontent.com/PokeAPI/sprites/master/sprites/pokemon/other/official-artwork/365.png, https://raw.githubusercontent.com/PokeAPI/sprites/master/sprites/pokemon/other/official-artwork/shiny/365.png);
INSERT INTO pokemon.base_stats (base_hp, base_attack, base_defense, base_special_attack, base_special_defense, base_speed, fk_generation, fk_form)
VALUES (110, 80, 90, 95, 90, 65, 3, 482);
INSERT INTO pokemon.form_has_type_per_generation (fk_form, fk_type, fk_generation, is_primary)
VALUES (482, 15, 3, True);
INSERT INTO pokemon.form_has_type_per_generation (fk_form, fk_type, fk_generation, is_primary)
VALUES (482, 11, 3, False);

INSERT INTO pokemon.pokemon_species (name, pokedex_index, is_baby, is_legendary, is_mythical, evolves_from)
VALUES ('huntail', 367, False, False, False, clamperl);
INSERT INTO pokemon.form (name, is_default, fk_pokemon_species, height, weight, legacy_cry, latest_cry, artwork, shiny_artwork)
VALUES ('huntail', True, 370, 17, 270, https://raw.githubusercontent.com/PokeAPI/cries/main/cries/pokemon/legacy/367.ogg, https://raw.githubusercontent.com/PokeAPI/cries/main/cries/pokemon/latest/367.ogg, https://raw.githubusercontent.com/PokeAPI/sprites/master/sprites/pokemon/other/official-artwork/367.png, https://raw.githubusercontent.com/PokeAPI/sprites/master/sprites/pokemon/other/official-artwork/shiny/367.png);
INSERT INTO pokemon.base_stats (base_hp, base_attack, base_defense, base_special_attack, base_special_defense, base_speed, fk_generation, fk_form)
VALUES (55, 104, 105, 94, 75, 52, 3, 483);
INSERT INTO pokemon.form_has_type_per_generation (fk_form, fk_type, fk_generation, is_primary)
VALUES (483, 11, 3, True);

INSERT INTO pokemon.pokemon_species (name, pokedex_index, is_baby, is_legendary, is_mythical, evolves_from)
VALUES ('gorebyss', 368, False, False, False, clamperl);
INSERT INTO pokemon.form (name, is_default, fk_pokemon_species, height, weight, legacy_cry, latest_cry, artwork, shiny_artwork)
VALUES ('gorebyss', True, 371, 18, 226, https://raw.githubusercontent.com/PokeAPI/cries/main/cries/pokemon/legacy/368.ogg, https://raw.githubusercontent.com/PokeAPI/cries/main/cries/pokemon/latest/368.ogg, https://raw.githubusercontent.com/PokeAPI/sprites/master/sprites/pokemon/other/official-artwork/368.png, https://raw.githubusercontent.com/PokeAPI/sprites/master/sprites/pokemon/other/official-artwork/shiny/368.png);
INSERT INTO pokemon.base_stats (base_hp, base_attack, base_defense, base_special_attack, base_special_defense, base_speed, fk_generation, fk_form)
VALUES (55, 84, 105, 114, 75, 52, 3, 484);
INSERT INTO pokemon.form_has_type_per_generation (fk_form, fk_type, fk_generation, is_primary)
VALUES (484, 11, 3, True);

INSERT INTO pokemon.pokemon_species (name, pokedex_index, is_baby, is_legendary, is_mythical, evolves_from)
VALUES ('shelgon', 372, False, False, False, bagon);
INSERT INTO pokemon.form (name, is_default, fk_pokemon_species, height, weight, legacy_cry, latest_cry, artwork, shiny_artwork)
VALUES ('shelgon', True, 372, 11, 1105, https://raw.githubusercontent.com/PokeAPI/cries/main/cries/pokemon/legacy/372.ogg, https://raw.githubusercontent.com/PokeAPI/cries/main/cries/pokemon/latest/372.ogg, https://raw.githubusercontent.com/PokeAPI/sprites/master/sprites/pokemon/other/official-artwork/372.png, https://raw.githubusercontent.com/PokeAPI/sprites/master/sprites/pokemon/other/official-artwork/shiny/372.png);
INSERT INTO pokemon.base_stats (base_hp, base_attack, base_defense, base_special_attack, base_special_defense, base_speed, fk_generation, fk_form)
VALUES (65, 95, 100, 60, 50, 50, 3, 485);
INSERT INTO pokemon.form_has_type_per_generation (fk_form, fk_type, fk_generation, is_primary)
VALUES (485, 16, 3, True);

INSERT INTO pokemon.pokemon_species (name, pokedex_index, is_baby, is_legendary, is_mythical, evolves_from)
VALUES ('salamence', 373, False, False, False, shelgon);
INSERT INTO pokemon.form (name, is_default, fk_pokemon_species, height, weight, legacy_cry, latest_cry, artwork, shiny_artwork)
VALUES ('salamence', True, 373, 15, 1026, https://raw.githubusercontent.com/PokeAPI/cries/main/cries/pokemon/legacy/373.ogg, https://raw.githubusercontent.com/PokeAPI/cries/main/cries/pokemon/latest/373.ogg, https://raw.githubusercontent.com/PokeAPI/sprites/master/sprites/pokemon/other/official-artwork/373.png, https://raw.githubusercontent.com/PokeAPI/sprites/master/sprites/pokemon/other/official-artwork/shiny/373.png);
INSERT INTO pokemon.base_stats (base_hp, base_attack, base_defense, base_special_attack, base_special_defense, base_speed, fk_generation, fk_form)
VALUES (95, 135, 80, 110, 80, 100, 3, 486);
INSERT INTO pokemon.form_has_type_per_generation (fk_form, fk_type, fk_generation, is_primary)
VALUES (486, 16, 3, True);
INSERT INTO pokemon.form_has_type_per_generation (fk_form, fk_type, fk_generation, is_primary)
VALUES (486, 3, 3, False);

INSERT INTO pokemon.form (name, is_default, fk_pokemon_species, height, weight, legacy_cry, latest_cry, artwork, shiny_artwork)
VALUES ('salamence-mega', False, 373, 18, 1126, None, https://raw.githubusercontent.com/PokeAPI/cries/main/cries/pokemon/latest/10089.ogg, https://raw.githubusercontent.com/PokeAPI/sprites/master/sprites/pokemon/other/official-artwork/10089.png, https://raw.githubusercontent.com/PokeAPI/sprites/master/sprites/pokemon/other/official-artwork/shiny/10089.png);
INSERT INTO pokemon.base_stats (base_hp, base_attack, base_defense, base_special_attack, base_special_defense, base_speed, fk_generation, fk_form)
VALUES (95, 145, 130, 120, 90, 120, 6, 487);
INSERT INTO pokemon.form_has_type_per_generation (fk_form, fk_type, fk_generation, is_primary)
VALUES (487, 16, 6, True);
INSERT INTO pokemon.form_has_type_per_generation (fk_form, fk_type, fk_generation, is_primary)
VALUES (487, 3, 6, False);

INSERT INTO pokemon.pokemon_species (name, pokedex_index, is_baby, is_legendary, is_mythical, evolves_from)
VALUES ('metang', 375, False, False, False, beldum);
INSERT INTO pokemon.form (name, is_default, fk_pokemon_species, height, weight, legacy_cry, latest_cry, artwork, shiny_artwork)
VALUES ('metang', True, 374, 12, 2025, https://raw.githubusercontent.com/PokeAPI/cries/main/cries/pokemon/legacy/375.ogg, https://raw.githubusercontent.com/PokeAPI/cries/main/cries/pokemon/latest/375.ogg, https://raw.githubusercontent.com/PokeAPI/sprites/master/sprites/pokemon/other/official-artwork/375.png, https://raw.githubusercontent.com/PokeAPI/sprites/master/sprites/pokemon/other/official-artwork/shiny/375.png);
INSERT INTO pokemon.base_stats (base_hp, base_attack, base_defense, base_special_attack, base_special_defense, base_speed, fk_generation, fk_form)
VALUES (60, 75, 100, 55, 80, 50, 3, 488);
INSERT INTO pokemon.form_has_type_per_generation (fk_form, fk_type, fk_generation, is_primary)
VALUES (488, 9, 3, True);
INSERT INTO pokemon.form_has_type_per_generation (fk_form, fk_type, fk_generation, is_primary)
VALUES (488, 14, 3, False);

INSERT INTO pokemon.pokemon_species (name, pokedex_index, is_baby, is_legendary, is_mythical, evolves_from)
VALUES ('regirock', 377, False, True, False, None);
INSERT INTO pokemon.form (name, is_default, fk_pokemon_species, height, weight, legacy_cry, latest_cry, artwork, shiny_artwork)
VALUES ('regirock', True, 375, 17, 2300, https://raw.githubusercontent.com/PokeAPI/cries/main/cries/pokemon/legacy/377.ogg, https://raw.githubusercontent.com/PokeAPI/cries/main/cries/pokemon/latest/377.ogg, https://raw.githubusercontent.com/PokeAPI/sprites/master/sprites/pokemon/other/official-artwork/377.png, https://raw.githubusercontent.com/PokeAPI/sprites/master/sprites/pokemon/other/official-artwork/shiny/377.png);
INSERT INTO pokemon.base_stats (base_hp, base_attack, base_defense, base_special_attack, base_special_defense, base_speed, fk_generation, fk_form)
VALUES (80, 100, 200, 50, 100, 50, 3, 489);
INSERT INTO pokemon.form_has_type_per_generation (fk_form, fk_type, fk_generation, is_primary)
VALUES (489, 6, 3, True);

INSERT INTO pokemon.pokemon_species (name, pokedex_index, is_baby, is_legendary, is_mythical, evolves_from)
VALUES ('regice', 378, False, True, False, None);
INSERT INTO pokemon.form (name, is_default, fk_pokemon_species, height, weight, legacy_cry, latest_cry, artwork, shiny_artwork)
VALUES ('regice', True, 376, 18, 1750, https://raw.githubusercontent.com/PokeAPI/cries/main/cries/pokemon/legacy/378.ogg, https://raw.githubusercontent.com/PokeAPI/cries/main/cries/pokemon/latest/378.ogg, https://raw.githubusercontent.com/PokeAPI/sprites/master/sprites/pokemon/other/official-artwork/378.png, https://raw.githubusercontent.com/PokeAPI/sprites/master/sprites/pokemon/other/official-artwork/shiny/378.png);
INSERT INTO pokemon.base_stats (base_hp, base_attack, base_defense, base_special_attack, base_special_defense, base_speed, fk_generation, fk_form)
VALUES (80, 50, 100, 100, 200, 50, 3, 490);
INSERT INTO pokemon.form_has_type_per_generation (fk_form, fk_type, fk_generation, is_primary)
VALUES (490, 15, 3, True);

INSERT INTO pokemon.pokemon_species (name, pokedex_index, is_baby, is_legendary, is_mythical, evolves_from)
VALUES ('registeel', 379, False, True, False, None);
INSERT INTO pokemon.form (name, is_default, fk_pokemon_species, height, weight, legacy_cry, latest_cry, artwork, shiny_artwork)
VALUES ('registeel', True, 377, 19, 2050, https://raw.githubusercontent.com/PokeAPI/cries/main/cries/pokemon/legacy/379.ogg, https://raw.githubusercontent.com/PokeAPI/cries/main/cries/pokemon/latest/379.ogg, https://raw.githubusercontent.com/PokeAPI/sprites/master/sprites/pokemon/other/official-artwork/379.png, https://raw.githubusercontent.com/PokeAPI/sprites/master/sprites/pokemon/other/official-artwork/shiny/379.png);
INSERT INTO pokemon.base_stats (base_hp, base_attack, base_defense, base_special_attack, base_special_defense, base_speed, fk_generation, fk_form)
VALUES (80, 75, 150, 75, 150, 50, 3, 491);
INSERT INTO pokemon.form_has_type_per_generation (fk_form, fk_type, fk_generation, is_primary)
VALUES (491, 9, 3, True);

INSERT INTO pokemon.pokemon_species (name, pokedex_index, is_baby, is_legendary, is_mythical, evolves_from)
VALUES ('latias', 380, False, True, False, None);
INSERT INTO pokemon.form (name, is_default, fk_pokemon_species, height, weight, legacy_cry, latest_cry, artwork, shiny_artwork)
VALUES ('latias', True, 378, 14, 400, https://raw.githubusercontent.com/PokeAPI/cries/main/cries/pokemon/legacy/380.ogg, https://raw.githubusercontent.com/PokeAPI/cries/main/cries/pokemon/latest/380.ogg, https://raw.githubusercontent.com/PokeAPI/sprites/master/sprites/pokemon/other/official-artwork/380.png, https://raw.githubusercontent.com/PokeAPI/sprites/master/sprites/pokemon/other/official-artwork/shiny/380.png);
INSERT INTO pokemon.base_stats (base_hp, base_attack, base_defense, base_special_attack, base_special_defense, base_speed, fk_generation, fk_form)
VALUES (80, 80, 90, 110, 130, 110, 3, 492);
INSERT INTO pokemon.form_has_type_per_generation (fk_form, fk_type, fk_generation, is_primary)
VALUES (492, 16, 3, True);
INSERT INTO pokemon.form_has_type_per_generation (fk_form, fk_type, fk_generation, is_primary)
VALUES (492, 14, 3, False);

INSERT INTO pokemon.form (name, is_default, fk_pokemon_species, height, weight, legacy_cry, latest_cry, artwork, shiny_artwork)
VALUES ('latias-mega', False, 378, 18, 520, None, https://raw.githubusercontent.com/PokeAPI/cries/main/cries/pokemon/latest/10062.ogg, https://raw.githubusercontent.com/PokeAPI/sprites/master/sprites/pokemon/other/official-artwork/10062.png, https://raw.githubusercontent.com/PokeAPI/sprites/master/sprites/pokemon/other/official-artwork/shiny/10062.png);
INSERT INTO pokemon.base_stats (base_hp, base_attack, base_defense, base_special_attack, base_special_defense, base_speed, fk_generation, fk_form)
VALUES (80, 100, 120, 140, 150, 110, 6, 493);
INSERT INTO pokemon.form_has_type_per_generation (fk_form, fk_type, fk_generation, is_primary)
VALUES (493, 16, 6, True);
INSERT INTO pokemon.form_has_type_per_generation (fk_form, fk_type, fk_generation, is_primary)
VALUES (493, 14, 6, False);

INSERT INTO pokemon.pokemon_species (name, pokedex_index, is_baby, is_legendary, is_mythical, evolves_from)
VALUES ('latios', 381, False, True, False, None);
INSERT INTO pokemon.form (name, is_default, fk_pokemon_species, height, weight, legacy_cry, latest_cry, artwork, shiny_artwork)
VALUES ('latios', True, 379, 20, 600, https://raw.githubusercontent.com/PokeAPI/cries/main/cries/pokemon/legacy/381.ogg, https://raw.githubusercontent.com/PokeAPI/cries/main/cries/pokemon/latest/381.ogg, https://raw.githubusercontent.com/PokeAPI/sprites/master/sprites/pokemon/other/official-artwork/381.png, https://raw.githubusercontent.com/PokeAPI/sprites/master/sprites/pokemon/other/official-artwork/shiny/381.png);
INSERT INTO pokemon.base_stats (base_hp, base_attack, base_defense, base_special_attack, base_special_defense, base_speed, fk_generation, fk_form)
VALUES (80, 90, 80, 130, 110, 110, 3, 494);
INSERT INTO pokemon.form_has_type_per_generation (fk_form, fk_type, fk_generation, is_primary)
VALUES (494, 16, 3, True);
INSERT INTO pokemon.form_has_type_per_generation (fk_form, fk_type, fk_generation, is_primary)
VALUES (494, 14, 3, False);

INSERT INTO pokemon.form (name, is_default, fk_pokemon_species, height, weight, legacy_cry, latest_cry, artwork, shiny_artwork)
VALUES ('latios-mega', False, 379, 23, 700, None, https://raw.githubusercontent.com/PokeAPI/cries/main/cries/pokemon/latest/10063.ogg, https://raw.githubusercontent.com/PokeAPI/sprites/master/sprites/pokemon/other/official-artwork/10063.png, https://raw.githubusercontent.com/PokeAPI/sprites/master/sprites/pokemon/other/official-artwork/shiny/10063.png);
INSERT INTO pokemon.base_stats (base_hp, base_attack, base_defense, base_special_attack, base_special_defense, base_speed, fk_generation, fk_form)
VALUES (80, 130, 100, 160, 120, 110, 6, 495);
INSERT INTO pokemon.form_has_type_per_generation (fk_form, fk_type, fk_generation, is_primary)
VALUES (495, 16, 6, True);
INSERT INTO pokemon.form_has_type_per_generation (fk_form, fk_type, fk_generation, is_primary)
VALUES (495, 14, 6, False);

INSERT INTO pokemon.pokemon_species (name, pokedex_index, is_baby, is_legendary, is_mythical, evolves_from)
VALUES ('kyogre', 382, False, True, False, None);
INSERT INTO pokemon.form (name, is_default, fk_pokemon_species, height, weight, legacy_cry, latest_cry, artwork, shiny_artwork)
VALUES ('kyogre', True, 380, 45, 3520, https://raw.githubusercontent.com/PokeAPI/cries/main/cries/pokemon/legacy/382.ogg, https://raw.githubusercontent.com/PokeAPI/cries/main/cries/pokemon/latest/382.ogg, https://raw.githubusercontent.com/PokeAPI/sprites/master/sprites/pokemon/other/official-artwork/382.png, https://raw.githubusercontent.com/PokeAPI/sprites/master/sprites/pokemon/other/official-artwork/shiny/382.png);
INSERT INTO pokemon.base_stats (base_hp, base_attack, base_defense, base_special_attack, base_special_defense, base_speed, fk_generation, fk_form)
VALUES (100, 100, 90, 150, 140, 90, 3, 496);
INSERT INTO pokemon.form_has_type_per_generation (fk_form, fk_type, fk_generation, is_primary)
VALUES (496, 11, 3, True);

INSERT INTO pokemon.form (name, is_default, fk_pokemon_species, height, weight, legacy_cry, latest_cry, artwork, shiny_artwork)
VALUES ('kyogre-primal', False, 380, 98, 4300, None, https://raw.githubusercontent.com/PokeAPI/cries/main/cries/pokemon/latest/10077.ogg, https://raw.githubusercontent.com/PokeAPI/sprites/master/sprites/pokemon/other/official-artwork/10077.png, https://raw.githubusercontent.com/PokeAPI/sprites/master/sprites/pokemon/other/official-artwork/shiny/10077.png);
INSERT INTO pokemon.base_stats (base_hp, base_attack, base_defense, base_special_attack, base_special_defense, base_speed, fk_generation, fk_form)
VALUES (100, 150, 90, 180, 160, 90, 3, 497);
INSERT INTO pokemon.form_has_type_per_generation (fk_form, fk_type, fk_generation, is_primary)
VALUES (497, 11, 3, True);

INSERT INTO pokemon.pokemon_species (name, pokedex_index, is_baby, is_legendary, is_mythical, evolves_from)
VALUES ('groudon', 383, False, True, False, None);
INSERT INTO pokemon.form (name, is_default, fk_pokemon_species, height, weight, legacy_cry, latest_cry, artwork, shiny_artwork)
VALUES ('groudon', True, 381, 35, 9500, https://raw.githubusercontent.com/PokeAPI/cries/main/cries/pokemon/legacy/383.ogg, https://raw.githubusercontent.com/PokeAPI/cries/main/cries/pokemon/latest/383.ogg, https://raw.githubusercontent.com/PokeAPI/sprites/master/sprites/pokemon/other/official-artwork/383.png, https://raw.githubusercontent.com/PokeAPI/sprites/master/sprites/pokemon/other/official-artwork/shiny/383.png);
INSERT INTO pokemon.base_stats (base_hp, base_attack, base_defense, base_special_attack, base_special_defense, base_speed, fk_generation, fk_form)
VALUES (100, 150, 140, 100, 90, 90, 3, 498);
INSERT INTO pokemon.form_has_type_per_generation (fk_form, fk_type, fk_generation, is_primary)
VALUES (498, 5, 3, True);

INSERT INTO pokemon.form (name, is_default, fk_pokemon_species, height, weight, legacy_cry, latest_cry, artwork, shiny_artwork)
VALUES ('groudon-primal', False, 381, 50, 9997, None, https://raw.githubusercontent.com/PokeAPI/cries/main/cries/pokemon/latest/10078.ogg, https://raw.githubusercontent.com/PokeAPI/sprites/master/sprites/pokemon/other/official-artwork/10078.png, https://raw.githubusercontent.com/PokeAPI/sprites/master/sprites/pokemon/other/official-artwork/shiny/10078.png);
INSERT INTO pokemon.base_stats (base_hp, base_attack, base_defense, base_special_attack, base_special_defense, base_speed, fk_generation, fk_form)
VALUES (100, 180, 160, 150, 90, 90, 3, 499);
INSERT INTO pokemon.form_has_type_per_generation (fk_form, fk_type, fk_generation, is_primary)
VALUES (499, 5, 3, True);
INSERT INTO pokemon.form_has_type_per_generation (fk_form, fk_type, fk_generation, is_primary)
VALUES (499, 10, 3, False);

INSERT INTO pokemon.pokemon_species (name, pokedex_index, is_baby, is_legendary, is_mythical, evolves_from)
VALUES ('rayquaza', 384, False, True, False, None);
INSERT INTO pokemon.form (name, is_default, fk_pokemon_species, height, weight, legacy_cry, latest_cry, artwork, shiny_artwork)
VALUES ('rayquaza', True, 382, 70, 2065, https://raw.githubusercontent.com/PokeAPI/cries/main/cries/pokemon/legacy/384.ogg, https://raw.githubusercontent.com/PokeAPI/cries/main/cries/pokemon/latest/384.ogg, https://raw.githubusercontent.com/PokeAPI/sprites/master/sprites/pokemon/other/official-artwork/384.png, https://raw.githubusercontent.com/PokeAPI/sprites/master/sprites/pokemon/other/official-artwork/shiny/384.png);
INSERT INTO pokemon.base_stats (base_hp, base_attack, base_defense, base_special_attack, base_special_defense, base_speed, fk_generation, fk_form)
VALUES (105, 150, 90, 150, 90, 95, 3, 500);
INSERT INTO pokemon.form_has_type_per_generation (fk_form, fk_type, fk_generation, is_primary)
VALUES (500, 16, 3, True);
INSERT INTO pokemon.form_has_type_per_generation (fk_form, fk_type, fk_generation, is_primary)
VALUES (500, 3, 3, False);

INSERT INTO pokemon.form (name, is_default, fk_pokemon_species, height, weight, legacy_cry, latest_cry, artwork, shiny_artwork)
VALUES ('rayquaza-mega', False, 382, 108, 3920, None, https://raw.githubusercontent.com/PokeAPI/cries/main/cries/pokemon/latest/10079.ogg, https://raw.githubusercontent.com/PokeAPI/sprites/master/sprites/pokemon/other/official-artwork/10079.png, https://raw.githubusercontent.com/PokeAPI/sprites/master/sprites/pokemon/other/official-artwork/shiny/10079.png);
INSERT INTO pokemon.base_stats (base_hp, base_attack, base_defense, base_special_attack, base_special_defense, base_speed, fk_generation, fk_form)
VALUES (105, 180, 100, 180, 100, 115, 6, 501);
INSERT INTO pokemon.form_has_type_per_generation (fk_form, fk_type, fk_generation, is_primary)
VALUES (501, 16, 6, True);
INSERT INTO pokemon.form_has_type_per_generation (fk_form, fk_type, fk_generation, is_primary)
VALUES (501, 3, 6, False);

INSERT INTO pokemon.pokemon_species (name, pokedex_index, is_baby, is_legendary, is_mythical, evolves_from)
VALUES ('jirachi', 385, False, False, True, None);
INSERT INTO pokemon.form (name, is_default, fk_pokemon_species, height, weight, legacy_cry, latest_cry, artwork, shiny_artwork)
VALUES ('jirachi', True, 383, 3, 11, https://raw.githubusercontent.com/PokeAPI/cries/main/cries/pokemon/legacy/385.ogg, https://raw.githubusercontent.com/PokeAPI/cries/main/cries/pokemon/latest/385.ogg, https://raw.githubusercontent.com/PokeAPI/sprites/master/sprites/pokemon/other/official-artwork/385.png, https://raw.githubusercontent.com/PokeAPI/sprites/master/sprites/pokemon/other/official-artwork/shiny/385.png);
INSERT INTO pokemon.base_stats (base_hp, base_attack, base_defense, base_special_attack, base_special_defense, base_speed, fk_generation, fk_form)
VALUES (100, 100, 100, 100, 100, 100, 3, 502);
INSERT INTO pokemon.form_has_type_per_generation (fk_form, fk_type, fk_generation, is_primary)
VALUES (502, 9, 3, True);
INSERT INTO pokemon.form_has_type_per_generation (fk_form, fk_type, fk_generation, is_primary)
VALUES (502, 14, 3, False);

INSERT INTO pokemon.pokemon_species (name, pokedex_index, is_baby, is_legendary, is_mythical, evolves_from)
VALUES ('deoxys', 386, False, False, True, None);
INSERT INTO pokemon.form (name, is_default, fk_pokemon_species, height, weight, legacy_cry, latest_cry, artwork, shiny_artwork)
VALUES ('deoxys-normal', False, 384, 17, 608, https://raw.githubusercontent.com/PokeAPI/cries/main/cries/pokemon/legacy/386.ogg, https://raw.githubusercontent.com/PokeAPI/cries/main/cries/pokemon/latest/386.ogg, https://raw.githubusercontent.com/PokeAPI/sprites/master/sprites/pokemon/other/official-artwork/386.png, https://raw.githubusercontent.com/PokeAPI/sprites/master/sprites/pokemon/other/official-artwork/shiny/386.png);
INSERT INTO pokemon.base_stats (base_hp, base_attack, base_defense, base_special_attack, base_special_defense, base_speed, fk_generation, fk_form)
VALUES (50, 150, 50, 150, 50, 150, 3, 503);
INSERT INTO pokemon.form_has_type_per_generation (fk_form, fk_type, fk_generation, is_primary)
VALUES (503, 14, 3, True);

INSERT INTO pokemon.form (name, is_default, fk_pokemon_species, height, weight, legacy_cry, latest_cry, artwork, shiny_artwork)
VALUES ('deoxys-attack', False, 384, 17, 608, None, https://raw.githubusercontent.com/PokeAPI/cries/main/cries/pokemon/latest/10001.ogg, https://raw.githubusercontent.com/PokeAPI/sprites/master/sprites/pokemon/other/official-artwork/10001.png, https://raw.githubusercontent.com/PokeAPI/sprites/master/sprites/pokemon/other/official-artwork/shiny/10001.png);
INSERT INTO pokemon.base_stats (base_hp, base_attack, base_defense, base_special_attack, base_special_defense, base_speed, fk_generation, fk_form)
VALUES (50, 180, 20, 180, 20, 150, 3, 504);
INSERT INTO pokemon.form_has_type_per_generation (fk_form, fk_type, fk_generation, is_primary)
VALUES (504, 14, 3, True);

INSERT INTO pokemon.form (name, is_default, fk_pokemon_species, height, weight, legacy_cry, latest_cry, artwork, shiny_artwork)
VALUES ('deoxys-defense', False, 384, 17, 608, None, https://raw.githubusercontent.com/PokeAPI/cries/main/cries/pokemon/latest/10002.ogg, https://raw.githubusercontent.com/PokeAPI/sprites/master/sprites/pokemon/other/official-artwork/10002.png, https://raw.githubusercontent.com/PokeAPI/sprites/master/sprites/pokemon/other/official-artwork/shiny/10002.png);
INSERT INTO pokemon.base_stats (base_hp, base_attack, base_defense, base_special_attack, base_special_defense, base_speed, fk_generation, fk_form)
VALUES (50, 70, 160, 70, 160, 90, 3, 505);
INSERT INTO pokemon.form_has_type_per_generation (fk_form, fk_type, fk_generation, is_primary)
VALUES (505, 14, 3, True);

INSERT INTO pokemon.form (name, is_default, fk_pokemon_species, height, weight, legacy_cry, latest_cry, artwork, shiny_artwork)
VALUES ('deoxys-speed', False, 384, 17, 608, None, https://raw.githubusercontent.com/PokeAPI/cries/main/cries/pokemon/latest/10003.ogg, https://raw.githubusercontent.com/PokeAPI/sprites/master/sprites/pokemon/other/official-artwork/10003.png, https://raw.githubusercontent.com/PokeAPI/sprites/master/sprites/pokemon/other/official-artwork/shiny/10003.png);
INSERT INTO pokemon.base_stats (base_hp, base_attack, base_defense, base_special_attack, base_special_defense, base_speed, fk_generation, fk_form)
VALUES (50, 95, 90, 95, 90, 180, 3, 506);
INSERT INTO pokemon.form_has_type_per_generation (fk_form, fk_type, fk_generation, is_primary)
VALUES (506, 14, 3, True);

INSERT INTO pokemon.pokemon_species (name, pokedex_index, is_baby, is_legendary, is_mythical, evolves_from)
VALUES ('delcatty', 301, False, False, False, skitty);
INSERT INTO pokemon.form (name, is_default, fk_pokemon_species, height, weight, legacy_cry, latest_cry, artwork, shiny_artwork)
VALUES ('delcatty', True, 385, 11, 326, https://raw.githubusercontent.com/PokeAPI/cries/main/cries/pokemon/legacy/301.ogg, https://raw.githubusercontent.com/PokeAPI/cries/main/cries/pokemon/latest/301.ogg, https://raw.githubusercontent.com/PokeAPI/sprites/master/sprites/pokemon/other/official-artwork/301.png, https://raw.githubusercontent.com/PokeAPI/sprites/master/sprites/pokemon/other/official-artwork/shiny/301.png);
INSERT INTO pokemon.base_stats (base_hp, base_attack, base_defense, base_special_attack, base_special_defense, base_speed, fk_generation, fk_form)
VALUES (70, 65, 65, 55, 55, 90, 3, 507);
INSERT INTO pokemon.form_has_type_per_generation (fk_form, fk_type, fk_generation, is_primary)
VALUES (507, 1, 3, True);

INSERT INTO pokemon.pokemon_species (name, pokedex_index, is_baby, is_legendary, is_mythical, evolves_from)
VALUES ('metagross', 376, False, False, False, metang);
INSERT INTO pokemon.form (name, is_default, fk_pokemon_species, height, weight, legacy_cry, latest_cry, artwork, shiny_artwork)
VALUES ('metagross', True, 386, 16, 5500, https://raw.githubusercontent.com/PokeAPI/cries/main/cries/pokemon/legacy/376.ogg, https://raw.githubusercontent.com/PokeAPI/cries/main/cries/pokemon/latest/376.ogg, https://raw.githubusercontent.com/PokeAPI/sprites/master/sprites/pokemon/other/official-artwork/376.png, https://raw.githubusercontent.com/PokeAPI/sprites/master/sprites/pokemon/other/official-artwork/shiny/376.png);
INSERT INTO pokemon.base_stats (base_hp, base_attack, base_defense, base_special_attack, base_special_defense, base_speed, fk_generation, fk_form)
VALUES (80, 135, 130, 95, 90, 70, 3, 508);
INSERT INTO pokemon.form_has_type_per_generation (fk_form, fk_type, fk_generation, is_primary)
VALUES (508, 9, 3, True);
INSERT INTO pokemon.form_has_type_per_generation (fk_form, fk_type, fk_generation, is_primary)
VALUES (508, 14, 3, False);

INSERT INTO pokemon.form (name, is_default, fk_pokemon_species, height, weight, legacy_cry, latest_cry, artwork, shiny_artwork)
VALUES ('metagross-mega', False, 386, 25, 9429, None, https://raw.githubusercontent.com/PokeAPI/cries/main/cries/pokemon/latest/10076.ogg, https://raw.githubusercontent.com/PokeAPI/sprites/master/sprites/pokemon/other/official-artwork/10076.png, https://raw.githubusercontent.com/PokeAPI/sprites/master/sprites/pokemon/other/official-artwork/shiny/10076.png);
INSERT INTO pokemon.base_stats (base_hp, base_attack, base_defense, base_special_attack, base_special_defense, base_speed, fk_generation, fk_form)
VALUES (80, 145, 150, 105, 110, 110, 6, 509);
INSERT INTO pokemon.form_has_type_per_generation (fk_form, fk_type, fk_generation, is_primary)
VALUES (509, 9, 6, True);
INSERT INTO pokemon.form_has_type_per_generation (fk_form, fk_type, fk_generation, is_primary)
VALUES (509, 14, 6, False);



-- POKEMON-SPECIES, FORMS, ITS TYPES AND BASE_STATS
-- POKEMON-SPECIES, FORMS, ITS TYPES AND BASE_STATS
-- POKEMON-SPECIES, FORMS, ITS TYPES AND BASE_STATS
INSERT INTO pokemon.pokemon_species (name, pokedex_index, is_baby, is_legendary, is_mythical, evolves_from)
VALUES ('turtwig', 387, False, False, False, None);
INSERT INTO pokemon.form (name, is_default, fk_pokemon_species, height, weight, legacy_cry, latest_cry, artwork, shiny_artwork)
VALUES ('turtwig', True, 387, 4, 102, https://raw.githubusercontent.com/PokeAPI/cries/main/cries/pokemon/legacy/387.ogg, https://raw.githubusercontent.com/PokeAPI/cries/main/cries/pokemon/latest/387.ogg, https://raw.githubusercontent.com/PokeAPI/sprites/master/sprites/pokemon/other/official-artwork/387.png, https://raw.githubusercontent.com/PokeAPI/sprites/master/sprites/pokemon/other/official-artwork/shiny/387.png);
INSERT INTO pokemon.base_stats (base_hp, base_attack, base_defense, base_special_attack, base_special_defense, base_speed, fk_generation, fk_form)
VALUES (55, 68, 64, 45, 55, 31, 4, 510);
INSERT INTO pokemon.form_has_type_per_generation (fk_form, fk_type, fk_generation, is_primary)
VALUES (510, 12, 4, True);

INSERT INTO pokemon.pokemon_species (name, pokedex_index, is_baby, is_legendary, is_mythical, evolves_from)
VALUES ('chimchar', 390, False, False, False, None);
INSERT INTO pokemon.form (name, is_default, fk_pokemon_species, height, weight, legacy_cry, latest_cry, artwork, shiny_artwork)
VALUES ('chimchar', True, 388, 5, 62, https://raw.githubusercontent.com/PokeAPI/cries/main/cries/pokemon/legacy/390.ogg, https://raw.githubusercontent.com/PokeAPI/cries/main/cries/pokemon/latest/390.ogg, https://raw.githubusercontent.com/PokeAPI/sprites/master/sprites/pokemon/other/official-artwork/390.png, https://raw.githubusercontent.com/PokeAPI/sprites/master/sprites/pokemon/other/official-artwork/shiny/390.png);
INSERT INTO pokemon.base_stats (base_hp, base_attack, base_defense, base_special_attack, base_special_defense, base_speed, fk_generation, fk_form)
VALUES (44, 58, 44, 58, 44, 61, 4, 511);
INSERT INTO pokemon.form_has_type_per_generation (fk_form, fk_type, fk_generation, is_primary)
VALUES (511, 10, 4, True);

INSERT INTO pokemon.pokemon_species (name, pokedex_index, is_baby, is_legendary, is_mythical, evolves_from)
VALUES ('piplup', 393, False, False, False, None);
INSERT INTO pokemon.form (name, is_default, fk_pokemon_species, height, weight, legacy_cry, latest_cry, artwork, shiny_artwork)
VALUES ('piplup', True, 389, 4, 52, https://raw.githubusercontent.com/PokeAPI/cries/main/cries/pokemon/legacy/393.ogg, https://raw.githubusercontent.com/PokeAPI/cries/main/cries/pokemon/latest/393.ogg, https://raw.githubusercontent.com/PokeAPI/sprites/master/sprites/pokemon/other/official-artwork/393.png, https://raw.githubusercontent.com/PokeAPI/sprites/master/sprites/pokemon/other/official-artwork/shiny/393.png);
INSERT INTO pokemon.base_stats (base_hp, base_attack, base_defense, base_special_attack, base_special_defense, base_speed, fk_generation, fk_form)
VALUES (53, 51, 53, 61, 56, 40, 4, 512);
INSERT INTO pokemon.form_has_type_per_generation (fk_form, fk_type, fk_generation, is_primary)
VALUES (512, 11, 4, True);

INSERT INTO pokemon.pokemon_species (name, pokedex_index, is_baby, is_legendary, is_mythical, evolves_from)
VALUES ('starly', 396, False, False, False, None);
INSERT INTO pokemon.form (name, is_default, fk_pokemon_species, height, weight, legacy_cry, latest_cry, artwork, shiny_artwork)
VALUES ('starly', True, 390, 3, 20, https://raw.githubusercontent.com/PokeAPI/cries/main/cries/pokemon/legacy/396.ogg, https://raw.githubusercontent.com/PokeAPI/cries/main/cries/pokemon/latest/396.ogg, https://raw.githubusercontent.com/PokeAPI/sprites/master/sprites/pokemon/other/official-artwork/396.png, https://raw.githubusercontent.com/PokeAPI/sprites/master/sprites/pokemon/other/official-artwork/shiny/396.png);
INSERT INTO pokemon.base_stats (base_hp, base_attack, base_defense, base_special_attack, base_special_defense, base_speed, fk_generation, fk_form)
VALUES (40, 55, 30, 30, 30, 60, 4, 513);
INSERT INTO pokemon.form_has_type_per_generation (fk_form, fk_type, fk_generation, is_primary)
VALUES (513, 1, 4, True);
INSERT INTO pokemon.form_has_type_per_generation (fk_form, fk_type, fk_generation, is_primary)
VALUES (513, 3, 4, False);

INSERT INTO pokemon.pokemon_species (name, pokedex_index, is_baby, is_legendary, is_mythical, evolves_from)
VALUES ('bidoof', 399, False, False, False, None);
INSERT INTO pokemon.form (name, is_default, fk_pokemon_species, height, weight, legacy_cry, latest_cry, artwork, shiny_artwork)
VALUES ('bidoof', True, 391, 5, 200, https://raw.githubusercontent.com/PokeAPI/cries/main/cries/pokemon/legacy/399.ogg, https://raw.githubusercontent.com/PokeAPI/cries/main/cries/pokemon/latest/399.ogg, https://raw.githubusercontent.com/PokeAPI/sprites/master/sprites/pokemon/other/official-artwork/399.png, https://raw.githubusercontent.com/PokeAPI/sprites/master/sprites/pokemon/other/official-artwork/shiny/399.png);
INSERT INTO pokemon.base_stats (base_hp, base_attack, base_defense, base_special_attack, base_special_defense, base_speed, fk_generation, fk_form)
VALUES (59, 45, 40, 35, 40, 31, 4, 514);
INSERT INTO pokemon.form_has_type_per_generation (fk_form, fk_type, fk_generation, is_primary)
VALUES (514, 1, 4, True);

INSERT INTO pokemon.pokemon_species (name, pokedex_index, is_baby, is_legendary, is_mythical, evolves_from)
VALUES ('kricketot', 401, False, False, False, None);
INSERT INTO pokemon.form (name, is_default, fk_pokemon_species, height, weight, legacy_cry, latest_cry, artwork, shiny_artwork)
VALUES ('kricketot', True, 392, 3, 22, https://raw.githubusercontent.com/PokeAPI/cries/main/cries/pokemon/legacy/401.ogg, https://raw.githubusercontent.com/PokeAPI/cries/main/cries/pokemon/latest/401.ogg, https://raw.githubusercontent.com/PokeAPI/sprites/master/sprites/pokemon/other/official-artwork/401.png, https://raw.githubusercontent.com/PokeAPI/sprites/master/sprites/pokemon/other/official-artwork/shiny/401.png);
INSERT INTO pokemon.base_stats (base_hp, base_attack, base_defense, base_special_attack, base_special_defense, base_speed, fk_generation, fk_form)
VALUES (37, 25, 41, 25, 41, 25, 4, 515);
INSERT INTO pokemon.form_has_type_per_generation (fk_form, fk_type, fk_generation, is_primary)
VALUES (515, 7, 4, True);

INSERT INTO pokemon.pokemon_species (name, pokedex_index, is_baby, is_legendary, is_mythical, evolves_from)
VALUES ('shinx', 403, False, False, False, None);
INSERT INTO pokemon.form (name, is_default, fk_pokemon_species, height, weight, legacy_cry, latest_cry, artwork, shiny_artwork)
VALUES ('shinx', True, 393, 5, 95, https://raw.githubusercontent.com/PokeAPI/cries/main/cries/pokemon/legacy/403.ogg, https://raw.githubusercontent.com/PokeAPI/cries/main/cries/pokemon/latest/403.ogg, https://raw.githubusercontent.com/PokeAPI/sprites/master/sprites/pokemon/other/official-artwork/403.png, https://raw.githubusercontent.com/PokeAPI/sprites/master/sprites/pokemon/other/official-artwork/shiny/403.png);
INSERT INTO pokemon.base_stats (base_hp, base_attack, base_defense, base_special_attack, base_special_defense, base_speed, fk_generation, fk_form)
VALUES (45, 65, 34, 40, 34, 45, 4, 516);
INSERT INTO pokemon.form_has_type_per_generation (fk_form, fk_type, fk_generation, is_primary)
VALUES (516, 13, 4, True);

INSERT INTO pokemon.pokemon_species (name, pokedex_index, is_baby, is_legendary, is_mythical, evolves_from)
VALUES ('budew', 406, True, False, False, None);
INSERT INTO pokemon.form (name, is_default, fk_pokemon_species, height, weight, legacy_cry, latest_cry, artwork, shiny_artwork)
VALUES ('budew', True, 394, 2, 12, https://raw.githubusercontent.com/PokeAPI/cries/main/cries/pokemon/legacy/406.ogg, https://raw.githubusercontent.com/PokeAPI/cries/main/cries/pokemon/latest/406.ogg, https://raw.githubusercontent.com/PokeAPI/sprites/master/sprites/pokemon/other/official-artwork/406.png, https://raw.githubusercontent.com/PokeAPI/sprites/master/sprites/pokemon/other/official-artwork/shiny/406.png);
INSERT INTO pokemon.base_stats (base_hp, base_attack, base_defense, base_special_attack, base_special_defense, base_speed, fk_generation, fk_form)
VALUES (40, 30, 35, 50, 70, 55, 4, 517);
INSERT INTO pokemon.form_has_type_per_generation (fk_form, fk_type, fk_generation, is_primary)
VALUES (517, 12, 4, True);
INSERT INTO pokemon.form_has_type_per_generation (fk_form, fk_type, fk_generation, is_primary)
VALUES (517, 4, 4, False);

INSERT INTO pokemon.pokemon_species (name, pokedex_index, is_baby, is_legendary, is_mythical, evolves_from)
VALUES ('cranidos', 408, False, False, False, None);
INSERT INTO pokemon.form (name, is_default, fk_pokemon_species, height, weight, legacy_cry, latest_cry, artwork, shiny_artwork)
VALUES ('cranidos', True, 395, 9, 315, https://raw.githubusercontent.com/PokeAPI/cries/main/cries/pokemon/legacy/408.ogg, https://raw.githubusercontent.com/PokeAPI/cries/main/cries/pokemon/latest/408.ogg, https://raw.githubusercontent.com/PokeAPI/sprites/master/sprites/pokemon/other/official-artwork/408.png, https://raw.githubusercontent.com/PokeAPI/sprites/master/sprites/pokemon/other/official-artwork/shiny/408.png);
INSERT INTO pokemon.base_stats (base_hp, base_attack, base_defense, base_special_attack, base_special_defense, base_speed, fk_generation, fk_form)
VALUES (67, 125, 40, 30, 30, 58, 4, 518);
INSERT INTO pokemon.form_has_type_per_generation (fk_form, fk_type, fk_generation, is_primary)
VALUES (518, 6, 4, True);

INSERT INTO pokemon.pokemon_species (name, pokedex_index, is_baby, is_legendary, is_mythical, evolves_from)
VALUES ('shieldon', 410, False, False, False, None);
INSERT INTO pokemon.form (name, is_default, fk_pokemon_species, height, weight, legacy_cry, latest_cry, artwork, shiny_artwork)
VALUES ('shieldon', True, 396, 5, 570, https://raw.githubusercontent.com/PokeAPI/cries/main/cries/pokemon/legacy/410.ogg, https://raw.githubusercontent.com/PokeAPI/cries/main/cries/pokemon/latest/410.ogg, https://raw.githubusercontent.com/PokeAPI/sprites/master/sprites/pokemon/other/official-artwork/410.png, https://raw.githubusercontent.com/PokeAPI/sprites/master/sprites/pokemon/other/official-artwork/shiny/410.png);
INSERT INTO pokemon.base_stats (base_hp, base_attack, base_defense, base_special_attack, base_special_defense, base_speed, fk_generation, fk_form)
VALUES (30, 42, 118, 42, 88, 30, 4, 519);
INSERT INTO pokemon.form_has_type_per_generation (fk_form, fk_type, fk_generation, is_primary)
VALUES (519, 6, 4, True);
INSERT INTO pokemon.form_has_type_per_generation (fk_form, fk_type, fk_generation, is_primary)
VALUES (519, 9, 4, False);

INSERT INTO pokemon.pokemon_species (name, pokedex_index, is_baby, is_legendary, is_mythical, evolves_from)
VALUES ('burmy', 412, False, False, False, None);
INSERT INTO pokemon.form (name, is_default, fk_pokemon_species, height, weight, legacy_cry, latest_cry, artwork, shiny_artwork)
VALUES ('burmy', True, 397, 2, 34, https://raw.githubusercontent.com/PokeAPI/cries/main/cries/pokemon/legacy/412.ogg, https://raw.githubusercontent.com/PokeAPI/cries/main/cries/pokemon/latest/412.ogg, https://raw.githubusercontent.com/PokeAPI/sprites/master/sprites/pokemon/other/official-artwork/412.png, https://raw.githubusercontent.com/PokeAPI/sprites/master/sprites/pokemon/other/official-artwork/shiny/412.png);
INSERT INTO pokemon.base_stats (base_hp, base_attack, base_defense, base_special_attack, base_special_defense, base_speed, fk_generation, fk_form)
VALUES (40, 29, 45, 29, 45, 36, 4, 520);
INSERT INTO pokemon.form_has_type_per_generation (fk_form, fk_type, fk_generation, is_primary)
VALUES (520, 7, 4, True);

INSERT INTO pokemon.pokemon_species (name, pokedex_index, is_baby, is_legendary, is_mythical, evolves_from)
VALUES ('combee', 415, False, False, False, None);
INSERT INTO pokemon.form (name, is_default, fk_pokemon_species, height, weight, legacy_cry, latest_cry, artwork, shiny_artwork)
VALUES ('combee', True, 398, 3, 55, https://raw.githubusercontent.com/PokeAPI/cries/main/cries/pokemon/legacy/415.ogg, https://raw.githubusercontent.com/PokeAPI/cries/main/cries/pokemon/latest/415.ogg, https://raw.githubusercontent.com/PokeAPI/sprites/master/sprites/pokemon/other/official-artwork/415.png, https://raw.githubusercontent.com/PokeAPI/sprites/master/sprites/pokemon/other/official-artwork/shiny/415.png);
INSERT INTO pokemon.base_stats (base_hp, base_attack, base_defense, base_special_attack, base_special_defense, base_speed, fk_generation, fk_form)
VALUES (30, 30, 42, 30, 42, 70, 4, 521);
INSERT INTO pokemon.form_has_type_per_generation (fk_form, fk_type, fk_generation, is_primary)
VALUES (521, 7, 4, True);
INSERT INTO pokemon.form_has_type_per_generation (fk_form, fk_type, fk_generation, is_primary)
VALUES (521, 3, 4, False);

INSERT INTO pokemon.pokemon_species (name, pokedex_index, is_baby, is_legendary, is_mythical, evolves_from)
VALUES ('pachirisu', 417, False, False, False, None);
INSERT INTO pokemon.form (name, is_default, fk_pokemon_species, height, weight, legacy_cry, latest_cry, artwork, shiny_artwork)
VALUES ('pachirisu', True, 399, 4, 39, https://raw.githubusercontent.com/PokeAPI/cries/main/cries/pokemon/legacy/417.ogg, https://raw.githubusercontent.com/PokeAPI/cries/main/cries/pokemon/latest/417.ogg, https://raw.githubusercontent.com/PokeAPI/sprites/master/sprites/pokemon/other/official-artwork/417.png, https://raw.githubusercontent.com/PokeAPI/sprites/master/sprites/pokemon/other/official-artwork/shiny/417.png);
INSERT INTO pokemon.base_stats (base_hp, base_attack, base_defense, base_special_attack, base_special_defense, base_speed, fk_generation, fk_form)
VALUES (60, 45, 70, 45, 90, 95, 4, 522);
INSERT INTO pokemon.form_has_type_per_generation (fk_form, fk_type, fk_generation, is_primary)
VALUES (522, 13, 4, True);

INSERT INTO pokemon.pokemon_species (name, pokedex_index, is_baby, is_legendary, is_mythical, evolves_from)
VALUES ('buizel', 418, False, False, False, None);
INSERT INTO pokemon.form (name, is_default, fk_pokemon_species, height, weight, legacy_cry, latest_cry, artwork, shiny_artwork)
VALUES ('buizel', True, 400, 7, 295, https://raw.githubusercontent.com/PokeAPI/cries/main/cries/pokemon/legacy/418.ogg, https://raw.githubusercontent.com/PokeAPI/cries/main/cries/pokemon/latest/418.ogg, https://raw.githubusercontent.com/PokeAPI/sprites/master/sprites/pokemon/other/official-artwork/418.png, https://raw.githubusercontent.com/PokeAPI/sprites/master/sprites/pokemon/other/official-artwork/shiny/418.png);
INSERT INTO pokemon.base_stats (base_hp, base_attack, base_defense, base_special_attack, base_special_defense, base_speed, fk_generation, fk_form)
VALUES (55, 65, 35, 60, 30, 85, 4, 523);
INSERT INTO pokemon.form_has_type_per_generation (fk_form, fk_type, fk_generation, is_primary)
VALUES (523, 11, 4, True);

INSERT INTO pokemon.pokemon_species (name, pokedex_index, is_baby, is_legendary, is_mythical, evolves_from)
VALUES ('cherubi', 420, False, False, False, None);
INSERT INTO pokemon.form (name, is_default, fk_pokemon_species, height, weight, legacy_cry, latest_cry, artwork, shiny_artwork)
VALUES ('cherubi', True, 401, 4, 33, https://raw.githubusercontent.com/PokeAPI/cries/main/cries/pokemon/legacy/420.ogg, https://raw.githubusercontent.com/PokeAPI/cries/main/cries/pokemon/latest/420.ogg, https://raw.githubusercontent.com/PokeAPI/sprites/master/sprites/pokemon/other/official-artwork/420.png, https://raw.githubusercontent.com/PokeAPI/sprites/master/sprites/pokemon/other/official-artwork/shiny/420.png);
INSERT INTO pokemon.base_stats (base_hp, base_attack, base_defense, base_special_attack, base_special_defense, base_speed, fk_generation, fk_form)
VALUES (45, 35, 45, 62, 53, 35, 4, 524);
INSERT INTO pokemon.form_has_type_per_generation (fk_form, fk_type, fk_generation, is_primary)
VALUES (524, 12, 4, True);

INSERT INTO pokemon.pokemon_species (name, pokedex_index, is_baby, is_legendary, is_mythical, evolves_from)
VALUES ('shellos', 422, False, False, False, None);
INSERT INTO pokemon.form (name, is_default, fk_pokemon_species, height, weight, legacy_cry, latest_cry, artwork, shiny_artwork)
VALUES ('shellos', True, 402, 3, 63, https://raw.githubusercontent.com/PokeAPI/cries/main/cries/pokemon/legacy/422.ogg, https://raw.githubusercontent.com/PokeAPI/cries/main/cries/pokemon/latest/422.ogg, https://raw.githubusercontent.com/PokeAPI/sprites/master/sprites/pokemon/other/official-artwork/422.png, https://raw.githubusercontent.com/PokeAPI/sprites/master/sprites/pokemon/other/official-artwork/shiny/422.png);
INSERT INTO pokemon.base_stats (base_hp, base_attack, base_defense, base_special_attack, base_special_defense, base_speed, fk_generation, fk_form)
VALUES (76, 48, 48, 57, 62, 34, 4, 525);
INSERT INTO pokemon.form_has_type_per_generation (fk_form, fk_type, fk_generation, is_primary)
VALUES (525, 11, 4, True);

INSERT INTO pokemon.pokemon_species (name, pokedex_index, is_baby, is_legendary, is_mythical, evolves_from)
VALUES ('drifloon', 425, False, False, False, None);
INSERT INTO pokemon.form (name, is_default, fk_pokemon_species, height, weight, legacy_cry, latest_cry, artwork, shiny_artwork)
VALUES ('drifloon', True, 403, 4, 12, https://raw.githubusercontent.com/PokeAPI/cries/main/cries/pokemon/legacy/425.ogg, https://raw.githubusercontent.com/PokeAPI/cries/main/cries/pokemon/latest/425.ogg, https://raw.githubusercontent.com/PokeAPI/sprites/master/sprites/pokemon/other/official-artwork/425.png, https://raw.githubusercontent.com/PokeAPI/sprites/master/sprites/pokemon/other/official-artwork/shiny/425.png);
INSERT INTO pokemon.base_stats (base_hp, base_attack, base_defense, base_special_attack, base_special_defense, base_speed, fk_generation, fk_form)
VALUES (90, 50, 34, 60, 44, 70, 4, 526);
INSERT INTO pokemon.form_has_type_per_generation (fk_form, fk_type, fk_generation, is_primary)
VALUES (526, 8, 4, True);
INSERT INTO pokemon.form_has_type_per_generation (fk_form, fk_type, fk_generation, is_primary)
VALUES (526, 3, 4, False);

INSERT INTO pokemon.pokemon_species (name, pokedex_index, is_baby, is_legendary, is_mythical, evolves_from)
VALUES ('buneary', 427, False, False, False, None);
INSERT INTO pokemon.form (name, is_default, fk_pokemon_species, height, weight, legacy_cry, latest_cry, artwork, shiny_artwork)
VALUES ('buneary', True, 404, 4, 55, https://raw.githubusercontent.com/PokeAPI/cries/main/cries/pokemon/legacy/427.ogg, https://raw.githubusercontent.com/PokeAPI/cries/main/cries/pokemon/latest/427.ogg, https://raw.githubusercontent.com/PokeAPI/sprites/master/sprites/pokemon/other/official-artwork/427.png, https://raw.githubusercontent.com/PokeAPI/sprites/master/sprites/pokemon/other/official-artwork/shiny/427.png);
INSERT INTO pokemon.base_stats (base_hp, base_attack, base_defense, base_special_attack, base_special_defense, base_speed, fk_generation, fk_form)
VALUES (55, 66, 44, 44, 56, 85, 4, 527);
INSERT INTO pokemon.form_has_type_per_generation (fk_form, fk_type, fk_generation, is_primary)
VALUES (527, 1, 4, True);

INSERT INTO pokemon.pokemon_species (name, pokedex_index, is_baby, is_legendary, is_mythical, evolves_from)
VALUES ('glameow', 431, False, False, False, None);
INSERT INTO pokemon.form (name, is_default, fk_pokemon_species, height, weight, legacy_cry, latest_cry, artwork, shiny_artwork)
VALUES ('glameow', True, 405, 5, 39, https://raw.githubusercontent.com/PokeAPI/cries/main/cries/pokemon/legacy/431.ogg, https://raw.githubusercontent.com/PokeAPI/cries/main/cries/pokemon/latest/431.ogg, https://raw.githubusercontent.com/PokeAPI/sprites/master/sprites/pokemon/other/official-artwork/431.png, https://raw.githubusercontent.com/PokeAPI/sprites/master/sprites/pokemon/other/official-artwork/shiny/431.png);
INSERT INTO pokemon.base_stats (base_hp, base_attack, base_defense, base_special_attack, base_special_defense, base_speed, fk_generation, fk_form)
VALUES (49, 55, 42, 42, 37, 85, 4, 528);
INSERT INTO pokemon.form_has_type_per_generation (fk_form, fk_type, fk_generation, is_primary)
VALUES (528, 1, 4, True);

INSERT INTO pokemon.pokemon_species (name, pokedex_index, is_baby, is_legendary, is_mythical, evolves_from)
VALUES ('chingling', 433, True, False, False, None);
INSERT INTO pokemon.form (name, is_default, fk_pokemon_species, height, weight, legacy_cry, latest_cry, artwork, shiny_artwork)
VALUES ('chingling', True, 406, 2, 6, https://raw.githubusercontent.com/PokeAPI/cries/main/cries/pokemon/legacy/433.ogg, https://raw.githubusercontent.com/PokeAPI/cries/main/cries/pokemon/latest/433.ogg, https://raw.githubusercontent.com/PokeAPI/sprites/master/sprites/pokemon/other/official-artwork/433.png, https://raw.githubusercontent.com/PokeAPI/sprites/master/sprites/pokemon/other/official-artwork/shiny/433.png);
INSERT INTO pokemon.base_stats (base_hp, base_attack, base_defense, base_special_attack, base_special_defense, base_speed, fk_generation, fk_form)
VALUES (45, 30, 50, 65, 50, 45, 4, 529);
INSERT INTO pokemon.form_has_type_per_generation (fk_form, fk_type, fk_generation, is_primary)
VALUES (529, 14, 4, True);

INSERT INTO pokemon.pokemon_species (name, pokedex_index, is_baby, is_legendary, is_mythical, evolves_from)
VALUES ('stunky', 434, False, False, False, None);
INSERT INTO pokemon.form (name, is_default, fk_pokemon_species, height, weight, legacy_cry, latest_cry, artwork, shiny_artwork)
VALUES ('stunky', True, 407, 4, 192, https://raw.githubusercontent.com/PokeAPI/cries/main/cries/pokemon/legacy/434.ogg, https://raw.githubusercontent.com/PokeAPI/cries/main/cries/pokemon/latest/434.ogg, https://raw.githubusercontent.com/PokeAPI/sprites/master/sprites/pokemon/other/official-artwork/434.png, https://raw.githubusercontent.com/PokeAPI/sprites/master/sprites/pokemon/other/official-artwork/shiny/434.png);
INSERT INTO pokemon.base_stats (base_hp, base_attack, base_defense, base_special_attack, base_special_defense, base_speed, fk_generation, fk_form)
VALUES (63, 63, 47, 41, 41, 74, 4, 530);
INSERT INTO pokemon.form_has_type_per_generation (fk_form, fk_type, fk_generation, is_primary)
VALUES (530, 4, 4, True);
INSERT INTO pokemon.form_has_type_per_generation (fk_form, fk_type, fk_generation, is_primary)
VALUES (530, 17, 4, False);

INSERT INTO pokemon.pokemon_species (name, pokedex_index, is_baby, is_legendary, is_mythical, evolves_from)
VALUES ('bronzor', 436, False, False, False, None);
INSERT INTO pokemon.form (name, is_default, fk_pokemon_species, height, weight, legacy_cry, latest_cry, artwork, shiny_artwork)
VALUES ('bronzor', True, 408, 5, 605, https://raw.githubusercontent.com/PokeAPI/cries/main/cries/pokemon/legacy/436.ogg, https://raw.githubusercontent.com/PokeAPI/cries/main/cries/pokemon/latest/436.ogg, https://raw.githubusercontent.com/PokeAPI/sprites/master/sprites/pokemon/other/official-artwork/436.png, https://raw.githubusercontent.com/PokeAPI/sprites/master/sprites/pokemon/other/official-artwork/shiny/436.png);
INSERT INTO pokemon.base_stats (base_hp, base_attack, base_defense, base_special_attack, base_special_defense, base_speed, fk_generation, fk_form)
VALUES (57, 24, 86, 24, 86, 23, 4, 531);
INSERT INTO pokemon.form_has_type_per_generation (fk_form, fk_type, fk_generation, is_primary)
VALUES (531, 9, 4, True);
INSERT INTO pokemon.form_has_type_per_generation (fk_form, fk_type, fk_generation, is_primary)
VALUES (531, 14, 4, False);

INSERT INTO pokemon.pokemon_species (name, pokedex_index, is_baby, is_legendary, is_mythical, evolves_from)
VALUES ('bonsly', 438, True, False, False, None);
INSERT INTO pokemon.form (name, is_default, fk_pokemon_species, height, weight, legacy_cry, latest_cry, artwork, shiny_artwork)
VALUES ('bonsly', True, 409, 5, 150, https://raw.githubusercontent.com/PokeAPI/cries/main/cries/pokemon/legacy/438.ogg, https://raw.githubusercontent.com/PokeAPI/cries/main/cries/pokemon/latest/438.ogg, https://raw.githubusercontent.com/PokeAPI/sprites/master/sprites/pokemon/other/official-artwork/438.png, https://raw.githubusercontent.com/PokeAPI/sprites/master/sprites/pokemon/other/official-artwork/shiny/438.png);
INSERT INTO pokemon.base_stats (base_hp, base_attack, base_defense, base_special_attack, base_special_defense, base_speed, fk_generation, fk_form)
VALUES (50, 80, 95, 10, 45, 10, 4, 532);
INSERT INTO pokemon.form_has_type_per_generation (fk_form, fk_type, fk_generation, is_primary)
VALUES (532, 6, 4, True);

INSERT INTO pokemon.pokemon_species (name, pokedex_index, is_baby, is_legendary, is_mythical, evolves_from)
VALUES ('mime-jr', 439, True, False, False, None);
INSERT INTO pokemon.form (name, is_default, fk_pokemon_species, height, weight, legacy_cry, latest_cry, artwork, shiny_artwork)
VALUES ('mime-jr', True, 410, 6, 130, https://raw.githubusercontent.com/PokeAPI/cries/main/cries/pokemon/legacy/439.ogg, https://raw.githubusercontent.com/PokeAPI/cries/main/cries/pokemon/latest/439.ogg, https://raw.githubusercontent.com/PokeAPI/sprites/master/sprites/pokemon/other/official-artwork/439.png, https://raw.githubusercontent.com/PokeAPI/sprites/master/sprites/pokemon/other/official-artwork/shiny/439.png);
INSERT INTO pokemon.base_stats (base_hp, base_attack, base_defense, base_special_attack, base_special_defense, base_speed, fk_generation, fk_form)
VALUES (20, 25, 45, 70, 90, 60, 4, 533);
INSERT INTO pokemon.form_has_type_per_generation (fk_form, fk_type, fk_generation, is_primary)
VALUES (533, 14, 4, True);
INSERT INTO pokemon.form_has_type_per_generation (fk_form, fk_type, fk_generation, is_primary)
VALUES (533, 18, 4, False);

INSERT INTO pokemon.pokemon_species (name, pokedex_index, is_baby, is_legendary, is_mythical, evolves_from)
VALUES ('happiny', 440, True, False, False, None);
INSERT INTO pokemon.form (name, is_default, fk_pokemon_species, height, weight, legacy_cry, latest_cry, artwork, shiny_artwork)
VALUES ('happiny', True, 411, 6, 244, https://raw.githubusercontent.com/PokeAPI/cries/main/cries/pokemon/legacy/440.ogg, https://raw.githubusercontent.com/PokeAPI/cries/main/cries/pokemon/latest/440.ogg, https://raw.githubusercontent.com/PokeAPI/sprites/master/sprites/pokemon/other/official-artwork/440.png, https://raw.githubusercontent.com/PokeAPI/sprites/master/sprites/pokemon/other/official-artwork/shiny/440.png);
INSERT INTO pokemon.base_stats (base_hp, base_attack, base_defense, base_special_attack, base_special_defense, base_speed, fk_generation, fk_form)
VALUES (100, 5, 5, 15, 65, 30, 4, 534);
INSERT INTO pokemon.form_has_type_per_generation (fk_form, fk_type, fk_generation, is_primary)
VALUES (534, 1, 4, True);

INSERT INTO pokemon.pokemon_species (name, pokedex_index, is_baby, is_legendary, is_mythical, evolves_from)
VALUES ('chatot', 441, False, False, False, None);
INSERT INTO pokemon.form (name, is_default, fk_pokemon_species, height, weight, legacy_cry, latest_cry, artwork, shiny_artwork)
VALUES ('chatot', True, 412, 5, 19, https://raw.githubusercontent.com/PokeAPI/cries/main/cries/pokemon/legacy/441.ogg, https://raw.githubusercontent.com/PokeAPI/cries/main/cries/pokemon/latest/441.ogg, https://raw.githubusercontent.com/PokeAPI/sprites/master/sprites/pokemon/other/official-artwork/441.png, https://raw.githubusercontent.com/PokeAPI/sprites/master/sprites/pokemon/other/official-artwork/shiny/441.png);
INSERT INTO pokemon.base_stats (base_hp, base_attack, base_defense, base_special_attack, base_special_defense, base_speed, fk_generation, fk_form)
VALUES (76, 65, 45, 92, 42, 91, 4, 535);
INSERT INTO pokemon.form_has_type_per_generation (fk_form, fk_type, fk_generation, is_primary)
VALUES (535, 1, 4, True);
INSERT INTO pokemon.form_has_type_per_generation (fk_form, fk_type, fk_generation, is_primary)
VALUES (535, 3, 4, False);

INSERT INTO pokemon.pokemon_species (name, pokedex_index, is_baby, is_legendary, is_mythical, evolves_from)
VALUES ('spiritomb', 442, False, False, False, None);
INSERT INTO pokemon.form (name, is_default, fk_pokemon_species, height, weight, legacy_cry, latest_cry, artwork, shiny_artwork)
VALUES ('spiritomb', True, 413, 10, 1080, https://raw.githubusercontent.com/PokeAPI/cries/main/cries/pokemon/legacy/442.ogg, https://raw.githubusercontent.com/PokeAPI/cries/main/cries/pokemon/latest/442.ogg, https://raw.githubusercontent.com/PokeAPI/sprites/master/sprites/pokemon/other/official-artwork/442.png, https://raw.githubusercontent.com/PokeAPI/sprites/master/sprites/pokemon/other/official-artwork/shiny/442.png);
INSERT INTO pokemon.base_stats (base_hp, base_attack, base_defense, base_special_attack, base_special_defense, base_speed, fk_generation, fk_form)
VALUES (50, 92, 108, 92, 108, 35, 4, 536);
INSERT INTO pokemon.form_has_type_per_generation (fk_form, fk_type, fk_generation, is_primary)
VALUES (536, 8, 4, True);
INSERT INTO pokemon.form_has_type_per_generation (fk_form, fk_type, fk_generation, is_primary)
VALUES (536, 17, 4, False);

INSERT INTO pokemon.pokemon_species (name, pokedex_index, is_baby, is_legendary, is_mythical, evolves_from)
VALUES ('gible', 443, False, False, False, None);
INSERT INTO pokemon.form (name, is_default, fk_pokemon_species, height, weight, legacy_cry, latest_cry, artwork, shiny_artwork)
VALUES ('gible', True, 414, 7, 205, https://raw.githubusercontent.com/PokeAPI/cries/main/cries/pokemon/legacy/443.ogg, https://raw.githubusercontent.com/PokeAPI/cries/main/cries/pokemon/latest/443.ogg, https://raw.githubusercontent.com/PokeAPI/sprites/master/sprites/pokemon/other/official-artwork/443.png, https://raw.githubusercontent.com/PokeAPI/sprites/master/sprites/pokemon/other/official-artwork/shiny/443.png);
INSERT INTO pokemon.base_stats (base_hp, base_attack, base_defense, base_special_attack, base_special_defense, base_speed, fk_generation, fk_form)
VALUES (58, 70, 45, 40, 45, 42, 4, 537);
INSERT INTO pokemon.form_has_type_per_generation (fk_form, fk_type, fk_generation, is_primary)
VALUES (537, 16, 4, True);
INSERT INTO pokemon.form_has_type_per_generation (fk_form, fk_type, fk_generation, is_primary)
VALUES (537, 5, 4, False);

INSERT INTO pokemon.pokemon_species (name, pokedex_index, is_baby, is_legendary, is_mythical, evolves_from)
VALUES ('munchlax', 446, True, False, False, None);
INSERT INTO pokemon.form (name, is_default, fk_pokemon_species, height, weight, legacy_cry, latest_cry, artwork, shiny_artwork)
VALUES ('munchlax', True, 415, 6, 1050, https://raw.githubusercontent.com/PokeAPI/cries/main/cries/pokemon/legacy/446.ogg, https://raw.githubusercontent.com/PokeAPI/cries/main/cries/pokemon/latest/446.ogg, https://raw.githubusercontent.com/PokeAPI/sprites/master/sprites/pokemon/other/official-artwork/446.png, https://raw.githubusercontent.com/PokeAPI/sprites/master/sprites/pokemon/other/official-artwork/shiny/446.png);
INSERT INTO pokemon.base_stats (base_hp, base_attack, base_defense, base_special_attack, base_special_defense, base_speed, fk_generation, fk_form)
VALUES (135, 85, 40, 40, 85, 5, 4, 538);
INSERT INTO pokemon.form_has_type_per_generation (fk_form, fk_type, fk_generation, is_primary)
VALUES (538, 1, 4, True);

INSERT INTO pokemon.pokemon_species (name, pokedex_index, is_baby, is_legendary, is_mythical, evolves_from)
VALUES ('riolu', 447, True, False, False, None);
INSERT INTO pokemon.form (name, is_default, fk_pokemon_species, height, weight, legacy_cry, latest_cry, artwork, shiny_artwork)
VALUES ('riolu', True, 416, 7, 202, https://raw.githubusercontent.com/PokeAPI/cries/main/cries/pokemon/legacy/447.ogg, https://raw.githubusercontent.com/PokeAPI/cries/main/cries/pokemon/latest/447.ogg, https://raw.githubusercontent.com/PokeAPI/sprites/master/sprites/pokemon/other/official-artwork/447.png, https://raw.githubusercontent.com/PokeAPI/sprites/master/sprites/pokemon/other/official-artwork/shiny/447.png);
INSERT INTO pokemon.base_stats (base_hp, base_attack, base_defense, base_special_attack, base_special_defense, base_speed, fk_generation, fk_form)
VALUES (40, 70, 40, 35, 40, 60, 4, 539);
INSERT INTO pokemon.form_has_type_per_generation (fk_form, fk_type, fk_generation, is_primary)
VALUES (539, 2, 4, True);

INSERT INTO pokemon.pokemon_species (name, pokedex_index, is_baby, is_legendary, is_mythical, evolves_from)
VALUES ('hippopotas', 449, False, False, False, None);
INSERT INTO pokemon.form (name, is_default, fk_pokemon_species, height, weight, legacy_cry, latest_cry, artwork, shiny_artwork)
VALUES ('hippopotas', True, 417, 8, 495, https://raw.githubusercontent.com/PokeAPI/cries/main/cries/pokemon/legacy/449.ogg, https://raw.githubusercontent.com/PokeAPI/cries/main/cries/pokemon/latest/449.ogg, https://raw.githubusercontent.com/PokeAPI/sprites/master/sprites/pokemon/other/official-artwork/449.png, https://raw.githubusercontent.com/PokeAPI/sprites/master/sprites/pokemon/other/official-artwork/shiny/449.png);
INSERT INTO pokemon.base_stats (base_hp, base_attack, base_defense, base_special_attack, base_special_defense, base_speed, fk_generation, fk_form)
VALUES (68, 72, 78, 38, 42, 32, 4, 540);
INSERT INTO pokemon.form_has_type_per_generation (fk_form, fk_type, fk_generation, is_primary)
VALUES (540, 5, 4, True);

INSERT INTO pokemon.pokemon_species (name, pokedex_index, is_baby, is_legendary, is_mythical, evolves_from)
VALUES ('skorupi', 451, False, False, False, None);
INSERT INTO pokemon.form (name, is_default, fk_pokemon_species, height, weight, legacy_cry, latest_cry, artwork, shiny_artwork)
VALUES ('skorupi', True, 418, 8, 120, https://raw.githubusercontent.com/PokeAPI/cries/main/cries/pokemon/legacy/451.ogg, https://raw.githubusercontent.com/PokeAPI/cries/main/cries/pokemon/latest/451.ogg, https://raw.githubusercontent.com/PokeAPI/sprites/master/sprites/pokemon/other/official-artwork/451.png, https://raw.githubusercontent.com/PokeAPI/sprites/master/sprites/pokemon/other/official-artwork/shiny/451.png);
INSERT INTO pokemon.base_stats (base_hp, base_attack, base_defense, base_special_attack, base_special_defense, base_speed, fk_generation, fk_form)
VALUES (40, 50, 90, 30, 55, 65, 4, 541);
INSERT INTO pokemon.form_has_type_per_generation (fk_form, fk_type, fk_generation, is_primary)
VALUES (541, 4, 4, True);
INSERT INTO pokemon.form_has_type_per_generation (fk_form, fk_type, fk_generation, is_primary)
VALUES (541, 7, 4, False);

INSERT INTO pokemon.pokemon_species (name, pokedex_index, is_baby, is_legendary, is_mythical, evolves_from)
VALUES ('croagunk', 453, False, False, False, None);
INSERT INTO pokemon.form (name, is_default, fk_pokemon_species, height, weight, legacy_cry, latest_cry, artwork, shiny_artwork)
VALUES ('croagunk', True, 419, 7, 230, https://raw.githubusercontent.com/PokeAPI/cries/main/cries/pokemon/legacy/453.ogg, https://raw.githubusercontent.com/PokeAPI/cries/main/cries/pokemon/latest/453.ogg, https://raw.githubusercontent.com/PokeAPI/sprites/master/sprites/pokemon/other/official-artwork/453.png, https://raw.githubusercontent.com/PokeAPI/sprites/master/sprites/pokemon/other/official-artwork/shiny/453.png);
INSERT INTO pokemon.base_stats (base_hp, base_attack, base_defense, base_special_attack, base_special_defense, base_speed, fk_generation, fk_form)
VALUES (48, 61, 40, 61, 40, 50, 4, 542);
INSERT INTO pokemon.form_has_type_per_generation (fk_form, fk_type, fk_generation, is_primary)
VALUES (542, 4, 4, True);
INSERT INTO pokemon.form_has_type_per_generation (fk_form, fk_type, fk_generation, is_primary)
VALUES (542, 2, 4, False);

INSERT INTO pokemon.pokemon_species (name, pokedex_index, is_baby, is_legendary, is_mythical, evolves_from)
VALUES ('grotle', 388, False, False, False, turtwig);
INSERT INTO pokemon.form (name, is_default, fk_pokemon_species, height, weight, legacy_cry, latest_cry, artwork, shiny_artwork)
VALUES ('grotle', True, 420, 11, 970, https://raw.githubusercontent.com/PokeAPI/cries/main/cries/pokemon/legacy/388.ogg, https://raw.githubusercontent.com/PokeAPI/cries/main/cries/pokemon/latest/388.ogg, https://raw.githubusercontent.com/PokeAPI/sprites/master/sprites/pokemon/other/official-artwork/388.png, https://raw.githubusercontent.com/PokeAPI/sprites/master/sprites/pokemon/other/official-artwork/shiny/388.png);
INSERT INTO pokemon.base_stats (base_hp, base_attack, base_defense, base_special_attack, base_special_defense, base_speed, fk_generation, fk_form)
VALUES (75, 89, 85, 55, 65, 36, 4, 543);
INSERT INTO pokemon.form_has_type_per_generation (fk_form, fk_type, fk_generation, is_primary)
VALUES (543, 12, 4, True);

INSERT INTO pokemon.pokemon_species (name, pokedex_index, is_baby, is_legendary, is_mythical, evolves_from)
VALUES ('torterra', 389, False, False, False, grotle);
INSERT INTO pokemon.form (name, is_default, fk_pokemon_species, height, weight, legacy_cry, latest_cry, artwork, shiny_artwork)
VALUES ('torterra', True, 421, 22, 3100, https://raw.githubusercontent.com/PokeAPI/cries/main/cries/pokemon/legacy/389.ogg, https://raw.githubusercontent.com/PokeAPI/cries/main/cries/pokemon/latest/389.ogg, https://raw.githubusercontent.com/PokeAPI/sprites/master/sprites/pokemon/other/official-artwork/389.png, https://raw.githubusercontent.com/PokeAPI/sprites/master/sprites/pokemon/other/official-artwork/shiny/389.png);
INSERT INTO pokemon.base_stats (base_hp, base_attack, base_defense, base_special_attack, base_special_defense, base_speed, fk_generation, fk_form)
VALUES (95, 109, 105, 75, 85, 56, 4, 544);
INSERT INTO pokemon.form_has_type_per_generation (fk_form, fk_type, fk_generation, is_primary)
VALUES (544, 12, 4, True);
INSERT INTO pokemon.form_has_type_per_generation (fk_form, fk_type, fk_generation, is_primary)
VALUES (544, 5, 4, False);

INSERT INTO pokemon.pokemon_species (name, pokedex_index, is_baby, is_legendary, is_mythical, evolves_from)
VALUES ('infernape', 392, False, False, False, monferno);
INSERT INTO pokemon.form (name, is_default, fk_pokemon_species, height, weight, legacy_cry, latest_cry, artwork, shiny_artwork)
VALUES ('infernape', True, 422, 12, 550, https://raw.githubusercontent.com/PokeAPI/cries/main/cries/pokemon/legacy/392.ogg, https://raw.githubusercontent.com/PokeAPI/cries/main/cries/pokemon/latest/392.ogg, https://raw.githubusercontent.com/PokeAPI/sprites/master/sprites/pokemon/other/official-artwork/392.png, https://raw.githubusercontent.com/PokeAPI/sprites/master/sprites/pokemon/other/official-artwork/shiny/392.png);
INSERT INTO pokemon.base_stats (base_hp, base_attack, base_defense, base_special_attack, base_special_defense, base_speed, fk_generation, fk_form)
VALUES (76, 104, 71, 104, 71, 108, 4, 545);
INSERT INTO pokemon.form_has_type_per_generation (fk_form, fk_type, fk_generation, is_primary)
VALUES (545, 10, 4, True);
INSERT INTO pokemon.form_has_type_per_generation (fk_form, fk_type, fk_generation, is_primary)
VALUES (545, 2, 4, False);

INSERT INTO pokemon.pokemon_species (name, pokedex_index, is_baby, is_legendary, is_mythical, evolves_from)
VALUES ('prinplup', 394, False, False, False, piplup);
INSERT INTO pokemon.form (name, is_default, fk_pokemon_species, height, weight, legacy_cry, latest_cry, artwork, shiny_artwork)
VALUES ('prinplup', True, 423, 8, 230, https://raw.githubusercontent.com/PokeAPI/cries/main/cries/pokemon/legacy/394.ogg, https://raw.githubusercontent.com/PokeAPI/cries/main/cries/pokemon/latest/394.ogg, https://raw.githubusercontent.com/PokeAPI/sprites/master/sprites/pokemon/other/official-artwork/394.png, https://raw.githubusercontent.com/PokeAPI/sprites/master/sprites/pokemon/other/official-artwork/shiny/394.png);
INSERT INTO pokemon.base_stats (base_hp, base_attack, base_defense, base_special_attack, base_special_defense, base_speed, fk_generation, fk_form)
VALUES (64, 66, 68, 81, 76, 50, 4, 546);
INSERT INTO pokemon.form_has_type_per_generation (fk_form, fk_type, fk_generation, is_primary)
VALUES (546, 11, 4, True);

INSERT INTO pokemon.pokemon_species (name, pokedex_index, is_baby, is_legendary, is_mythical, evolves_from)
VALUES ('empoleon', 395, False, False, False, prinplup);
INSERT INTO pokemon.form (name, is_default, fk_pokemon_species, height, weight, legacy_cry, latest_cry, artwork, shiny_artwork)
VALUES ('empoleon', True, 424, 17, 845, https://raw.githubusercontent.com/PokeAPI/cries/main/cries/pokemon/legacy/395.ogg, https://raw.githubusercontent.com/PokeAPI/cries/main/cries/pokemon/latest/395.ogg, https://raw.githubusercontent.com/PokeAPI/sprites/master/sprites/pokemon/other/official-artwork/395.png, https://raw.githubusercontent.com/PokeAPI/sprites/master/sprites/pokemon/other/official-artwork/shiny/395.png);
INSERT INTO pokemon.base_stats (base_hp, base_attack, base_defense, base_special_attack, base_special_defense, base_speed, fk_generation, fk_form)
VALUES (84, 86, 88, 111, 101, 60, 4, 547);
INSERT INTO pokemon.form_has_type_per_generation (fk_form, fk_type, fk_generation, is_primary)
VALUES (547, 11, 4, True);
INSERT INTO pokemon.form_has_type_per_generation (fk_form, fk_type, fk_generation, is_primary)
VALUES (547, 9, 4, False);

INSERT INTO pokemon.pokemon_species (name, pokedex_index, is_baby, is_legendary, is_mythical, evolves_from)
VALUES ('staravia', 397, False, False, False, starly);
INSERT INTO pokemon.form (name, is_default, fk_pokemon_species, height, weight, legacy_cry, latest_cry, artwork, shiny_artwork)
VALUES ('staravia', True, 425, 6, 155, https://raw.githubusercontent.com/PokeAPI/cries/main/cries/pokemon/legacy/397.ogg, https://raw.githubusercontent.com/PokeAPI/cries/main/cries/pokemon/latest/397.ogg, https://raw.githubusercontent.com/PokeAPI/sprites/master/sprites/pokemon/other/official-artwork/397.png, https://raw.githubusercontent.com/PokeAPI/sprites/master/sprites/pokemon/other/official-artwork/shiny/397.png);
INSERT INTO pokemon.base_stats (base_hp, base_attack, base_defense, base_special_attack, base_special_defense, base_speed, fk_generation, fk_form)
VALUES (55, 75, 50, 40, 40, 80, 4, 548);
INSERT INTO pokemon.form_has_type_per_generation (fk_form, fk_type, fk_generation, is_primary)
VALUES (548, 1, 4, True);
INSERT INTO pokemon.form_has_type_per_generation (fk_form, fk_type, fk_generation, is_primary)
VALUES (548, 3, 4, False);

INSERT INTO pokemon.pokemon_species (name, pokedex_index, is_baby, is_legendary, is_mythical, evolves_from)
VALUES ('staraptor', 398, False, False, False, staravia);
INSERT INTO pokemon.form (name, is_default, fk_pokemon_species, height, weight, legacy_cry, latest_cry, artwork, shiny_artwork)
VALUES ('staraptor', True, 426, 12, 249, https://raw.githubusercontent.com/PokeAPI/cries/main/cries/pokemon/legacy/398.ogg, https://raw.githubusercontent.com/PokeAPI/cries/main/cries/pokemon/latest/398.ogg, https://raw.githubusercontent.com/PokeAPI/sprites/master/sprites/pokemon/other/official-artwork/398.png, https://raw.githubusercontent.com/PokeAPI/sprites/master/sprites/pokemon/other/official-artwork/shiny/398.png);
INSERT INTO pokemon.base_stats (base_hp, base_attack, base_defense, base_special_attack, base_special_defense, base_speed, fk_generation, fk_form)
VALUES (85, 120, 70, 50, 60, 100, 4, 549);
INSERT INTO pokemon.form_has_type_per_generation (fk_form, fk_type, fk_generation, is_primary)
VALUES (549, 1, 4, True);
INSERT INTO pokemon.form_has_type_per_generation (fk_form, fk_type, fk_generation, is_primary)
VALUES (549, 3, 4, False);

INSERT INTO pokemon.pokemon_species (name, pokedex_index, is_baby, is_legendary, is_mythical, evolves_from)
VALUES ('bibarel', 400, False, False, False, bidoof);
INSERT INTO pokemon.form (name, is_default, fk_pokemon_species, height, weight, legacy_cry, latest_cry, artwork, shiny_artwork)
VALUES ('bibarel', True, 427, 10, 315, https://raw.githubusercontent.com/PokeAPI/cries/main/cries/pokemon/legacy/400.ogg, https://raw.githubusercontent.com/PokeAPI/cries/main/cries/pokemon/latest/400.ogg, https://raw.githubusercontent.com/PokeAPI/sprites/master/sprites/pokemon/other/official-artwork/400.png, https://raw.githubusercontent.com/PokeAPI/sprites/master/sprites/pokemon/other/official-artwork/shiny/400.png);
INSERT INTO pokemon.base_stats (base_hp, base_attack, base_defense, base_special_attack, base_special_defense, base_speed, fk_generation, fk_form)
VALUES (79, 85, 60, 55, 60, 71, 4, 550);
INSERT INTO pokemon.form_has_type_per_generation (fk_form, fk_type, fk_generation, is_primary)
VALUES (550, 1, 4, True);
INSERT INTO pokemon.form_has_type_per_generation (fk_form, fk_type, fk_generation, is_primary)
VALUES (550, 11, 4, False);

INSERT INTO pokemon.pokemon_species (name, pokedex_index, is_baby, is_legendary, is_mythical, evolves_from)
VALUES ('kricketune', 402, False, False, False, kricketot);
INSERT INTO pokemon.form (name, is_default, fk_pokemon_species, height, weight, legacy_cry, latest_cry, artwork, shiny_artwork)
VALUES ('kricketune', True, 428, 10, 255, https://raw.githubusercontent.com/PokeAPI/cries/main/cries/pokemon/legacy/402.ogg, https://raw.githubusercontent.com/PokeAPI/cries/main/cries/pokemon/latest/402.ogg, https://raw.githubusercontent.com/PokeAPI/sprites/master/sprites/pokemon/other/official-artwork/402.png, https://raw.githubusercontent.com/PokeAPI/sprites/master/sprites/pokemon/other/official-artwork/shiny/402.png);
INSERT INTO pokemon.base_stats (base_hp, base_attack, base_defense, base_special_attack, base_special_defense, base_speed, fk_generation, fk_form)
VALUES (77, 85, 51, 55, 51, 65, 4, 551);
INSERT INTO pokemon.form_has_type_per_generation (fk_form, fk_type, fk_generation, is_primary)
VALUES (551, 7, 4, True);

INSERT INTO pokemon.pokemon_species (name, pokedex_index, is_baby, is_legendary, is_mythical, evolves_from)
VALUES ('luxio', 404, False, False, False, shinx);
INSERT INTO pokemon.form (name, is_default, fk_pokemon_species, height, weight, legacy_cry, latest_cry, artwork, shiny_artwork)
VALUES ('luxio', True, 429, 9, 305, https://raw.githubusercontent.com/PokeAPI/cries/main/cries/pokemon/legacy/404.ogg, https://raw.githubusercontent.com/PokeAPI/cries/main/cries/pokemon/latest/404.ogg, https://raw.githubusercontent.com/PokeAPI/sprites/master/sprites/pokemon/other/official-artwork/404.png, https://raw.githubusercontent.com/PokeAPI/sprites/master/sprites/pokemon/other/official-artwork/shiny/404.png);
INSERT INTO pokemon.base_stats (base_hp, base_attack, base_defense, base_special_attack, base_special_defense, base_speed, fk_generation, fk_form)
VALUES (60, 85, 49, 60, 49, 60, 4, 552);
INSERT INTO pokemon.form_has_type_per_generation (fk_form, fk_type, fk_generation, is_primary)
VALUES (552, 13, 4, True);

INSERT INTO pokemon.pokemon_species (name, pokedex_index, is_baby, is_legendary, is_mythical, evolves_from)
VALUES ('luxray', 405, False, False, False, luxio);
INSERT INTO pokemon.form (name, is_default, fk_pokemon_species, height, weight, legacy_cry, latest_cry, artwork, shiny_artwork)
VALUES ('luxray', True, 430, 14, 420, https://raw.githubusercontent.com/PokeAPI/cries/main/cries/pokemon/legacy/405.ogg, https://raw.githubusercontent.com/PokeAPI/cries/main/cries/pokemon/latest/405.ogg, https://raw.githubusercontent.com/PokeAPI/sprites/master/sprites/pokemon/other/official-artwork/405.png, https://raw.githubusercontent.com/PokeAPI/sprites/master/sprites/pokemon/other/official-artwork/shiny/405.png);
INSERT INTO pokemon.base_stats (base_hp, base_attack, base_defense, base_special_attack, base_special_defense, base_speed, fk_generation, fk_form)
VALUES (80, 120, 79, 95, 79, 70, 4, 553);
INSERT INTO pokemon.form_has_type_per_generation (fk_form, fk_type, fk_generation, is_primary)
VALUES (553, 13, 4, True);

INSERT INTO pokemon.pokemon_species (name, pokedex_index, is_baby, is_legendary, is_mythical, evolves_from)
VALUES ('roserade', 407, False, False, False, roselia);
INSERT INTO pokemon.form (name, is_default, fk_pokemon_species, height, weight, legacy_cry, latest_cry, artwork, shiny_artwork)
VALUES ('roserade', True, 431, 9, 145, https://raw.githubusercontent.com/PokeAPI/cries/main/cries/pokemon/legacy/407.ogg, https://raw.githubusercontent.com/PokeAPI/cries/main/cries/pokemon/latest/407.ogg, https://raw.githubusercontent.com/PokeAPI/sprites/master/sprites/pokemon/other/official-artwork/407.png, https://raw.githubusercontent.com/PokeAPI/sprites/master/sprites/pokemon/other/official-artwork/shiny/407.png);
INSERT INTO pokemon.base_stats (base_hp, base_attack, base_defense, base_special_attack, base_special_defense, base_speed, fk_generation, fk_form)
VALUES (60, 70, 65, 125, 105, 90, 4, 554);
INSERT INTO pokemon.form_has_type_per_generation (fk_form, fk_type, fk_generation, is_primary)
VALUES (554, 12, 4, True);
INSERT INTO pokemon.form_has_type_per_generation (fk_form, fk_type, fk_generation, is_primary)
VALUES (554, 4, 4, False);

INSERT INTO pokemon.pokemon_species (name, pokedex_index, is_baby, is_legendary, is_mythical, evolves_from)
VALUES ('rampardos', 409, False, False, False, cranidos);
INSERT INTO pokemon.form (name, is_default, fk_pokemon_species, height, weight, legacy_cry, latest_cry, artwork, shiny_artwork)
VALUES ('rampardos', True, 432, 16, 1025, https://raw.githubusercontent.com/PokeAPI/cries/main/cries/pokemon/legacy/409.ogg, https://raw.githubusercontent.com/PokeAPI/cries/main/cries/pokemon/latest/409.ogg, https://raw.githubusercontent.com/PokeAPI/sprites/master/sprites/pokemon/other/official-artwork/409.png, https://raw.githubusercontent.com/PokeAPI/sprites/master/sprites/pokemon/other/official-artwork/shiny/409.png);
INSERT INTO pokemon.base_stats (base_hp, base_attack, base_defense, base_special_attack, base_special_defense, base_speed, fk_generation, fk_form)
VALUES (97, 165, 60, 65, 50, 58, 4, 555);
INSERT INTO pokemon.form_has_type_per_generation (fk_form, fk_type, fk_generation, is_primary)
VALUES (555, 6, 4, True);

INSERT INTO pokemon.pokemon_species (name, pokedex_index, is_baby, is_legendary, is_mythical, evolves_from)
VALUES ('bastiodon', 411, False, False, False, shieldon);
INSERT INTO pokemon.form (name, is_default, fk_pokemon_species, height, weight, legacy_cry, latest_cry, artwork, shiny_artwork)
VALUES ('bastiodon', True, 433, 13, 1495, https://raw.githubusercontent.com/PokeAPI/cries/main/cries/pokemon/legacy/411.ogg, https://raw.githubusercontent.com/PokeAPI/cries/main/cries/pokemon/latest/411.ogg, https://raw.githubusercontent.com/PokeAPI/sprites/master/sprites/pokemon/other/official-artwork/411.png, https://raw.githubusercontent.com/PokeAPI/sprites/master/sprites/pokemon/other/official-artwork/shiny/411.png);
INSERT INTO pokemon.base_stats (base_hp, base_attack, base_defense, base_special_attack, base_special_defense, base_speed, fk_generation, fk_form)
VALUES (60, 52, 168, 47, 138, 30, 4, 556);
INSERT INTO pokemon.form_has_type_per_generation (fk_form, fk_type, fk_generation, is_primary)
VALUES (556, 6, 4, True);
INSERT INTO pokemon.form_has_type_per_generation (fk_form, fk_type, fk_generation, is_primary)
VALUES (556, 9, 4, False);

INSERT INTO pokemon.pokemon_species (name, pokedex_index, is_baby, is_legendary, is_mythical, evolves_from)
VALUES ('wormadam', 413, False, False, False, burmy);
INSERT INTO pokemon.form (name, is_default, fk_pokemon_species, height, weight, legacy_cry, latest_cry, artwork, shiny_artwork)
VALUES ('wormadam-plant', False, 434, 5, 65, https://raw.githubusercontent.com/PokeAPI/cries/main/cries/pokemon/legacy/413.ogg, https://raw.githubusercontent.com/PokeAPI/cries/main/cries/pokemon/latest/413.ogg, https://raw.githubusercontent.com/PokeAPI/sprites/master/sprites/pokemon/other/official-artwork/413.png, https://raw.githubusercontent.com/PokeAPI/sprites/master/sprites/pokemon/other/official-artwork/shiny/413.png);
INSERT INTO pokemon.base_stats (base_hp, base_attack, base_defense, base_special_attack, base_special_defense, base_speed, fk_generation, fk_form)
VALUES (60, 59, 85, 79, 105, 36, 4, 557);
INSERT INTO pokemon.form_has_type_per_generation (fk_form, fk_type, fk_generation, is_primary)
VALUES (557, 7, 4, True);
INSERT INTO pokemon.form_has_type_per_generation (fk_form, fk_type, fk_generation, is_primary)
VALUES (557, 12, 4, False);

INSERT INTO pokemon.form (name, is_default, fk_pokemon_species, height, weight, legacy_cry, latest_cry, artwork, shiny_artwork)
VALUES ('wormadam-sandy', False, 434, 5, 65, None, https://raw.githubusercontent.com/PokeAPI/cries/main/cries/pokemon/latest/10004.ogg, https://raw.githubusercontent.com/PokeAPI/sprites/master/sprites/pokemon/other/official-artwork/10004.png, https://raw.githubusercontent.com/PokeAPI/sprites/master/sprites/pokemon/other/official-artwork/shiny/10004.png);
INSERT INTO pokemon.base_stats (base_hp, base_attack, base_defense, base_special_attack, base_special_defense, base_speed, fk_generation, fk_form)
VALUES (60, 79, 105, 59, 85, 36, 4, 558);
INSERT INTO pokemon.form_has_type_per_generation (fk_form, fk_type, fk_generation, is_primary)
VALUES (558, 7, 4, True);
INSERT INTO pokemon.form_has_type_per_generation (fk_form, fk_type, fk_generation, is_primary)
VALUES (558, 5, 4, False);

INSERT INTO pokemon.form (name, is_default, fk_pokemon_species, height, weight, legacy_cry, latest_cry, artwork, shiny_artwork)
VALUES ('wormadam-trash', False, 434, 5, 65, None, https://raw.githubusercontent.com/PokeAPI/cries/main/cries/pokemon/latest/10005.ogg, https://raw.githubusercontent.com/PokeAPI/sprites/master/sprites/pokemon/other/official-artwork/10005.png, https://raw.githubusercontent.com/PokeAPI/sprites/master/sprites/pokemon/other/official-artwork/shiny/10005.png);
INSERT INTO pokemon.base_stats (base_hp, base_attack, base_defense, base_special_attack, base_special_defense, base_speed, fk_generation, fk_form)
VALUES (60, 69, 95, 69, 95, 36, 4, 559);
INSERT INTO pokemon.form_has_type_per_generation (fk_form, fk_type, fk_generation, is_primary)
VALUES (559, 7, 4, True);
INSERT INTO pokemon.form_has_type_per_generation (fk_form, fk_type, fk_generation, is_primary)
VALUES (559, 9, 4, False);

INSERT INTO pokemon.pokemon_species (name, pokedex_index, is_baby, is_legendary, is_mythical, evolves_from)
VALUES ('mothim', 414, False, False, False, burmy);
INSERT INTO pokemon.form (name, is_default, fk_pokemon_species, height, weight, legacy_cry, latest_cry, artwork, shiny_artwork)
VALUES ('mothim', True, 435, 9, 233, https://raw.githubusercontent.com/PokeAPI/cries/main/cries/pokemon/legacy/414.ogg, https://raw.githubusercontent.com/PokeAPI/cries/main/cries/pokemon/latest/414.ogg, https://raw.githubusercontent.com/PokeAPI/sprites/master/sprites/pokemon/other/official-artwork/414.png, https://raw.githubusercontent.com/PokeAPI/sprites/master/sprites/pokemon/other/official-artwork/shiny/414.png);
INSERT INTO pokemon.base_stats (base_hp, base_attack, base_defense, base_special_attack, base_special_defense, base_speed, fk_generation, fk_form)
VALUES (70, 94, 50, 94, 50, 66, 4, 560);
INSERT INTO pokemon.form_has_type_per_generation (fk_form, fk_type, fk_generation, is_primary)
VALUES (560, 7, 4, True);
INSERT INTO pokemon.form_has_type_per_generation (fk_form, fk_type, fk_generation, is_primary)
VALUES (560, 3, 4, False);

INSERT INTO pokemon.pokemon_species (name, pokedex_index, is_baby, is_legendary, is_mythical, evolves_from)
VALUES ('vespiquen', 416, False, False, False, combee);
INSERT INTO pokemon.form (name, is_default, fk_pokemon_species, height, weight, legacy_cry, latest_cry, artwork, shiny_artwork)
VALUES ('vespiquen', True, 436, 12, 385, https://raw.githubusercontent.com/PokeAPI/cries/main/cries/pokemon/legacy/416.ogg, https://raw.githubusercontent.com/PokeAPI/cries/main/cries/pokemon/latest/416.ogg, https://raw.githubusercontent.com/PokeAPI/sprites/master/sprites/pokemon/other/official-artwork/416.png, https://raw.githubusercontent.com/PokeAPI/sprites/master/sprites/pokemon/other/official-artwork/shiny/416.png);
INSERT INTO pokemon.base_stats (base_hp, base_attack, base_defense, base_special_attack, base_special_defense, base_speed, fk_generation, fk_form)
VALUES (70, 80, 102, 80, 102, 40, 4, 561);
INSERT INTO pokemon.form_has_type_per_generation (fk_form, fk_type, fk_generation, is_primary)
VALUES (561, 7, 4, True);
INSERT INTO pokemon.form_has_type_per_generation (fk_form, fk_type, fk_generation, is_primary)
VALUES (561, 3, 4, False);

INSERT INTO pokemon.pokemon_species (name, pokedex_index, is_baby, is_legendary, is_mythical, evolves_from)
VALUES ('floatzel', 419, False, False, False, buizel);
INSERT INTO pokemon.form (name, is_default, fk_pokemon_species, height, weight, legacy_cry, latest_cry, artwork, shiny_artwork)
VALUES ('floatzel', True, 437, 11, 335, https://raw.githubusercontent.com/PokeAPI/cries/main/cries/pokemon/legacy/419.ogg, https://raw.githubusercontent.com/PokeAPI/cries/main/cries/pokemon/latest/419.ogg, https://raw.githubusercontent.com/PokeAPI/sprites/master/sprites/pokemon/other/official-artwork/419.png, https://raw.githubusercontent.com/PokeAPI/sprites/master/sprites/pokemon/other/official-artwork/shiny/419.png);
INSERT INTO pokemon.base_stats (base_hp, base_attack, base_defense, base_special_attack, base_special_defense, base_speed, fk_generation, fk_form)
VALUES (85, 105, 55, 85, 50, 115, 4, 562);
INSERT INTO pokemon.form_has_type_per_generation (fk_form, fk_type, fk_generation, is_primary)
VALUES (562, 11, 4, True);

INSERT INTO pokemon.pokemon_species (name, pokedex_index, is_baby, is_legendary, is_mythical, evolves_from)
VALUES ('cherrim', 421, False, False, False, cherubi);
INSERT INTO pokemon.form (name, is_default, fk_pokemon_species, height, weight, legacy_cry, latest_cry, artwork, shiny_artwork)
VALUES ('cherrim', True, 438, 5, 93, https://raw.githubusercontent.com/PokeAPI/cries/main/cries/pokemon/legacy/421.ogg, https://raw.githubusercontent.com/PokeAPI/cries/main/cries/pokemon/latest/421.ogg, https://raw.githubusercontent.com/PokeAPI/sprites/master/sprites/pokemon/other/official-artwork/421.png, https://raw.githubusercontent.com/PokeAPI/sprites/master/sprites/pokemon/other/official-artwork/shiny/421.png);
INSERT INTO pokemon.base_stats (base_hp, base_attack, base_defense, base_special_attack, base_special_defense, base_speed, fk_generation, fk_form)
VALUES (70, 60, 70, 87, 78, 85, 4, 563);
INSERT INTO pokemon.form_has_type_per_generation (fk_form, fk_type, fk_generation, is_primary)
VALUES (563, 12, 4, True);

INSERT INTO pokemon.pokemon_species (name, pokedex_index, is_baby, is_legendary, is_mythical, evolves_from)
VALUES ('ambipom', 424, False, False, False, aipom);
INSERT INTO pokemon.form (name, is_default, fk_pokemon_species, height, weight, legacy_cry, latest_cry, artwork, shiny_artwork)
VALUES ('ambipom', True, 439, 12, 203, https://raw.githubusercontent.com/PokeAPI/cries/main/cries/pokemon/legacy/424.ogg, https://raw.githubusercontent.com/PokeAPI/cries/main/cries/pokemon/latest/424.ogg, https://raw.githubusercontent.com/PokeAPI/sprites/master/sprites/pokemon/other/official-artwork/424.png, https://raw.githubusercontent.com/PokeAPI/sprites/master/sprites/pokemon/other/official-artwork/shiny/424.png);
INSERT INTO pokemon.base_stats (base_hp, base_attack, base_defense, base_special_attack, base_special_defense, base_speed, fk_generation, fk_form)
VALUES (75, 100, 66, 60, 66, 115, 4, 564);
INSERT INTO pokemon.form_has_type_per_generation (fk_form, fk_type, fk_generation, is_primary)
VALUES (564, 1, 4, True);

INSERT INTO pokemon.pokemon_species (name, pokedex_index, is_baby, is_legendary, is_mythical, evolves_from)
VALUES ('drifblim', 426, False, False, False, drifloon);
INSERT INTO pokemon.form (name, is_default, fk_pokemon_species, height, weight, legacy_cry, latest_cry, artwork, shiny_artwork)
VALUES ('drifblim', True, 440, 12, 150, https://raw.githubusercontent.com/PokeAPI/cries/main/cries/pokemon/legacy/426.ogg, https://raw.githubusercontent.com/PokeAPI/cries/main/cries/pokemon/latest/426.ogg, https://raw.githubusercontent.com/PokeAPI/sprites/master/sprites/pokemon/other/official-artwork/426.png, https://raw.githubusercontent.com/PokeAPI/sprites/master/sprites/pokemon/other/official-artwork/shiny/426.png);
INSERT INTO pokemon.base_stats (base_hp, base_attack, base_defense, base_special_attack, base_special_defense, base_speed, fk_generation, fk_form)
VALUES (150, 80, 44, 90, 54, 80, 4, 565);
INSERT INTO pokemon.form_has_type_per_generation (fk_form, fk_type, fk_generation, is_primary)
VALUES (565, 8, 4, True);
INSERT INTO pokemon.form_has_type_per_generation (fk_form, fk_type, fk_generation, is_primary)
VALUES (565, 3, 4, False);

INSERT INTO pokemon.pokemon_species (name, pokedex_index, is_baby, is_legendary, is_mythical, evolves_from)
VALUES ('lopunny', 428, False, False, False, buneary);
INSERT INTO pokemon.form (name, is_default, fk_pokemon_species, height, weight, legacy_cry, latest_cry, artwork, shiny_artwork)
VALUES ('lopunny', True, 441, 12, 333, https://raw.githubusercontent.com/PokeAPI/cries/main/cries/pokemon/legacy/428.ogg, https://raw.githubusercontent.com/PokeAPI/cries/main/cries/pokemon/latest/428.ogg, https://raw.githubusercontent.com/PokeAPI/sprites/master/sprites/pokemon/other/official-artwork/428.png, https://raw.githubusercontent.com/PokeAPI/sprites/master/sprites/pokemon/other/official-artwork/shiny/428.png);
INSERT INTO pokemon.base_stats (base_hp, base_attack, base_defense, base_special_attack, base_special_defense, base_speed, fk_generation, fk_form)
VALUES (65, 76, 84, 54, 96, 105, 4, 566);
INSERT INTO pokemon.form_has_type_per_generation (fk_form, fk_type, fk_generation, is_primary)
VALUES (566, 1, 4, True);

INSERT INTO pokemon.form (name, is_default, fk_pokemon_species, height, weight, legacy_cry, latest_cry, artwork, shiny_artwork)
VALUES ('lopunny-mega', False, 441, 13, 283, None, https://raw.githubusercontent.com/PokeAPI/cries/main/cries/pokemon/latest/10088.ogg, https://raw.githubusercontent.com/PokeAPI/sprites/master/sprites/pokemon/other/official-artwork/10088.png, https://raw.githubusercontent.com/PokeAPI/sprites/master/sprites/pokemon/other/official-artwork/shiny/10088.png);
INSERT INTO pokemon.base_stats (base_hp, base_attack, base_defense, base_special_attack, base_special_defense, base_speed, fk_generation, fk_form)
VALUES (65, 136, 94, 54, 96, 135, 6, 567);
INSERT INTO pokemon.form_has_type_per_generation (fk_form, fk_type, fk_generation, is_primary)
VALUES (567, 1, 6, True);
INSERT INTO pokemon.form_has_type_per_generation (fk_form, fk_type, fk_generation, is_primary)
VALUES (567, 2, 6, False);

INSERT INTO pokemon.pokemon_species (name, pokedex_index, is_baby, is_legendary, is_mythical, evolves_from)
VALUES ('mismagius', 429, False, False, False, misdreavus);
INSERT INTO pokemon.form (name, is_default, fk_pokemon_species, height, weight, legacy_cry, latest_cry, artwork, shiny_artwork)
VALUES ('mismagius', True, 442, 9, 44, https://raw.githubusercontent.com/PokeAPI/cries/main/cries/pokemon/legacy/429.ogg, https://raw.githubusercontent.com/PokeAPI/cries/main/cries/pokemon/latest/429.ogg, https://raw.githubusercontent.com/PokeAPI/sprites/master/sprites/pokemon/other/official-artwork/429.png, https://raw.githubusercontent.com/PokeAPI/sprites/master/sprites/pokemon/other/official-artwork/shiny/429.png);
INSERT INTO pokemon.base_stats (base_hp, base_attack, base_defense, base_special_attack, base_special_defense, base_speed, fk_generation, fk_form)
VALUES (60, 60, 60, 105, 105, 105, 4, 568);
INSERT INTO pokemon.form_has_type_per_generation (fk_form, fk_type, fk_generation, is_primary)
VALUES (568, 8, 4, True);

INSERT INTO pokemon.pokemon_species (name, pokedex_index, is_baby, is_legendary, is_mythical, evolves_from)
VALUES ('honchkrow', 430, False, False, False, murkrow);
INSERT INTO pokemon.form (name, is_default, fk_pokemon_species, height, weight, legacy_cry, latest_cry, artwork, shiny_artwork)
VALUES ('honchkrow', True, 443, 9, 273, https://raw.githubusercontent.com/PokeAPI/cries/main/cries/pokemon/legacy/430.ogg, https://raw.githubusercontent.com/PokeAPI/cries/main/cries/pokemon/latest/430.ogg, https://raw.githubusercontent.com/PokeAPI/sprites/master/sprites/pokemon/other/official-artwork/430.png, https://raw.githubusercontent.com/PokeAPI/sprites/master/sprites/pokemon/other/official-artwork/shiny/430.png);
INSERT INTO pokemon.base_stats (base_hp, base_attack, base_defense, base_special_attack, base_special_defense, base_speed, fk_generation, fk_form)
VALUES (100, 125, 52, 105, 52, 71, 4, 569);
INSERT INTO pokemon.form_has_type_per_generation (fk_form, fk_type, fk_generation, is_primary)
VALUES (569, 17, 4, True);
INSERT INTO pokemon.form_has_type_per_generation (fk_form, fk_type, fk_generation, is_primary)
VALUES (569, 3, 4, False);

INSERT INTO pokemon.pokemon_species (name, pokedex_index, is_baby, is_legendary, is_mythical, evolves_from)
VALUES ('purugly', 432, False, False, False, glameow);
INSERT INTO pokemon.form (name, is_default, fk_pokemon_species, height, weight, legacy_cry, latest_cry, artwork, shiny_artwork)
VALUES ('purugly', True, 444, 10, 438, https://raw.githubusercontent.com/PokeAPI/cries/main/cries/pokemon/legacy/432.ogg, https://raw.githubusercontent.com/PokeAPI/cries/main/cries/pokemon/latest/432.ogg, https://raw.githubusercontent.com/PokeAPI/sprites/master/sprites/pokemon/other/official-artwork/432.png, https://raw.githubusercontent.com/PokeAPI/sprites/master/sprites/pokemon/other/official-artwork/shiny/432.png);
INSERT INTO pokemon.base_stats (base_hp, base_attack, base_defense, base_special_attack, base_special_defense, base_speed, fk_generation, fk_form)
VALUES (71, 82, 64, 64, 59, 112, 4, 570);
INSERT INTO pokemon.form_has_type_per_generation (fk_form, fk_type, fk_generation, is_primary)
VALUES (570, 1, 4, True);

INSERT INTO pokemon.pokemon_species (name, pokedex_index, is_baby, is_legendary, is_mythical, evolves_from)
VALUES ('skuntank', 435, False, False, False, stunky);
INSERT INTO pokemon.form (name, is_default, fk_pokemon_species, height, weight, legacy_cry, latest_cry, artwork, shiny_artwork)
VALUES ('skuntank', True, 445, 10, 380, https://raw.githubusercontent.com/PokeAPI/cries/main/cries/pokemon/legacy/435.ogg, https://raw.githubusercontent.com/PokeAPI/cries/main/cries/pokemon/latest/435.ogg, https://raw.githubusercontent.com/PokeAPI/sprites/master/sprites/pokemon/other/official-artwork/435.png, https://raw.githubusercontent.com/PokeAPI/sprites/master/sprites/pokemon/other/official-artwork/shiny/435.png);
INSERT INTO pokemon.base_stats (base_hp, base_attack, base_defense, base_special_attack, base_special_defense, base_speed, fk_generation, fk_form)
VALUES (103, 93, 67, 71, 61, 84, 4, 571);
INSERT INTO pokemon.form_has_type_per_generation (fk_form, fk_type, fk_generation, is_primary)
VALUES (571, 4, 4, True);
INSERT INTO pokemon.form_has_type_per_generation (fk_form, fk_type, fk_generation, is_primary)
VALUES (571, 17, 4, False);

INSERT INTO pokemon.pokemon_species (name, pokedex_index, is_baby, is_legendary, is_mythical, evolves_from)
VALUES ('bronzong', 437, False, False, False, bronzor);
INSERT INTO pokemon.form (name, is_default, fk_pokemon_species, height, weight, legacy_cry, latest_cry, artwork, shiny_artwork)
VALUES ('bronzong', True, 446, 13, 1870, https://raw.githubusercontent.com/PokeAPI/cries/main/cries/pokemon/legacy/437.ogg, https://raw.githubusercontent.com/PokeAPI/cries/main/cries/pokemon/latest/437.ogg, https://raw.githubusercontent.com/PokeAPI/sprites/master/sprites/pokemon/other/official-artwork/437.png, https://raw.githubusercontent.com/PokeAPI/sprites/master/sprites/pokemon/other/official-artwork/shiny/437.png);
INSERT INTO pokemon.base_stats (base_hp, base_attack, base_defense, base_special_attack, base_special_defense, base_speed, fk_generation, fk_form)
VALUES (67, 89, 116, 79, 116, 33, 4, 572);
INSERT INTO pokemon.form_has_type_per_generation (fk_form, fk_type, fk_generation, is_primary)
VALUES (572, 9, 4, True);
INSERT INTO pokemon.form_has_type_per_generation (fk_form, fk_type, fk_generation, is_primary)
VALUES (572, 14, 4, False);

INSERT INTO pokemon.pokemon_species (name, pokedex_index, is_baby, is_legendary, is_mythical, evolves_from)
VALUES ('gabite', 444, False, False, False, gible);
INSERT INTO pokemon.form (name, is_default, fk_pokemon_species, height, weight, legacy_cry, latest_cry, artwork, shiny_artwork)
VALUES ('gabite', True, 447, 14, 560, https://raw.githubusercontent.com/PokeAPI/cries/main/cries/pokemon/legacy/444.ogg, https://raw.githubusercontent.com/PokeAPI/cries/main/cries/pokemon/latest/444.ogg, https://raw.githubusercontent.com/PokeAPI/sprites/master/sprites/pokemon/other/official-artwork/444.png, https://raw.githubusercontent.com/PokeAPI/sprites/master/sprites/pokemon/other/official-artwork/shiny/444.png);
INSERT INTO pokemon.base_stats (base_hp, base_attack, base_defense, base_special_attack, base_special_defense, base_speed, fk_generation, fk_form)
VALUES (68, 90, 65, 50, 55, 82, 4, 573);
INSERT INTO pokemon.form_has_type_per_generation (fk_form, fk_type, fk_generation, is_primary)
VALUES (573, 16, 4, True);
INSERT INTO pokemon.form_has_type_per_generation (fk_form, fk_type, fk_generation, is_primary)
VALUES (573, 5, 4, False);

INSERT INTO pokemon.pokemon_species (name, pokedex_index, is_baby, is_legendary, is_mythical, evolves_from)
VALUES ('garchomp', 445, False, False, False, gabite);
INSERT INTO pokemon.form (name, is_default, fk_pokemon_species, height, weight, legacy_cry, latest_cry, artwork, shiny_artwork)
VALUES ('garchomp', True, 448, 19, 950, https://raw.githubusercontent.com/PokeAPI/cries/main/cries/pokemon/legacy/445.ogg, https://raw.githubusercontent.com/PokeAPI/cries/main/cries/pokemon/latest/445.ogg, https://raw.githubusercontent.com/PokeAPI/sprites/master/sprites/pokemon/other/official-artwork/445.png, https://raw.githubusercontent.com/PokeAPI/sprites/master/sprites/pokemon/other/official-artwork/shiny/445.png);
INSERT INTO pokemon.base_stats (base_hp, base_attack, base_defense, base_special_attack, base_special_defense, base_speed, fk_generation, fk_form)
VALUES (108, 130, 95, 80, 85, 102, 4, 574);
INSERT INTO pokemon.form_has_type_per_generation (fk_form, fk_type, fk_generation, is_primary)
VALUES (574, 16, 4, True);
INSERT INTO pokemon.form_has_type_per_generation (fk_form, fk_type, fk_generation, is_primary)
VALUES (574, 5, 4, False);

INSERT INTO pokemon.form (name, is_default, fk_pokemon_species, height, weight, legacy_cry, latest_cry, artwork, shiny_artwork)
VALUES ('garchomp-mega', False, 448, 19, 950, None, https://raw.githubusercontent.com/PokeAPI/cries/main/cries/pokemon/latest/10058.ogg, https://raw.githubusercontent.com/PokeAPI/sprites/master/sprites/pokemon/other/official-artwork/10058.png, https://raw.githubusercontent.com/PokeAPI/sprites/master/sprites/pokemon/other/official-artwork/shiny/10058.png);
INSERT INTO pokemon.base_stats (base_hp, base_attack, base_defense, base_special_attack, base_special_defense, base_speed, fk_generation, fk_form)
VALUES (108, 170, 115, 120, 95, 92, 6, 575);
INSERT INTO pokemon.form_has_type_per_generation (fk_form, fk_type, fk_generation, is_primary)
VALUES (575, 16, 6, True);
INSERT INTO pokemon.form_has_type_per_generation (fk_form, fk_type, fk_generation, is_primary)
VALUES (575, 5, 6, False);

INSERT INTO pokemon.pokemon_species (name, pokedex_index, is_baby, is_legendary, is_mythical, evolves_from)
VALUES ('lucario', 448, False, False, False, riolu);
INSERT INTO pokemon.form (name, is_default, fk_pokemon_species, height, weight, legacy_cry, latest_cry, artwork, shiny_artwork)
VALUES ('lucario', True, 449, 12, 540, https://raw.githubusercontent.com/PokeAPI/cries/main/cries/pokemon/legacy/448.ogg, https://raw.githubusercontent.com/PokeAPI/cries/main/cries/pokemon/latest/448.ogg, https://raw.githubusercontent.com/PokeAPI/sprites/master/sprites/pokemon/other/official-artwork/448.png, https://raw.githubusercontent.com/PokeAPI/sprites/master/sprites/pokemon/other/official-artwork/shiny/448.png);
INSERT INTO pokemon.base_stats (base_hp, base_attack, base_defense, base_special_attack, base_special_defense, base_speed, fk_generation, fk_form)
VALUES (70, 110, 70, 115, 70, 90, 4, 576);
INSERT INTO pokemon.form_has_type_per_generation (fk_form, fk_type, fk_generation, is_primary)
VALUES (576, 2, 4, True);
INSERT INTO pokemon.form_has_type_per_generation (fk_form, fk_type, fk_generation, is_primary)
VALUES (576, 9, 4, False);

INSERT INTO pokemon.form (name, is_default, fk_pokemon_species, height, weight, legacy_cry, latest_cry, artwork, shiny_artwork)
VALUES ('lucario-mega', False, 449, 13, 575, None, https://raw.githubusercontent.com/PokeAPI/cries/main/cries/pokemon/latest/10059.ogg, https://raw.githubusercontent.com/PokeAPI/sprites/master/sprites/pokemon/other/official-artwork/10059.png, https://raw.githubusercontent.com/PokeAPI/sprites/master/sprites/pokemon/other/official-artwork/shiny/10059.png);
INSERT INTO pokemon.base_stats (base_hp, base_attack, base_defense, base_special_attack, base_special_defense, base_speed, fk_generation, fk_form)
VALUES (70, 145, 88, 140, 70, 112, 6, 577);
INSERT INTO pokemon.form_has_type_per_generation (fk_form, fk_type, fk_generation, is_primary)
VALUES (577, 2, 6, True);
INSERT INTO pokemon.form_has_type_per_generation (fk_form, fk_type, fk_generation, is_primary)
VALUES (577, 9, 6, False);

INSERT INTO pokemon.pokemon_species (name, pokedex_index, is_baby, is_legendary, is_mythical, evolves_from)
VALUES ('hippowdon', 450, False, False, False, hippopotas);
INSERT INTO pokemon.form (name, is_default, fk_pokemon_species, height, weight, legacy_cry, latest_cry, artwork, shiny_artwork)
VALUES ('hippowdon', True, 450, 20, 3000, https://raw.githubusercontent.com/PokeAPI/cries/main/cries/pokemon/legacy/450.ogg, https://raw.githubusercontent.com/PokeAPI/cries/main/cries/pokemon/latest/450.ogg, https://raw.githubusercontent.com/PokeAPI/sprites/master/sprites/pokemon/other/official-artwork/450.png, https://raw.githubusercontent.com/PokeAPI/sprites/master/sprites/pokemon/other/official-artwork/shiny/450.png);
INSERT INTO pokemon.base_stats (base_hp, base_attack, base_defense, base_special_attack, base_special_defense, base_speed, fk_generation, fk_form)
VALUES (108, 112, 118, 68, 72, 47, 4, 578);
INSERT INTO pokemon.form_has_type_per_generation (fk_form, fk_type, fk_generation, is_primary)
VALUES (578, 5, 4, True);

INSERT INTO pokemon.pokemon_species (name, pokedex_index, is_baby, is_legendary, is_mythical, evolves_from)
VALUES ('drapion', 452, False, False, False, skorupi);
INSERT INTO pokemon.form (name, is_default, fk_pokemon_species, height, weight, legacy_cry, latest_cry, artwork, shiny_artwork)
VALUES ('drapion', True, 451, 13, 615, https://raw.githubusercontent.com/PokeAPI/cries/main/cries/pokemon/legacy/452.ogg, https://raw.githubusercontent.com/PokeAPI/cries/main/cries/pokemon/latest/452.ogg, https://raw.githubusercontent.com/PokeAPI/sprites/master/sprites/pokemon/other/official-artwork/452.png, https://raw.githubusercontent.com/PokeAPI/sprites/master/sprites/pokemon/other/official-artwork/shiny/452.png);
INSERT INTO pokemon.base_stats (base_hp, base_attack, base_defense, base_special_attack, base_special_defense, base_speed, fk_generation, fk_form)
VALUES (70, 90, 110, 60, 75, 95, 4, 579);
INSERT INTO pokemon.form_has_type_per_generation (fk_form, fk_type, fk_generation, is_primary)
VALUES (579, 4, 4, True);
INSERT INTO pokemon.form_has_type_per_generation (fk_form, fk_type, fk_generation, is_primary)
VALUES (579, 17, 4, False);

INSERT INTO pokemon.pokemon_species (name, pokedex_index, is_baby, is_legendary, is_mythical, evolves_from)
VALUES ('carnivine', 455, False, False, False, None);
INSERT INTO pokemon.form (name, is_default, fk_pokemon_species, height, weight, legacy_cry, latest_cry, artwork, shiny_artwork)
VALUES ('carnivine', True, 452, 14, 270, https://raw.githubusercontent.com/PokeAPI/cries/main/cries/pokemon/legacy/455.ogg, https://raw.githubusercontent.com/PokeAPI/cries/main/cries/pokemon/latest/455.ogg, https://raw.githubusercontent.com/PokeAPI/sprites/master/sprites/pokemon/other/official-artwork/455.png, https://raw.githubusercontent.com/PokeAPI/sprites/master/sprites/pokemon/other/official-artwork/shiny/455.png);
INSERT INTO pokemon.base_stats (base_hp, base_attack, base_defense, base_special_attack, base_special_defense, base_speed, fk_generation, fk_form)
VALUES (74, 100, 72, 90, 72, 46, 4, 580);
INSERT INTO pokemon.form_has_type_per_generation (fk_form, fk_type, fk_generation, is_primary)
VALUES (580, 12, 4, True);

INSERT INTO pokemon.pokemon_species (name, pokedex_index, is_baby, is_legendary, is_mythical, evolves_from)
VALUES ('finneon', 456, False, False, False, None);
INSERT INTO pokemon.form (name, is_default, fk_pokemon_species, height, weight, legacy_cry, latest_cry, artwork, shiny_artwork)
VALUES ('finneon', True, 453, 4, 70, https://raw.githubusercontent.com/PokeAPI/cries/main/cries/pokemon/legacy/456.ogg, https://raw.githubusercontent.com/PokeAPI/cries/main/cries/pokemon/latest/456.ogg, https://raw.githubusercontent.com/PokeAPI/sprites/master/sprites/pokemon/other/official-artwork/456.png, https://raw.githubusercontent.com/PokeAPI/sprites/master/sprites/pokemon/other/official-artwork/shiny/456.png);
INSERT INTO pokemon.base_stats (base_hp, base_attack, base_defense, base_special_attack, base_special_defense, base_speed, fk_generation, fk_form)
VALUES (49, 49, 56, 49, 61, 66, 4, 581);
INSERT INTO pokemon.form_has_type_per_generation (fk_form, fk_type, fk_generation, is_primary)
VALUES (581, 11, 4, True);

INSERT INTO pokemon.pokemon_species (name, pokedex_index, is_baby, is_legendary, is_mythical, evolves_from)
VALUES ('mantyke', 458, True, False, False, None);
INSERT INTO pokemon.form (name, is_default, fk_pokemon_species, height, weight, legacy_cry, latest_cry, artwork, shiny_artwork)
VALUES ('mantyke', True, 454, 10, 650, https://raw.githubusercontent.com/PokeAPI/cries/main/cries/pokemon/legacy/458.ogg, https://raw.githubusercontent.com/PokeAPI/cries/main/cries/pokemon/latest/458.ogg, https://raw.githubusercontent.com/PokeAPI/sprites/master/sprites/pokemon/other/official-artwork/458.png, https://raw.githubusercontent.com/PokeAPI/sprites/master/sprites/pokemon/other/official-artwork/shiny/458.png);
INSERT INTO pokemon.base_stats (base_hp, base_attack, base_defense, base_special_attack, base_special_defense, base_speed, fk_generation, fk_form)
VALUES (45, 20, 50, 60, 120, 50, 4, 582);
INSERT INTO pokemon.form_has_type_per_generation (fk_form, fk_type, fk_generation, is_primary)
VALUES (582, 11, 4, True);
INSERT INTO pokemon.form_has_type_per_generation (fk_form, fk_type, fk_generation, is_primary)
VALUES (582, 3, 4, False);

INSERT INTO pokemon.pokemon_species (name, pokedex_index, is_baby, is_legendary, is_mythical, evolves_from)
VALUES ('snover', 459, False, False, False, None);
INSERT INTO pokemon.form (name, is_default, fk_pokemon_species, height, weight, legacy_cry, latest_cry, artwork, shiny_artwork)
VALUES ('snover', True, 455, 10, 505, https://raw.githubusercontent.com/PokeAPI/cries/main/cries/pokemon/legacy/459.ogg, https://raw.githubusercontent.com/PokeAPI/cries/main/cries/pokemon/latest/459.ogg, https://raw.githubusercontent.com/PokeAPI/sprites/master/sprites/pokemon/other/official-artwork/459.png, https://raw.githubusercontent.com/PokeAPI/sprites/master/sprites/pokemon/other/official-artwork/shiny/459.png);
INSERT INTO pokemon.base_stats (base_hp, base_attack, base_defense, base_special_attack, base_special_defense, base_speed, fk_generation, fk_form)
VALUES (60, 62, 50, 62, 60, 40, 4, 583);
INSERT INTO pokemon.form_has_type_per_generation (fk_form, fk_type, fk_generation, is_primary)
VALUES (583, 12, 4, True);
INSERT INTO pokemon.form_has_type_per_generation (fk_form, fk_type, fk_generation, is_primary)
VALUES (583, 15, 4, False);

INSERT INTO pokemon.pokemon_species (name, pokedex_index, is_baby, is_legendary, is_mythical, evolves_from)
VALUES ('rotom', 479, False, False, False, None);
INSERT INTO pokemon.form (name, is_default, fk_pokemon_species, height, weight, legacy_cry, latest_cry, artwork, shiny_artwork)
VALUES ('rotom', True, 456, 3, 3, https://raw.githubusercontent.com/PokeAPI/cries/main/cries/pokemon/legacy/479.ogg, https://raw.githubusercontent.com/PokeAPI/cries/main/cries/pokemon/latest/479.ogg, https://raw.githubusercontent.com/PokeAPI/sprites/master/sprites/pokemon/other/official-artwork/479.png, https://raw.githubusercontent.com/PokeAPI/sprites/master/sprites/pokemon/other/official-artwork/shiny/479.png);
INSERT INTO pokemon.base_stats (base_hp, base_attack, base_defense, base_special_attack, base_special_defense, base_speed, fk_generation, fk_form)
VALUES (50, 50, 77, 95, 77, 91, 4, 584);
INSERT INTO pokemon.form_has_type_per_generation (fk_form, fk_type, fk_generation, is_primary)
VALUES (584, 13, 4, True);
INSERT INTO pokemon.form_has_type_per_generation (fk_form, fk_type, fk_generation, is_primary)
VALUES (584, 8, 4, False);

INSERT INTO pokemon.form (name, is_default, fk_pokemon_species, height, weight, legacy_cry, latest_cry, artwork, shiny_artwork)
VALUES ('rotom-heat', False, 456, 3, 3, None, https://raw.githubusercontent.com/PokeAPI/cries/main/cries/pokemon/latest/10008.ogg, https://raw.githubusercontent.com/PokeAPI/sprites/master/sprites/pokemon/other/official-artwork/10008.png, https://raw.githubusercontent.com/PokeAPI/sprites/master/sprites/pokemon/other/official-artwork/shiny/10008.png);
INSERT INTO pokemon.base_stats (base_hp, base_attack, base_defense, base_special_attack, base_special_defense, base_speed, fk_generation, fk_form)
VALUES (50, 65, 107, 105, 107, 86, 4, 585);
INSERT INTO pokemon.form_has_type_per_generation (fk_form, fk_type, fk_generation, is_primary)
VALUES (585, 13, 4, True);
INSERT INTO pokemon.form_has_type_per_generation (fk_form, fk_type, fk_generation, is_primary)
VALUES (585, 10, 4, False);

INSERT INTO pokemon.form (name, is_default, fk_pokemon_species, height, weight, legacy_cry, latest_cry, artwork, shiny_artwork)
VALUES ('rotom-wash', False, 456, 3, 3, None, https://raw.githubusercontent.com/PokeAPI/cries/main/cries/pokemon/latest/10009.ogg, https://raw.githubusercontent.com/PokeAPI/sprites/master/sprites/pokemon/other/official-artwork/10009.png, https://raw.githubusercontent.com/PokeAPI/sprites/master/sprites/pokemon/other/official-artwork/shiny/10009.png);
INSERT INTO pokemon.base_stats (base_hp, base_attack, base_defense, base_special_attack, base_special_defense, base_speed, fk_generation, fk_form)
VALUES (50, 65, 107, 105, 107, 86, 4, 586);
INSERT INTO pokemon.form_has_type_per_generation (fk_form, fk_type, fk_generation, is_primary)
VALUES (586, 13, 4, True);
INSERT INTO pokemon.form_has_type_per_generation (fk_form, fk_type, fk_generation, is_primary)
VALUES (586, 11, 4, False);

INSERT INTO pokemon.form (name, is_default, fk_pokemon_species, height, weight, legacy_cry, latest_cry, artwork, shiny_artwork)
VALUES ('rotom-frost', False, 456, 3, 3, None, https://raw.githubusercontent.com/PokeAPI/cries/main/cries/pokemon/latest/10010.ogg, https://raw.githubusercontent.com/PokeAPI/sprites/master/sprites/pokemon/other/official-artwork/10010.png, https://raw.githubusercontent.com/PokeAPI/sprites/master/sprites/pokemon/other/official-artwork/shiny/10010.png);
INSERT INTO pokemon.base_stats (base_hp, base_attack, base_defense, base_special_attack, base_special_defense, base_speed, fk_generation, fk_form)
VALUES (50, 65, 107, 105, 107, 86, 4, 587);
INSERT INTO pokemon.form_has_type_per_generation (fk_form, fk_type, fk_generation, is_primary)
VALUES (587, 13, 4, True);
INSERT INTO pokemon.form_has_type_per_generation (fk_form, fk_type, fk_generation, is_primary)
VALUES (587, 15, 4, False);

INSERT INTO pokemon.form (name, is_default, fk_pokemon_species, height, weight, legacy_cry, latest_cry, artwork, shiny_artwork)
VALUES ('rotom-fan', False, 456, 3, 3, None, https://raw.githubusercontent.com/PokeAPI/cries/main/cries/pokemon/latest/10011.ogg, https://raw.githubusercontent.com/PokeAPI/sprites/master/sprites/pokemon/other/official-artwork/10011.png, https://raw.githubusercontent.com/PokeAPI/sprites/master/sprites/pokemon/other/official-artwork/shiny/10011.png);
INSERT INTO pokemon.base_stats (base_hp, base_attack, base_defense, base_special_attack, base_special_defense, base_speed, fk_generation, fk_form)
VALUES (50, 65, 107, 105, 107, 86, 4, 588);
INSERT INTO pokemon.form_has_type_per_generation (fk_form, fk_type, fk_generation, is_primary)
VALUES (588, 13, 4, True);
INSERT INTO pokemon.form_has_type_per_generation (fk_form, fk_type, fk_generation, is_primary)
VALUES (588, 3, 4, False);

INSERT INTO pokemon.form (name, is_default, fk_pokemon_species, height, weight, legacy_cry, latest_cry, artwork, shiny_artwork)
VALUES ('rotom-mow', False, 456, 3, 3, None, https://raw.githubusercontent.com/PokeAPI/cries/main/cries/pokemon/latest/10012.ogg, https://raw.githubusercontent.com/PokeAPI/sprites/master/sprites/pokemon/other/official-artwork/10012.png, https://raw.githubusercontent.com/PokeAPI/sprites/master/sprites/pokemon/other/official-artwork/shiny/10012.png);
INSERT INTO pokemon.base_stats (base_hp, base_attack, base_defense, base_special_attack, base_special_defense, base_speed, fk_generation, fk_form)
VALUES (50, 65, 107, 105, 107, 86, 4, 589);
INSERT INTO pokemon.form_has_type_per_generation (fk_form, fk_type, fk_generation, is_primary)
VALUES (589, 13, 4, True);
INSERT INTO pokemon.form_has_type_per_generation (fk_form, fk_type, fk_generation, is_primary)
VALUES (589, 12, 4, False);

INSERT INTO pokemon.pokemon_species (name, pokedex_index, is_baby, is_legendary, is_mythical, evolves_from)
VALUES ('uxie', 480, False, True, False, None);
INSERT INTO pokemon.form (name, is_default, fk_pokemon_species, height, weight, legacy_cry, latest_cry, artwork, shiny_artwork)
VALUES ('uxie', True, 457, 3, 3, https://raw.githubusercontent.com/PokeAPI/cries/main/cries/pokemon/legacy/480.ogg, https://raw.githubusercontent.com/PokeAPI/cries/main/cries/pokemon/latest/480.ogg, https://raw.githubusercontent.com/PokeAPI/sprites/master/sprites/pokemon/other/official-artwork/480.png, https://raw.githubusercontent.com/PokeAPI/sprites/master/sprites/pokemon/other/official-artwork/shiny/480.png);
INSERT INTO pokemon.base_stats (base_hp, base_attack, base_defense, base_special_attack, base_special_defense, base_speed, fk_generation, fk_form)
VALUES (75, 75, 130, 75, 130, 95, 4, 590);
INSERT INTO pokemon.form_has_type_per_generation (fk_form, fk_type, fk_generation, is_primary)
VALUES (590, 14, 4, True);

INSERT INTO pokemon.pokemon_species (name, pokedex_index, is_baby, is_legendary, is_mythical, evolves_from)
VALUES ('mesprit', 481, False, True, False, None);
INSERT INTO pokemon.form (name, is_default, fk_pokemon_species, height, weight, legacy_cry, latest_cry, artwork, shiny_artwork)
VALUES ('mesprit', True, 458, 3, 3, https://raw.githubusercontent.com/PokeAPI/cries/main/cries/pokemon/legacy/481.ogg, https://raw.githubusercontent.com/PokeAPI/cries/main/cries/pokemon/latest/481.ogg, https://raw.githubusercontent.com/PokeAPI/sprites/master/sprites/pokemon/other/official-artwork/481.png, https://raw.githubusercontent.com/PokeAPI/sprites/master/sprites/pokemon/other/official-artwork/shiny/481.png);
INSERT INTO pokemon.base_stats (base_hp, base_attack, base_defense, base_special_attack, base_special_defense, base_speed, fk_generation, fk_form)
VALUES (80, 105, 105, 105, 105, 80, 4, 591);
INSERT INTO pokemon.form_has_type_per_generation (fk_form, fk_type, fk_generation, is_primary)
VALUES (591, 14, 4, True);

INSERT INTO pokemon.pokemon_species (name, pokedex_index, is_baby, is_legendary, is_mythical, evolves_from)
VALUES ('azelf', 482, False, True, False, None);
INSERT INTO pokemon.form (name, is_default, fk_pokemon_species, height, weight, legacy_cry, latest_cry, artwork, shiny_artwork)
VALUES ('azelf', True, 459, 3, 3, https://raw.githubusercontent.com/PokeAPI/cries/main/cries/pokemon/legacy/482.ogg, https://raw.githubusercontent.com/PokeAPI/cries/main/cries/pokemon/latest/482.ogg, https://raw.githubusercontent.com/PokeAPI/sprites/master/sprites/pokemon/other/official-artwork/482.png, https://raw.githubusercontent.com/PokeAPI/sprites/master/sprites/pokemon/other/official-artwork/shiny/482.png);
INSERT INTO pokemon.base_stats (base_hp, base_attack, base_defense, base_special_attack, base_special_defense, base_speed, fk_generation, fk_form)
VALUES (75, 125, 70, 125, 70, 115, 4, 592);
INSERT INTO pokemon.form_has_type_per_generation (fk_form, fk_type, fk_generation, is_primary)
VALUES (592, 14, 4, True);

INSERT INTO pokemon.pokemon_species (name, pokedex_index, is_baby, is_legendary, is_mythical, evolves_from)
VALUES ('dialga', 483, False, True, False, None);
INSERT INTO pokemon.form (name, is_default, fk_pokemon_species, height, weight, legacy_cry, latest_cry, artwork, shiny_artwork)
VALUES ('dialga', True, 460, 54, 6830, https://raw.githubusercontent.com/PokeAPI/cries/main/cries/pokemon/legacy/483.ogg, https://raw.githubusercontent.com/PokeAPI/cries/main/cries/pokemon/latest/483.ogg, https://raw.githubusercontent.com/PokeAPI/sprites/master/sprites/pokemon/other/official-artwork/483.png, https://raw.githubusercontent.com/PokeAPI/sprites/master/sprites/pokemon/other/official-artwork/shiny/483.png);
INSERT INTO pokemon.base_stats (base_hp, base_attack, base_defense, base_special_attack, base_special_defense, base_speed, fk_generation, fk_form)
VALUES (100, 120, 120, 150, 100, 90, 4, 593);
INSERT INTO pokemon.form_has_type_per_generation (fk_form, fk_type, fk_generation, is_primary)
VALUES (593, 9, 4, True);
INSERT INTO pokemon.form_has_type_per_generation (fk_form, fk_type, fk_generation, is_primary)
VALUES (593, 16, 4, False);

INSERT INTO pokemon.form (name, is_default, fk_pokemon_species, height, weight, legacy_cry, latest_cry, artwork, shiny_artwork)
VALUES ('dialga-origin', False, 460, 70, 8487, None, https://raw.githubusercontent.com/PokeAPI/cries/main/cries/pokemon/latest/10245.ogg, https://raw.githubusercontent.com/PokeAPI/sprites/master/sprites/pokemon/other/official-artwork/10245.png, https://raw.githubusercontent.com/PokeAPI/sprites/master/sprites/pokemon/other/official-artwork/shiny/10245.png);
INSERT INTO pokemon.base_stats (base_hp, base_attack, base_defense, base_special_attack, base_special_defense, base_speed, fk_generation, fk_form)
VALUES (100, 100, 120, 150, 120, 90, 4, 594);
INSERT INTO pokemon.form_has_type_per_generation (fk_form, fk_type, fk_generation, is_primary)
VALUES (594, 9, 4, True);
INSERT INTO pokemon.form_has_type_per_generation (fk_form, fk_type, fk_generation, is_primary)
VALUES (594, 16, 4, False);

INSERT INTO pokemon.pokemon_species (name, pokedex_index, is_baby, is_legendary, is_mythical, evolves_from)
VALUES ('palkia', 484, False, True, False, None);
INSERT INTO pokemon.form (name, is_default, fk_pokemon_species, height, weight, legacy_cry, latest_cry, artwork, shiny_artwork)
VALUES ('palkia', True, 461, 42, 3360, https://raw.githubusercontent.com/PokeAPI/cries/main/cries/pokemon/legacy/484.ogg, https://raw.githubusercontent.com/PokeAPI/cries/main/cries/pokemon/latest/484.ogg, https://raw.githubusercontent.com/PokeAPI/sprites/master/sprites/pokemon/other/official-artwork/484.png, https://raw.githubusercontent.com/PokeAPI/sprites/master/sprites/pokemon/other/official-artwork/shiny/484.png);
INSERT INTO pokemon.base_stats (base_hp, base_attack, base_defense, base_special_attack, base_special_defense, base_speed, fk_generation, fk_form)
VALUES (90, 120, 100, 150, 120, 100, 4, 595);
INSERT INTO pokemon.form_has_type_per_generation (fk_form, fk_type, fk_generation, is_primary)
VALUES (595, 11, 4, True);
INSERT INTO pokemon.form_has_type_per_generation (fk_form, fk_type, fk_generation, is_primary)
VALUES (595, 16, 4, False);

INSERT INTO pokemon.form (name, is_default, fk_pokemon_species, height, weight, legacy_cry, latest_cry, artwork, shiny_artwork)
VALUES ('palkia-origin', False, 461, 63, 6590, None, https://raw.githubusercontent.com/PokeAPI/cries/main/cries/pokemon/latest/10246.ogg, https://raw.githubusercontent.com/PokeAPI/sprites/master/sprites/pokemon/other/official-artwork/10246.png, https://raw.githubusercontent.com/PokeAPI/sprites/master/sprites/pokemon/other/official-artwork/shiny/10246.png);
INSERT INTO pokemon.base_stats (base_hp, base_attack, base_defense, base_special_attack, base_special_defense, base_speed, fk_generation, fk_form)
VALUES (90, 100, 100, 150, 120, 120, 4, 596);
INSERT INTO pokemon.form_has_type_per_generation (fk_form, fk_type, fk_generation, is_primary)
VALUES (596, 11, 4, True);
INSERT INTO pokemon.form_has_type_per_generation (fk_form, fk_type, fk_generation, is_primary)
VALUES (596, 16, 4, False);

INSERT INTO pokemon.pokemon_species (name, pokedex_index, is_baby, is_legendary, is_mythical, evolves_from)
VALUES ('heatran', 485, False, True, False, None);
INSERT INTO pokemon.form (name, is_default, fk_pokemon_species, height, weight, legacy_cry, latest_cry, artwork, shiny_artwork)
VALUES ('heatran', True, 462, 17, 4300, https://raw.githubusercontent.com/PokeAPI/cries/main/cries/pokemon/legacy/485.ogg, https://raw.githubusercontent.com/PokeAPI/cries/main/cries/pokemon/latest/485.ogg, https://raw.githubusercontent.com/PokeAPI/sprites/master/sprites/pokemon/other/official-artwork/485.png, https://raw.githubusercontent.com/PokeAPI/sprites/master/sprites/pokemon/other/official-artwork/shiny/485.png);
INSERT INTO pokemon.base_stats (base_hp, base_attack, base_defense, base_special_attack, base_special_defense, base_speed, fk_generation, fk_form)
VALUES (91, 90, 106, 130, 106, 77, 4, 597);
INSERT INTO pokemon.form_has_type_per_generation (fk_form, fk_type, fk_generation, is_primary)
VALUES (597, 10, 4, True);
INSERT INTO pokemon.form_has_type_per_generation (fk_form, fk_type, fk_generation, is_primary)
VALUES (597, 9, 4, False);

INSERT INTO pokemon.pokemon_species (name, pokedex_index, is_baby, is_legendary, is_mythical, evolves_from)
VALUES ('regigigas', 486, False, True, False, None);
INSERT INTO pokemon.form (name, is_default, fk_pokemon_species, height, weight, legacy_cry, latest_cry, artwork, shiny_artwork)
VALUES ('regigigas', True, 463, 37, 4200, https://raw.githubusercontent.com/PokeAPI/cries/main/cries/pokemon/legacy/486.ogg, https://raw.githubusercontent.com/PokeAPI/cries/main/cries/pokemon/latest/486.ogg, https://raw.githubusercontent.com/PokeAPI/sprites/master/sprites/pokemon/other/official-artwork/486.png, https://raw.githubusercontent.com/PokeAPI/sprites/master/sprites/pokemon/other/official-artwork/shiny/486.png);
INSERT INTO pokemon.base_stats (base_hp, base_attack, base_defense, base_special_attack, base_special_defense, base_speed, fk_generation, fk_form)
VALUES (110, 160, 110, 80, 110, 100, 4, 598);
INSERT INTO pokemon.form_has_type_per_generation (fk_form, fk_type, fk_generation, is_primary)
VALUES (598, 1, 4, True);

INSERT INTO pokemon.pokemon_species (name, pokedex_index, is_baby, is_legendary, is_mythical, evolves_from)
VALUES ('giratina', 487, False, True, False, None);
INSERT INTO pokemon.form (name, is_default, fk_pokemon_species, height, weight, legacy_cry, latest_cry, artwork, shiny_artwork)
VALUES ('giratina-altered', False, 464, 45, 7500, https://raw.githubusercontent.com/PokeAPI/cries/main/cries/pokemon/legacy/487.ogg, https://raw.githubusercontent.com/PokeAPI/cries/main/cries/pokemon/latest/487.ogg, https://raw.githubusercontent.com/PokeAPI/sprites/master/sprites/pokemon/other/official-artwork/487.png, https://raw.githubusercontent.com/PokeAPI/sprites/master/sprites/pokemon/other/official-artwork/shiny/487.png);
INSERT INTO pokemon.base_stats (base_hp, base_attack, base_defense, base_special_attack, base_special_defense, base_speed, fk_generation, fk_form)
VALUES (150, 100, 120, 100, 120, 90, 4, 599);
INSERT INTO pokemon.form_has_type_per_generation (fk_form, fk_type, fk_generation, is_primary)
VALUES (599, 8, 4, True);
INSERT INTO pokemon.form_has_type_per_generation (fk_form, fk_type, fk_generation, is_primary)
VALUES (599, 16, 4, False);

INSERT INTO pokemon.form (name, is_default, fk_pokemon_species, height, weight, legacy_cry, latest_cry, artwork, shiny_artwork)
VALUES ('giratina-origin', False, 464, 69, 6500, None, https://raw.githubusercontent.com/PokeAPI/cries/main/cries/pokemon/latest/10007.ogg, https://raw.githubusercontent.com/PokeAPI/sprites/master/sprites/pokemon/other/official-artwork/10007.png, https://raw.githubusercontent.com/PokeAPI/sprites/master/sprites/pokemon/other/official-artwork/shiny/10007.png);
INSERT INTO pokemon.base_stats (base_hp, base_attack, base_defense, base_special_attack, base_special_defense, base_speed, fk_generation, fk_form)
VALUES (150, 120, 100, 120, 100, 90, 4, 600);
INSERT INTO pokemon.form_has_type_per_generation (fk_form, fk_type, fk_generation, is_primary)
VALUES (600, 8, 4, True);
INSERT INTO pokemon.form_has_type_per_generation (fk_form, fk_type, fk_generation, is_primary)
VALUES (600, 16, 4, False);

INSERT INTO pokemon.pokemon_species (name, pokedex_index, is_baby, is_legendary, is_mythical, evolves_from)
VALUES ('cresselia', 488, False, True, False, None);
INSERT INTO pokemon.form (name, is_default, fk_pokemon_species, height, weight, legacy_cry, latest_cry, artwork, shiny_artwork)
VALUES ('cresselia', True, 465, 15, 856, https://raw.githubusercontent.com/PokeAPI/cries/main/cries/pokemon/legacy/488.ogg, https://raw.githubusercontent.com/PokeAPI/cries/main/cries/pokemon/latest/488.ogg, https://raw.githubusercontent.com/PokeAPI/sprites/master/sprites/pokemon/other/official-artwork/488.png, https://raw.githubusercontent.com/PokeAPI/sprites/master/sprites/pokemon/other/official-artwork/shiny/488.png);
INSERT INTO pokemon.base_stats (base_hp, base_attack, base_defense, base_special_attack, base_special_defense, base_speed, fk_generation, fk_form)
VALUES (120, 70, 110, 75, 120, 85, 4, 601);
INSERT INTO pokemon.form_has_type_per_generation (fk_form, fk_type, fk_generation, is_primary)
VALUES (601, 14, 4, True);

INSERT INTO pokemon.pokemon_species (name, pokedex_index, is_baby, is_legendary, is_mythical, evolves_from)
VALUES ('phione', 489, False, False, True, None);
INSERT INTO pokemon.form (name, is_default, fk_pokemon_species, height, weight, legacy_cry, latest_cry, artwork, shiny_artwork)
VALUES ('phione', True, 466, 4, 31, https://raw.githubusercontent.com/PokeAPI/cries/main/cries/pokemon/legacy/489.ogg, https://raw.githubusercontent.com/PokeAPI/cries/main/cries/pokemon/latest/489.ogg, https://raw.githubusercontent.com/PokeAPI/sprites/master/sprites/pokemon/other/official-artwork/489.png, https://raw.githubusercontent.com/PokeAPI/sprites/master/sprites/pokemon/other/official-artwork/shiny/489.png);
INSERT INTO pokemon.base_stats (base_hp, base_attack, base_defense, base_special_attack, base_special_defense, base_speed, fk_generation, fk_form)
VALUES (80, 80, 80, 80, 80, 80, 4, 602);
INSERT INTO pokemon.form_has_type_per_generation (fk_form, fk_type, fk_generation, is_primary)
VALUES (602, 11, 4, True);

INSERT INTO pokemon.pokemon_species (name, pokedex_index, is_baby, is_legendary, is_mythical, evolves_from)
VALUES ('manaphy', 490, False, False, True, None);
INSERT INTO pokemon.form (name, is_default, fk_pokemon_species, height, weight, legacy_cry, latest_cry, artwork, shiny_artwork)
VALUES ('manaphy', True, 467, 3, 14, https://raw.githubusercontent.com/PokeAPI/cries/main/cries/pokemon/legacy/490.ogg, https://raw.githubusercontent.com/PokeAPI/cries/main/cries/pokemon/latest/490.ogg, https://raw.githubusercontent.com/PokeAPI/sprites/master/sprites/pokemon/other/official-artwork/490.png, https://raw.githubusercontent.com/PokeAPI/sprites/master/sprites/pokemon/other/official-artwork/shiny/490.png);
INSERT INTO pokemon.base_stats (base_hp, base_attack, base_defense, base_special_attack, base_special_defense, base_speed, fk_generation, fk_form)
VALUES (100, 100, 100, 100, 100, 100, 4, 603);
INSERT INTO pokemon.form_has_type_per_generation (fk_form, fk_type, fk_generation, is_primary)
VALUES (603, 11, 4, True);

INSERT INTO pokemon.pokemon_species (name, pokedex_index, is_baby, is_legendary, is_mythical, evolves_from)
VALUES ('darkrai', 491, False, False, True, None);
INSERT INTO pokemon.form (name, is_default, fk_pokemon_species, height, weight, legacy_cry, latest_cry, artwork, shiny_artwork)
VALUES ('darkrai', True, 468, 15, 505, https://raw.githubusercontent.com/PokeAPI/cries/main/cries/pokemon/legacy/491.ogg, https://raw.githubusercontent.com/PokeAPI/cries/main/cries/pokemon/latest/491.ogg, https://raw.githubusercontent.com/PokeAPI/sprites/master/sprites/pokemon/other/official-artwork/491.png, https://raw.githubusercontent.com/PokeAPI/sprites/master/sprites/pokemon/other/official-artwork/shiny/491.png);
INSERT INTO pokemon.base_stats (base_hp, base_attack, base_defense, base_special_attack, base_special_defense, base_speed, fk_generation, fk_form)
VALUES (70, 90, 90, 135, 90, 125, 4, 604);
INSERT INTO pokemon.form_has_type_per_generation (fk_form, fk_type, fk_generation, is_primary)
VALUES (604, 17, 4, True);

INSERT INTO pokemon.pokemon_species (name, pokedex_index, is_baby, is_legendary, is_mythical, evolves_from)
VALUES ('shaymin', 492, False, False, True, None);
INSERT INTO pokemon.form (name, is_default, fk_pokemon_species, height, weight, legacy_cry, latest_cry, artwork, shiny_artwork)
VALUES ('shaymin-land', False, 469, 2, 21, https://raw.githubusercontent.com/PokeAPI/cries/main/cries/pokemon/legacy/492.ogg, https://raw.githubusercontent.com/PokeAPI/cries/main/cries/pokemon/latest/492.ogg, https://raw.githubusercontent.com/PokeAPI/sprites/master/sprites/pokemon/other/official-artwork/492.png, https://raw.githubusercontent.com/PokeAPI/sprites/master/sprites/pokemon/other/official-artwork/shiny/492.png);
INSERT INTO pokemon.base_stats (base_hp, base_attack, base_defense, base_special_attack, base_special_defense, base_speed, fk_generation, fk_form)
VALUES (100, 100, 100, 100, 100, 100, 4, 605);
INSERT INTO pokemon.form_has_type_per_generation (fk_form, fk_type, fk_generation, is_primary)
VALUES (605, 12, 4, True);

INSERT INTO pokemon.form (name, is_default, fk_pokemon_species, height, weight, legacy_cry, latest_cry, artwork, shiny_artwork)
VALUES ('shaymin-sky', False, 469, 4, 52, None, https://raw.githubusercontent.com/PokeAPI/cries/main/cries/pokemon/latest/10006.ogg, https://raw.githubusercontent.com/PokeAPI/sprites/master/sprites/pokemon/other/official-artwork/10006.png, https://raw.githubusercontent.com/PokeAPI/sprites/master/sprites/pokemon/other/official-artwork/shiny/10006.png);
INSERT INTO pokemon.base_stats (base_hp, base_attack, base_defense, base_special_attack, base_special_defense, base_speed, fk_generation, fk_form)
VALUES (100, 103, 75, 120, 75, 127, 4, 606);
INSERT INTO pokemon.form_has_type_per_generation (fk_form, fk_type, fk_generation, is_primary)
VALUES (606, 12, 4, True);
INSERT INTO pokemon.form_has_type_per_generation (fk_form, fk_type, fk_generation, is_primary)
VALUES (606, 3, 4, False);

INSERT INTO pokemon.pokemon_species (name, pokedex_index, is_baby, is_legendary, is_mythical, evolves_from)
VALUES ('arceus', 493, False, False, True, None);
INSERT INTO pokemon.form (name, is_default, fk_pokemon_species, height, weight, legacy_cry, latest_cry, artwork, shiny_artwork)
VALUES ('arceus', True, 470, 32, 3200, https://raw.githubusercontent.com/PokeAPI/cries/main/cries/pokemon/legacy/493.ogg, https://raw.githubusercontent.com/PokeAPI/cries/main/cries/pokemon/latest/493.ogg, https://raw.githubusercontent.com/PokeAPI/sprites/master/sprites/pokemon/other/official-artwork/493.png, https://raw.githubusercontent.com/PokeAPI/sprites/master/sprites/pokemon/other/official-artwork/shiny/493.png);
INSERT INTO pokemon.base_stats (base_hp, base_attack, base_defense, base_special_attack, base_special_defense, base_speed, fk_generation, fk_form)
VALUES (120, 120, 120, 120, 120, 120, 4, 607);
INSERT INTO pokemon.form_has_type_per_generation (fk_form, fk_type, fk_generation, is_primary)
VALUES (607, 1, 4, True);

INSERT INTO pokemon.pokemon_species (name, pokedex_index, is_baby, is_legendary, is_mythical, evolves_from)
VALUES ('lumineon', 457, False, False, False, finneon);
INSERT INTO pokemon.form (name, is_default, fk_pokemon_species, height, weight, legacy_cry, latest_cry, artwork, shiny_artwork)
VALUES ('lumineon', True, 471, 12, 240, https://raw.githubusercontent.com/PokeAPI/cries/main/cries/pokemon/legacy/457.ogg, https://raw.githubusercontent.com/PokeAPI/cries/main/cries/pokemon/latest/457.ogg, https://raw.githubusercontent.com/PokeAPI/sprites/master/sprites/pokemon/other/official-artwork/457.png, https://raw.githubusercontent.com/PokeAPI/sprites/master/sprites/pokemon/other/official-artwork/shiny/457.png);
INSERT INTO pokemon.base_stats (base_hp, base_attack, base_defense, base_special_attack, base_special_defense, base_speed, fk_generation, fk_form)
VALUES (69, 69, 76, 69, 86, 91, 4, 608);
INSERT INTO pokemon.form_has_type_per_generation (fk_form, fk_type, fk_generation, is_primary)
VALUES (608, 11, 4, True);

INSERT INTO pokemon.pokemon_species (name, pokedex_index, is_baby, is_legendary, is_mythical, evolves_from)
VALUES ('abomasnow', 460, False, False, False, snover);
INSERT INTO pokemon.form (name, is_default, fk_pokemon_species, height, weight, legacy_cry, latest_cry, artwork, shiny_artwork)
VALUES ('abomasnow', True, 472, 22, 1355, https://raw.githubusercontent.com/PokeAPI/cries/main/cries/pokemon/legacy/460.ogg, https://raw.githubusercontent.com/PokeAPI/cries/main/cries/pokemon/latest/460.ogg, https://raw.githubusercontent.com/PokeAPI/sprites/master/sprites/pokemon/other/official-artwork/460.png, https://raw.githubusercontent.com/PokeAPI/sprites/master/sprites/pokemon/other/official-artwork/shiny/460.png);
INSERT INTO pokemon.base_stats (base_hp, base_attack, base_defense, base_special_attack, base_special_defense, base_speed, fk_generation, fk_form)
VALUES (90, 92, 75, 92, 85, 60, 4, 609);
INSERT INTO pokemon.form_has_type_per_generation (fk_form, fk_type, fk_generation, is_primary)
VALUES (609, 12, 4, True);
INSERT INTO pokemon.form_has_type_per_generation (fk_form, fk_type, fk_generation, is_primary)
VALUES (609, 15, 4, False);

INSERT INTO pokemon.form (name, is_default, fk_pokemon_species, height, weight, legacy_cry, latest_cry, artwork, shiny_artwork)
VALUES ('abomasnow-mega', False, 472, 27, 1850, None, https://raw.githubusercontent.com/PokeAPI/cries/main/cries/pokemon/latest/10060.ogg, https://raw.githubusercontent.com/PokeAPI/sprites/master/sprites/pokemon/other/official-artwork/10060.png, https://raw.githubusercontent.com/PokeAPI/sprites/master/sprites/pokemon/other/official-artwork/shiny/10060.png);
INSERT INTO pokemon.base_stats (base_hp, base_attack, base_defense, base_special_attack, base_special_defense, base_speed, fk_generation, fk_form)
VALUES (90, 132, 105, 132, 105, 30, 6, 610);
INSERT INTO pokemon.form_has_type_per_generation (fk_form, fk_type, fk_generation, is_primary)
VALUES (610, 12, 6, True);
INSERT INTO pokemon.form_has_type_per_generation (fk_form, fk_type, fk_generation, is_primary)
VALUES (610, 15, 6, False);

INSERT INTO pokemon.pokemon_species (name, pokedex_index, is_baby, is_legendary, is_mythical, evolves_from)
VALUES ('weavile', 461, False, False, False, sneasel);
INSERT INTO pokemon.form (name, is_default, fk_pokemon_species, height, weight, legacy_cry, latest_cry, artwork, shiny_artwork)
VALUES ('weavile', True, 473, 11, 340, https://raw.githubusercontent.com/PokeAPI/cries/main/cries/pokemon/legacy/461.ogg, https://raw.githubusercontent.com/PokeAPI/cries/main/cries/pokemon/latest/461.ogg, https://raw.githubusercontent.com/PokeAPI/sprites/master/sprites/pokemon/other/official-artwork/461.png, https://raw.githubusercontent.com/PokeAPI/sprites/master/sprites/pokemon/other/official-artwork/shiny/461.png);
INSERT INTO pokemon.base_stats (base_hp, base_attack, base_defense, base_special_attack, base_special_defense, base_speed, fk_generation, fk_form)
VALUES (70, 120, 65, 45, 85, 125, 4, 611);
INSERT INTO pokemon.form_has_type_per_generation (fk_form, fk_type, fk_generation, is_primary)
VALUES (611, 17, 4, True);
INSERT INTO pokemon.form_has_type_per_generation (fk_form, fk_type, fk_generation, is_primary)
VALUES (611, 15, 4, False);

INSERT INTO pokemon.pokemon_species (name, pokedex_index, is_baby, is_legendary, is_mythical, evolves_from)
VALUES ('magnezone', 462, False, False, False, magneton);
INSERT INTO pokemon.form (name, is_default, fk_pokemon_species, height, weight, legacy_cry, latest_cry, artwork, shiny_artwork)
VALUES ('magnezone', True, 474, 12, 1800, https://raw.githubusercontent.com/PokeAPI/cries/main/cries/pokemon/legacy/462.ogg, https://raw.githubusercontent.com/PokeAPI/cries/main/cries/pokemon/latest/462.ogg, https://raw.githubusercontent.com/PokeAPI/sprites/master/sprites/pokemon/other/official-artwork/462.png, https://raw.githubusercontent.com/PokeAPI/sprites/master/sprites/pokemon/other/official-artwork/shiny/462.png);
INSERT INTO pokemon.base_stats (base_hp, base_attack, base_defense, base_special_attack, base_special_defense, base_speed, fk_generation, fk_form)
VALUES (70, 70, 115, 130, 90, 60, 4, 612);
INSERT INTO pokemon.form_has_type_per_generation (fk_form, fk_type, fk_generation, is_primary)
VALUES (612, 13, 4, True);
INSERT INTO pokemon.form_has_type_per_generation (fk_form, fk_type, fk_generation, is_primary)
VALUES (612, 9, 4, False);

INSERT INTO pokemon.pokemon_species (name, pokedex_index, is_baby, is_legendary, is_mythical, evolves_from)
VALUES ('lickilicky', 463, False, False, False, lickitung);
INSERT INTO pokemon.form (name, is_default, fk_pokemon_species, height, weight, legacy_cry, latest_cry, artwork, shiny_artwork)
VALUES ('lickilicky', True, 475, 17, 1400, https://raw.githubusercontent.com/PokeAPI/cries/main/cries/pokemon/legacy/463.ogg, https://raw.githubusercontent.com/PokeAPI/cries/main/cries/pokemon/latest/463.ogg, https://raw.githubusercontent.com/PokeAPI/sprites/master/sprites/pokemon/other/official-artwork/463.png, https://raw.githubusercontent.com/PokeAPI/sprites/master/sprites/pokemon/other/official-artwork/shiny/463.png);
INSERT INTO pokemon.base_stats (base_hp, base_attack, base_defense, base_special_attack, base_special_defense, base_speed, fk_generation, fk_form)
VALUES (110, 85, 95, 80, 95, 50, 4, 613);
INSERT INTO pokemon.form_has_type_per_generation (fk_form, fk_type, fk_generation, is_primary)
VALUES (613, 1, 4, True);

INSERT INTO pokemon.pokemon_species (name, pokedex_index, is_baby, is_legendary, is_mythical, evolves_from)
VALUES ('rhyperior', 464, False, False, False, rhydon);
INSERT INTO pokemon.form (name, is_default, fk_pokemon_species, height, weight, legacy_cry, latest_cry, artwork, shiny_artwork)
VALUES ('rhyperior', True, 476, 24, 2828, https://raw.githubusercontent.com/PokeAPI/cries/main/cries/pokemon/legacy/464.ogg, https://raw.githubusercontent.com/PokeAPI/cries/main/cries/pokemon/latest/464.ogg, https://raw.githubusercontent.com/PokeAPI/sprites/master/sprites/pokemon/other/official-artwork/464.png, https://raw.githubusercontent.com/PokeAPI/sprites/master/sprites/pokemon/other/official-artwork/shiny/464.png);
INSERT INTO pokemon.base_stats (base_hp, base_attack, base_defense, base_special_attack, base_special_defense, base_speed, fk_generation, fk_form)
VALUES (115, 140, 130, 55, 55, 40, 4, 614);
INSERT INTO pokemon.form_has_type_per_generation (fk_form, fk_type, fk_generation, is_primary)
VALUES (614, 5, 4, True);
INSERT INTO pokemon.form_has_type_per_generation (fk_form, fk_type, fk_generation, is_primary)
VALUES (614, 6, 4, False);

INSERT INTO pokemon.pokemon_species (name, pokedex_index, is_baby, is_legendary, is_mythical, evolves_from)
VALUES ('tangrowth', 465, False, False, False, tangela);
INSERT INTO pokemon.form (name, is_default, fk_pokemon_species, height, weight, legacy_cry, latest_cry, artwork, shiny_artwork)
VALUES ('tangrowth', True, 477, 20, 1286, https://raw.githubusercontent.com/PokeAPI/cries/main/cries/pokemon/legacy/465.ogg, https://raw.githubusercontent.com/PokeAPI/cries/main/cries/pokemon/latest/465.ogg, https://raw.githubusercontent.com/PokeAPI/sprites/master/sprites/pokemon/other/official-artwork/465.png, https://raw.githubusercontent.com/PokeAPI/sprites/master/sprites/pokemon/other/official-artwork/shiny/465.png);
INSERT INTO pokemon.base_stats (base_hp, base_attack, base_defense, base_special_attack, base_special_defense, base_speed, fk_generation, fk_form)
VALUES (100, 100, 125, 110, 50, 50, 4, 615);
INSERT INTO pokemon.form_has_type_per_generation (fk_form, fk_type, fk_generation, is_primary)
VALUES (615, 12, 4, True);

INSERT INTO pokemon.pokemon_species (name, pokedex_index, is_baby, is_legendary, is_mythical, evolves_from)
VALUES ('electivire', 466, False, False, False, electabuzz);
INSERT INTO pokemon.form (name, is_default, fk_pokemon_species, height, weight, legacy_cry, latest_cry, artwork, shiny_artwork)
VALUES ('electivire', True, 478, 18, 1386, https://raw.githubusercontent.com/PokeAPI/cries/main/cries/pokemon/legacy/466.ogg, https://raw.githubusercontent.com/PokeAPI/cries/main/cries/pokemon/latest/466.ogg, https://raw.githubusercontent.com/PokeAPI/sprites/master/sprites/pokemon/other/official-artwork/466.png, https://raw.githubusercontent.com/PokeAPI/sprites/master/sprites/pokemon/other/official-artwork/shiny/466.png);
INSERT INTO pokemon.base_stats (base_hp, base_attack, base_defense, base_special_attack, base_special_defense, base_speed, fk_generation, fk_form)
VALUES (75, 123, 67, 95, 85, 95, 4, 616);
INSERT INTO pokemon.form_has_type_per_generation (fk_form, fk_type, fk_generation, is_primary)
VALUES (616, 13, 4, True);

INSERT INTO pokemon.pokemon_species (name, pokedex_index, is_baby, is_legendary, is_mythical, evolves_from)
VALUES ('magmortar', 467, False, False, False, magmar);
INSERT INTO pokemon.form (name, is_default, fk_pokemon_species, height, weight, legacy_cry, latest_cry, artwork, shiny_artwork)
VALUES ('magmortar', True, 479, 16, 680, https://raw.githubusercontent.com/PokeAPI/cries/main/cries/pokemon/legacy/467.ogg, https://raw.githubusercontent.com/PokeAPI/cries/main/cries/pokemon/latest/467.ogg, https://raw.githubusercontent.com/PokeAPI/sprites/master/sprites/pokemon/other/official-artwork/467.png, https://raw.githubusercontent.com/PokeAPI/sprites/master/sprites/pokemon/other/official-artwork/shiny/467.png);
INSERT INTO pokemon.base_stats (base_hp, base_attack, base_defense, base_special_attack, base_special_defense, base_speed, fk_generation, fk_form)
VALUES (75, 95, 67, 125, 95, 83, 4, 617);
INSERT INTO pokemon.form_has_type_per_generation (fk_form, fk_type, fk_generation, is_primary)
VALUES (617, 10, 4, True);

INSERT INTO pokemon.pokemon_species (name, pokedex_index, is_baby, is_legendary, is_mythical, evolves_from)
VALUES ('togekiss', 468, False, False, False, togetic);
INSERT INTO pokemon.form (name, is_default, fk_pokemon_species, height, weight, legacy_cry, latest_cry, artwork, shiny_artwork)
VALUES ('togekiss', True, 480, 15, 380, https://raw.githubusercontent.com/PokeAPI/cries/main/cries/pokemon/legacy/468.ogg, https://raw.githubusercontent.com/PokeAPI/cries/main/cries/pokemon/latest/468.ogg, https://raw.githubusercontent.com/PokeAPI/sprites/master/sprites/pokemon/other/official-artwork/468.png, https://raw.githubusercontent.com/PokeAPI/sprites/master/sprites/pokemon/other/official-artwork/shiny/468.png);
INSERT INTO pokemon.base_stats (base_hp, base_attack, base_defense, base_special_attack, base_special_defense, base_speed, fk_generation, fk_form)
VALUES (85, 50, 95, 120, 115, 80, 4, 618);
INSERT INTO pokemon.form_has_type_per_generation (fk_form, fk_type, fk_generation, is_primary)
VALUES (618, 18, 4, True);
INSERT INTO pokemon.form_has_type_per_generation (fk_form, fk_type, fk_generation, is_primary)
VALUES (618, 3, 4, False);

INSERT INTO pokemon.pokemon_species (name, pokedex_index, is_baby, is_legendary, is_mythical, evolves_from)
VALUES ('yanmega', 469, False, False, False, yanma);
INSERT INTO pokemon.form (name, is_default, fk_pokemon_species, height, weight, legacy_cry, latest_cry, artwork, shiny_artwork)
VALUES ('yanmega', True, 481, 19, 515, https://raw.githubusercontent.com/PokeAPI/cries/main/cries/pokemon/legacy/469.ogg, https://raw.githubusercontent.com/PokeAPI/cries/main/cries/pokemon/latest/469.ogg, https://raw.githubusercontent.com/PokeAPI/sprites/master/sprites/pokemon/other/official-artwork/469.png, https://raw.githubusercontent.com/PokeAPI/sprites/master/sprites/pokemon/other/official-artwork/shiny/469.png);
INSERT INTO pokemon.base_stats (base_hp, base_attack, base_defense, base_special_attack, base_special_defense, base_speed, fk_generation, fk_form)
VALUES (86, 76, 86, 116, 56, 95, 4, 619);
INSERT INTO pokemon.form_has_type_per_generation (fk_form, fk_type, fk_generation, is_primary)
VALUES (619, 7, 4, True);
INSERT INTO pokemon.form_has_type_per_generation (fk_form, fk_type, fk_generation, is_primary)
VALUES (619, 3, 4, False);

INSERT INTO pokemon.pokemon_species (name, pokedex_index, is_baby, is_legendary, is_mythical, evolves_from)
VALUES ('leafeon', 470, False, False, False, eevee);
INSERT INTO pokemon.form (name, is_default, fk_pokemon_species, height, weight, legacy_cry, latest_cry, artwork, shiny_artwork)
VALUES ('leafeon', True, 482, 10, 255, https://raw.githubusercontent.com/PokeAPI/cries/main/cries/pokemon/legacy/470.ogg, https://raw.githubusercontent.com/PokeAPI/cries/main/cries/pokemon/latest/470.ogg, https://raw.githubusercontent.com/PokeAPI/sprites/master/sprites/pokemon/other/official-artwork/470.png, https://raw.githubusercontent.com/PokeAPI/sprites/master/sprites/pokemon/other/official-artwork/shiny/470.png);
INSERT INTO pokemon.base_stats (base_hp, base_attack, base_defense, base_special_attack, base_special_defense, base_speed, fk_generation, fk_form)
VALUES (65, 110, 130, 60, 65, 95, 4, 620);
INSERT INTO pokemon.form_has_type_per_generation (fk_form, fk_type, fk_generation, is_primary)
VALUES (620, 12, 4, True);

INSERT INTO pokemon.pokemon_species (name, pokedex_index, is_baby, is_legendary, is_mythical, evolves_from)
VALUES ('glaceon', 471, False, False, False, eevee);
INSERT INTO pokemon.form (name, is_default, fk_pokemon_species, height, weight, legacy_cry, latest_cry, artwork, shiny_artwork)
VALUES ('glaceon', True, 483, 8, 259, https://raw.githubusercontent.com/PokeAPI/cries/main/cries/pokemon/legacy/471.ogg, https://raw.githubusercontent.com/PokeAPI/cries/main/cries/pokemon/latest/471.ogg, https://raw.githubusercontent.com/PokeAPI/sprites/master/sprites/pokemon/other/official-artwork/471.png, https://raw.githubusercontent.com/PokeAPI/sprites/master/sprites/pokemon/other/official-artwork/shiny/471.png);
INSERT INTO pokemon.base_stats (base_hp, base_attack, base_defense, base_special_attack, base_special_defense, base_speed, fk_generation, fk_form)
VALUES (65, 60, 110, 130, 95, 65, 4, 621);
INSERT INTO pokemon.form_has_type_per_generation (fk_form, fk_type, fk_generation, is_primary)
VALUES (621, 15, 4, True);

INSERT INTO pokemon.pokemon_species (name, pokedex_index, is_baby, is_legendary, is_mythical, evolves_from)
VALUES ('gliscor', 472, False, False, False, gligar);
INSERT INTO pokemon.form (name, is_default, fk_pokemon_species, height, weight, legacy_cry, latest_cry, artwork, shiny_artwork)
VALUES ('gliscor', True, 484, 20, 425, https://raw.githubusercontent.com/PokeAPI/cries/main/cries/pokemon/legacy/472.ogg, https://raw.githubusercontent.com/PokeAPI/cries/main/cries/pokemon/latest/472.ogg, https://raw.githubusercontent.com/PokeAPI/sprites/master/sprites/pokemon/other/official-artwork/472.png, https://raw.githubusercontent.com/PokeAPI/sprites/master/sprites/pokemon/other/official-artwork/shiny/472.png);
INSERT INTO pokemon.base_stats (base_hp, base_attack, base_defense, base_special_attack, base_special_defense, base_speed, fk_generation, fk_form)
VALUES (75, 95, 125, 45, 75, 95, 4, 622);
INSERT INTO pokemon.form_has_type_per_generation (fk_form, fk_type, fk_generation, is_primary)
VALUES (622, 5, 4, True);
INSERT INTO pokemon.form_has_type_per_generation (fk_form, fk_type, fk_generation, is_primary)
VALUES (622, 3, 4, False);

INSERT INTO pokemon.pokemon_species (name, pokedex_index, is_baby, is_legendary, is_mythical, evolves_from)
VALUES ('porygon-z', 474, False, False, False, porygon2);
INSERT INTO pokemon.form (name, is_default, fk_pokemon_species, height, weight, legacy_cry, latest_cry, artwork, shiny_artwork)
VALUES ('porygon-z', True, 485, 9, 340, https://raw.githubusercontent.com/PokeAPI/cries/main/cries/pokemon/legacy/474.ogg, https://raw.githubusercontent.com/PokeAPI/cries/main/cries/pokemon/latest/474.ogg, https://raw.githubusercontent.com/PokeAPI/sprites/master/sprites/pokemon/other/official-artwork/474.png, https://raw.githubusercontent.com/PokeAPI/sprites/master/sprites/pokemon/other/official-artwork/shiny/474.png);
INSERT INTO pokemon.base_stats (base_hp, base_attack, base_defense, base_special_attack, base_special_defense, base_speed, fk_generation, fk_form)
VALUES (85, 80, 70, 135, 75, 90, 4, 623);
INSERT INTO pokemon.form_has_type_per_generation (fk_form, fk_type, fk_generation, is_primary)
VALUES (623, 1, 4, True);

INSERT INTO pokemon.pokemon_species (name, pokedex_index, is_baby, is_legendary, is_mythical, evolves_from)
VALUES ('gallade', 475, False, False, False, kirlia);
INSERT INTO pokemon.form (name, is_default, fk_pokemon_species, height, weight, legacy_cry, latest_cry, artwork, shiny_artwork)
VALUES ('gallade', True, 486, 16, 520, https://raw.githubusercontent.com/PokeAPI/cries/main/cries/pokemon/legacy/475.ogg, https://raw.githubusercontent.com/PokeAPI/cries/main/cries/pokemon/latest/475.ogg, https://raw.githubusercontent.com/PokeAPI/sprites/master/sprites/pokemon/other/official-artwork/475.png, https://raw.githubusercontent.com/PokeAPI/sprites/master/sprites/pokemon/other/official-artwork/shiny/475.png);
INSERT INTO pokemon.base_stats (base_hp, base_attack, base_defense, base_special_attack, base_special_defense, base_speed, fk_generation, fk_form)
VALUES (68, 125, 65, 65, 115, 80, 4, 624);
INSERT INTO pokemon.form_has_type_per_generation (fk_form, fk_type, fk_generation, is_primary)
VALUES (624, 14, 4, True);
INSERT INTO pokemon.form_has_type_per_generation (fk_form, fk_type, fk_generation, is_primary)
VALUES (624, 2, 4, False);

INSERT INTO pokemon.form (name, is_default, fk_pokemon_species, height, weight, legacy_cry, latest_cry, artwork, shiny_artwork)
VALUES ('gallade-mega', False, 486, 16, 564, None, https://raw.githubusercontent.com/PokeAPI/cries/main/cries/pokemon/latest/10068.ogg, https://raw.githubusercontent.com/PokeAPI/sprites/master/sprites/pokemon/other/official-artwork/10068.png, https://raw.githubusercontent.com/PokeAPI/sprites/master/sprites/pokemon/other/official-artwork/shiny/10068.png);
INSERT INTO pokemon.base_stats (base_hp, base_attack, base_defense, base_special_attack, base_special_defense, base_speed, fk_generation, fk_form)
VALUES (68, 165, 95, 65, 115, 110, 6, 625);
INSERT INTO pokemon.form_has_type_per_generation (fk_form, fk_type, fk_generation, is_primary)
VALUES (625, 14, 6, True);
INSERT INTO pokemon.form_has_type_per_generation (fk_form, fk_type, fk_generation, is_primary)
VALUES (625, 2, 6, False);

INSERT INTO pokemon.pokemon_species (name, pokedex_index, is_baby, is_legendary, is_mythical, evolves_from)
VALUES ('probopass', 476, False, False, False, nosepass);
INSERT INTO pokemon.form (name, is_default, fk_pokemon_species, height, weight, legacy_cry, latest_cry, artwork, shiny_artwork)
VALUES ('probopass', True, 487, 14, 3400, https://raw.githubusercontent.com/PokeAPI/cries/main/cries/pokemon/legacy/476.ogg, https://raw.githubusercontent.com/PokeAPI/cries/main/cries/pokemon/latest/476.ogg, https://raw.githubusercontent.com/PokeAPI/sprites/master/sprites/pokemon/other/official-artwork/476.png, https://raw.githubusercontent.com/PokeAPI/sprites/master/sprites/pokemon/other/official-artwork/shiny/476.png);
INSERT INTO pokemon.base_stats (base_hp, base_attack, base_defense, base_special_attack, base_special_defense, base_speed, fk_generation, fk_form)
VALUES (60, 55, 145, 75, 150, 40, 4, 626);
INSERT INTO pokemon.form_has_type_per_generation (fk_form, fk_type, fk_generation, is_primary)
VALUES (626, 6, 4, True);
INSERT INTO pokemon.form_has_type_per_generation (fk_form, fk_type, fk_generation, is_primary)
VALUES (626, 9, 4, False);

INSERT INTO pokemon.pokemon_species (name, pokedex_index, is_baby, is_legendary, is_mythical, evolves_from)
VALUES ('dusknoir', 477, False, False, False, dusclops);
INSERT INTO pokemon.form (name, is_default, fk_pokemon_species, height, weight, legacy_cry, latest_cry, artwork, shiny_artwork)
VALUES ('dusknoir', True, 488, 22, 1066, https://raw.githubusercontent.com/PokeAPI/cries/main/cries/pokemon/legacy/477.ogg, https://raw.githubusercontent.com/PokeAPI/cries/main/cries/pokemon/latest/477.ogg, https://raw.githubusercontent.com/PokeAPI/sprites/master/sprites/pokemon/other/official-artwork/477.png, https://raw.githubusercontent.com/PokeAPI/sprites/master/sprites/pokemon/other/official-artwork/shiny/477.png);
INSERT INTO pokemon.base_stats (base_hp, base_attack, base_defense, base_special_attack, base_special_defense, base_speed, fk_generation, fk_form)
VALUES (45, 100, 135, 65, 135, 45, 4, 627);
INSERT INTO pokemon.form_has_type_per_generation (fk_form, fk_type, fk_generation, is_primary)
VALUES (627, 8, 4, True);

INSERT INTO pokemon.pokemon_species (name, pokedex_index, is_baby, is_legendary, is_mythical, evolves_from)
VALUES ('froslass', 478, False, False, False, snorunt);
INSERT INTO pokemon.form (name, is_default, fk_pokemon_species, height, weight, legacy_cry, latest_cry, artwork, shiny_artwork)
VALUES ('froslass', True, 489, 13, 266, https://raw.githubusercontent.com/PokeAPI/cries/main/cries/pokemon/legacy/478.ogg, https://raw.githubusercontent.com/PokeAPI/cries/main/cries/pokemon/latest/478.ogg, https://raw.githubusercontent.com/PokeAPI/sprites/master/sprites/pokemon/other/official-artwork/478.png, https://raw.githubusercontent.com/PokeAPI/sprites/master/sprites/pokemon/other/official-artwork/shiny/478.png);
INSERT INTO pokemon.base_stats (base_hp, base_attack, base_defense, base_special_attack, base_special_defense, base_speed, fk_generation, fk_form)
VALUES (70, 80, 70, 80, 70, 110, 4, 628);
INSERT INTO pokemon.form_has_type_per_generation (fk_form, fk_type, fk_generation, is_primary)
VALUES (628, 15, 4, True);
INSERT INTO pokemon.form_has_type_per_generation (fk_form, fk_type, fk_generation, is_primary)
VALUES (628, 8, 4, False);

INSERT INTO pokemon.pokemon_species (name, pokedex_index, is_baby, is_legendary, is_mythical, evolves_from)
VALUES ('monferno', 391, False, False, False, chimchar);
INSERT INTO pokemon.form (name, is_default, fk_pokemon_species, height, weight, legacy_cry, latest_cry, artwork, shiny_artwork)
VALUES ('monferno', True, 490, 9, 220, https://raw.githubusercontent.com/PokeAPI/cries/main/cries/pokemon/legacy/391.ogg, https://raw.githubusercontent.com/PokeAPI/cries/main/cries/pokemon/latest/391.ogg, https://raw.githubusercontent.com/PokeAPI/sprites/master/sprites/pokemon/other/official-artwork/391.png, https://raw.githubusercontent.com/PokeAPI/sprites/master/sprites/pokemon/other/official-artwork/shiny/391.png);
INSERT INTO pokemon.base_stats (base_hp, base_attack, base_defense, base_special_attack, base_special_defense, base_speed, fk_generation, fk_form)
VALUES (64, 78, 52, 78, 52, 81, 4, 629);
INSERT INTO pokemon.form_has_type_per_generation (fk_form, fk_type, fk_generation, is_primary)
VALUES (629, 10, 4, True);
INSERT INTO pokemon.form_has_type_per_generation (fk_form, fk_type, fk_generation, is_primary)
VALUES (629, 2, 4, False);

INSERT INTO pokemon.pokemon_species (name, pokedex_index, is_baby, is_legendary, is_mythical, evolves_from)
VALUES ('gastrodon', 423, False, False, False, shellos);
INSERT INTO pokemon.form (name, is_default, fk_pokemon_species, height, weight, legacy_cry, latest_cry, artwork, shiny_artwork)
VALUES ('gastrodon', True, 491, 9, 299, https://raw.githubusercontent.com/PokeAPI/cries/main/cries/pokemon/legacy/423.ogg, https://raw.githubusercontent.com/PokeAPI/cries/main/cries/pokemon/latest/423.ogg, https://raw.githubusercontent.com/PokeAPI/sprites/master/sprites/pokemon/other/official-artwork/423.png, https://raw.githubusercontent.com/PokeAPI/sprites/master/sprites/pokemon/other/official-artwork/shiny/423.png);
INSERT INTO pokemon.base_stats (base_hp, base_attack, base_defense, base_special_attack, base_special_defense, base_speed, fk_generation, fk_form)
VALUES (111, 83, 68, 92, 82, 39, 4, 630);
INSERT INTO pokemon.form_has_type_per_generation (fk_form, fk_type, fk_generation, is_primary)
VALUES (630, 11, 4, True);
INSERT INTO pokemon.form_has_type_per_generation (fk_form, fk_type, fk_generation, is_primary)
VALUES (630, 5, 4, False);

INSERT INTO pokemon.pokemon_species (name, pokedex_index, is_baby, is_legendary, is_mythical, evolves_from)
VALUES ('toxicroak', 454, False, False, False, croagunk);
INSERT INTO pokemon.form (name, is_default, fk_pokemon_species, height, weight, legacy_cry, latest_cry, artwork, shiny_artwork)
VALUES ('toxicroak', True, 492, 13, 444, https://raw.githubusercontent.com/PokeAPI/cries/main/cries/pokemon/legacy/454.ogg, https://raw.githubusercontent.com/PokeAPI/cries/main/cries/pokemon/latest/454.ogg, https://raw.githubusercontent.com/PokeAPI/sprites/master/sprites/pokemon/other/official-artwork/454.png, https://raw.githubusercontent.com/PokeAPI/sprites/master/sprites/pokemon/other/official-artwork/shiny/454.png);
INSERT INTO pokemon.base_stats (base_hp, base_attack, base_defense, base_special_attack, base_special_defense, base_speed, fk_generation, fk_form)
VALUES (83, 106, 65, 86, 65, 85, 4, 631);
INSERT INTO pokemon.form_has_type_per_generation (fk_form, fk_type, fk_generation, is_primary)
VALUES (631, 4, 4, True);
INSERT INTO pokemon.form_has_type_per_generation (fk_form, fk_type, fk_generation, is_primary)
VALUES (631, 2, 4, False);

INSERT INTO pokemon.pokemon_species (name, pokedex_index, is_baby, is_legendary, is_mythical, evolves_from)
VALUES ('mamoswine', 473, False, False, False, piloswine);
INSERT INTO pokemon.form (name, is_default, fk_pokemon_species, height, weight, legacy_cry, latest_cry, artwork, shiny_artwork)
VALUES ('mamoswine', True, 493, 25, 2910, https://raw.githubusercontent.com/PokeAPI/cries/main/cries/pokemon/legacy/473.ogg, https://raw.githubusercontent.com/PokeAPI/cries/main/cries/pokemon/latest/473.ogg, https://raw.githubusercontent.com/PokeAPI/sprites/master/sprites/pokemon/other/official-artwork/473.png, https://raw.githubusercontent.com/PokeAPI/sprites/master/sprites/pokemon/other/official-artwork/shiny/473.png);
INSERT INTO pokemon.base_stats (base_hp, base_attack, base_defense, base_special_attack, base_special_defense, base_speed, fk_generation, fk_form)
VALUES (110, 130, 80, 70, 60, 80, 4, 632);
INSERT INTO pokemon.form_has_type_per_generation (fk_form, fk_type, fk_generation, is_primary)
VALUES (632, 15, 4, True);
INSERT INTO pokemon.form_has_type_per_generation (fk_form, fk_type, fk_generation, is_primary)
VALUES (632, 5, 4, False);



-- POKEMON-SPECIES, FORMS, ITS TYPES AND BASE_STATS
-- POKEMON-SPECIES, FORMS, ITS TYPES AND BASE_STATS
-- POKEMON-SPECIES, FORMS, ITS TYPES AND BASE_STATS
INSERT INTO pokemon.pokemon_species (name, pokedex_index, is_baby, is_legendary, is_mythical, evolves_from)
VALUES ('victini', 494, False, False, True, None);
INSERT INTO pokemon.form (name, is_default, fk_pokemon_species, height, weight, legacy_cry, latest_cry, artwork, shiny_artwork)
VALUES ('victini', True, 494, 4, 40, https://raw.githubusercontent.com/PokeAPI/cries/main/cries/pokemon/legacy/494.ogg, https://raw.githubusercontent.com/PokeAPI/cries/main/cries/pokemon/latest/494.ogg, https://raw.githubusercontent.com/PokeAPI/sprites/master/sprites/pokemon/other/official-artwork/494.png, https://raw.githubusercontent.com/PokeAPI/sprites/master/sprites/pokemon/other/official-artwork/shiny/494.png);
INSERT INTO pokemon.base_stats (base_hp, base_attack, base_defense, base_special_attack, base_special_defense, base_speed, fk_generation, fk_form)
VALUES (100, 100, 100, 100, 100, 100, 5, 633);
INSERT INTO pokemon.form_has_type_per_generation (fk_form, fk_type, fk_generation, is_primary)
VALUES (633, 14, 5, True);
INSERT INTO pokemon.form_has_type_per_generation (fk_form, fk_type, fk_generation, is_primary)
VALUES (633, 10, 5, False);

INSERT INTO pokemon.pokemon_species (name, pokedex_index, is_baby, is_legendary, is_mythical, evolves_from)
VALUES ('snivy', 495, False, False, False, None);
INSERT INTO pokemon.form (name, is_default, fk_pokemon_species, height, weight, legacy_cry, latest_cry, artwork, shiny_artwork)
VALUES ('snivy', True, 495, 6, 81, https://raw.githubusercontent.com/PokeAPI/cries/main/cries/pokemon/legacy/495.ogg, https://raw.githubusercontent.com/PokeAPI/cries/main/cries/pokemon/latest/495.ogg, https://raw.githubusercontent.com/PokeAPI/sprites/master/sprites/pokemon/other/official-artwork/495.png, https://raw.githubusercontent.com/PokeAPI/sprites/master/sprites/pokemon/other/official-artwork/shiny/495.png);
INSERT INTO pokemon.base_stats (base_hp, base_attack, base_defense, base_special_attack, base_special_defense, base_speed, fk_generation, fk_form)
VALUES (45, 45, 55, 45, 55, 63, 5, 634);
INSERT INTO pokemon.form_has_type_per_generation (fk_form, fk_type, fk_generation, is_primary)
VALUES (634, 12, 5, True);

INSERT INTO pokemon.pokemon_species (name, pokedex_index, is_baby, is_legendary, is_mythical, evolves_from)
VALUES ('tepig', 498, False, False, False, None);
INSERT INTO pokemon.form (name, is_default, fk_pokemon_species, height, weight, legacy_cry, latest_cry, artwork, shiny_artwork)
VALUES ('tepig', True, 496, 5, 99, https://raw.githubusercontent.com/PokeAPI/cries/main/cries/pokemon/legacy/498.ogg, https://raw.githubusercontent.com/PokeAPI/cries/main/cries/pokemon/latest/498.ogg, https://raw.githubusercontent.com/PokeAPI/sprites/master/sprites/pokemon/other/official-artwork/498.png, https://raw.githubusercontent.com/PokeAPI/sprites/master/sprites/pokemon/other/official-artwork/shiny/498.png);
INSERT INTO pokemon.base_stats (base_hp, base_attack, base_defense, base_special_attack, base_special_defense, base_speed, fk_generation, fk_form)
VALUES (65, 63, 45, 45, 45, 45, 5, 635);
INSERT INTO pokemon.form_has_type_per_generation (fk_form, fk_type, fk_generation, is_primary)
VALUES (635, 10, 5, True);

INSERT INTO pokemon.pokemon_species (name, pokedex_index, is_baby, is_legendary, is_mythical, evolves_from)
VALUES ('oshawott', 501, False, False, False, None);
INSERT INTO pokemon.form (name, is_default, fk_pokemon_species, height, weight, legacy_cry, latest_cry, artwork, shiny_artwork)
VALUES ('oshawott', True, 497, 5, 59, https://raw.githubusercontent.com/PokeAPI/cries/main/cries/pokemon/legacy/501.ogg, https://raw.githubusercontent.com/PokeAPI/cries/main/cries/pokemon/latest/501.ogg, https://raw.githubusercontent.com/PokeAPI/sprites/master/sprites/pokemon/other/official-artwork/501.png, https://raw.githubusercontent.com/PokeAPI/sprites/master/sprites/pokemon/other/official-artwork/shiny/501.png);
INSERT INTO pokemon.base_stats (base_hp, base_attack, base_defense, base_special_attack, base_special_defense, base_speed, fk_generation, fk_form)
VALUES (55, 55, 45, 63, 45, 45, 5, 636);
INSERT INTO pokemon.form_has_type_per_generation (fk_form, fk_type, fk_generation, is_primary)
VALUES (636, 11, 5, True);

INSERT INTO pokemon.pokemon_species (name, pokedex_index, is_baby, is_legendary, is_mythical, evolves_from)
VALUES ('patrat', 504, False, False, False, None);
INSERT INTO pokemon.form (name, is_default, fk_pokemon_species, height, weight, legacy_cry, latest_cry, artwork, shiny_artwork)
VALUES ('patrat', True, 498, 5, 116, https://raw.githubusercontent.com/PokeAPI/cries/main/cries/pokemon/legacy/504.ogg, https://raw.githubusercontent.com/PokeAPI/cries/main/cries/pokemon/latest/504.ogg, https://raw.githubusercontent.com/PokeAPI/sprites/master/sprites/pokemon/other/official-artwork/504.png, https://raw.githubusercontent.com/PokeAPI/sprites/master/sprites/pokemon/other/official-artwork/shiny/504.png);
INSERT INTO pokemon.base_stats (base_hp, base_attack, base_defense, base_special_attack, base_special_defense, base_speed, fk_generation, fk_form)
VALUES (45, 55, 39, 35, 39, 42, 5, 637);
INSERT INTO pokemon.form_has_type_per_generation (fk_form, fk_type, fk_generation, is_primary)
VALUES (637, 1, 5, True);

INSERT INTO pokemon.pokemon_species (name, pokedex_index, is_baby, is_legendary, is_mythical, evolves_from)
VALUES ('lillipup', 506, False, False, False, None);
INSERT INTO pokemon.form (name, is_default, fk_pokemon_species, height, weight, legacy_cry, latest_cry, artwork, shiny_artwork)
VALUES ('lillipup', True, 499, 4, 41, https://raw.githubusercontent.com/PokeAPI/cries/main/cries/pokemon/legacy/506.ogg, https://raw.githubusercontent.com/PokeAPI/cries/main/cries/pokemon/latest/506.ogg, https://raw.githubusercontent.com/PokeAPI/sprites/master/sprites/pokemon/other/official-artwork/506.png, https://raw.githubusercontent.com/PokeAPI/sprites/master/sprites/pokemon/other/official-artwork/shiny/506.png);
INSERT INTO pokemon.base_stats (base_hp, base_attack, base_defense, base_special_attack, base_special_defense, base_speed, fk_generation, fk_form)
VALUES (45, 60, 45, 25, 45, 55, 5, 638);
INSERT INTO pokemon.form_has_type_per_generation (fk_form, fk_type, fk_generation, is_primary)
VALUES (638, 1, 5, True);

INSERT INTO pokemon.pokemon_species (name, pokedex_index, is_baby, is_legendary, is_mythical, evolves_from)
VALUES ('purrloin', 509, False, False, False, None);
INSERT INTO pokemon.form (name, is_default, fk_pokemon_species, height, weight, legacy_cry, latest_cry, artwork, shiny_artwork)
VALUES ('purrloin', True, 500, 4, 101, https://raw.githubusercontent.com/PokeAPI/cries/main/cries/pokemon/legacy/509.ogg, https://raw.githubusercontent.com/PokeAPI/cries/main/cries/pokemon/latest/509.ogg, https://raw.githubusercontent.com/PokeAPI/sprites/master/sprites/pokemon/other/official-artwork/509.png, https://raw.githubusercontent.com/PokeAPI/sprites/master/sprites/pokemon/other/official-artwork/shiny/509.png);
INSERT INTO pokemon.base_stats (base_hp, base_attack, base_defense, base_special_attack, base_special_defense, base_speed, fk_generation, fk_form)
VALUES (41, 50, 37, 50, 37, 66, 5, 639);
INSERT INTO pokemon.form_has_type_per_generation (fk_form, fk_type, fk_generation, is_primary)
VALUES (639, 17, 5, True);

INSERT INTO pokemon.pokemon_species (name, pokedex_index, is_baby, is_legendary, is_mythical, evolves_from)
VALUES ('pansage', 511, False, False, False, None);
INSERT INTO pokemon.form (name, is_default, fk_pokemon_species, height, weight, legacy_cry, latest_cry, artwork, shiny_artwork)
VALUES ('pansage', True, 501, 6, 105, https://raw.githubusercontent.com/PokeAPI/cries/main/cries/pokemon/legacy/511.ogg, https://raw.githubusercontent.com/PokeAPI/cries/main/cries/pokemon/latest/511.ogg, https://raw.githubusercontent.com/PokeAPI/sprites/master/sprites/pokemon/other/official-artwork/511.png, https://raw.githubusercontent.com/PokeAPI/sprites/master/sprites/pokemon/other/official-artwork/shiny/511.png);
INSERT INTO pokemon.base_stats (base_hp, base_attack, base_defense, base_special_attack, base_special_defense, base_speed, fk_generation, fk_form)
VALUES (50, 53, 48, 53, 48, 64, 5, 640);
INSERT INTO pokemon.form_has_type_per_generation (fk_form, fk_type, fk_generation, is_primary)
VALUES (640, 12, 5, True);

INSERT INTO pokemon.pokemon_species (name, pokedex_index, is_baby, is_legendary, is_mythical, evolves_from)
VALUES ('pansear', 513, False, False, False, None);
INSERT INTO pokemon.form (name, is_default, fk_pokemon_species, height, weight, legacy_cry, latest_cry, artwork, shiny_artwork)
VALUES ('pansear', True, 502, 6, 110, https://raw.githubusercontent.com/PokeAPI/cries/main/cries/pokemon/legacy/513.ogg, https://raw.githubusercontent.com/PokeAPI/cries/main/cries/pokemon/latest/513.ogg, https://raw.githubusercontent.com/PokeAPI/sprites/master/sprites/pokemon/other/official-artwork/513.png, https://raw.githubusercontent.com/PokeAPI/sprites/master/sprites/pokemon/other/official-artwork/shiny/513.png);
INSERT INTO pokemon.base_stats (base_hp, base_attack, base_defense, base_special_attack, base_special_defense, base_speed, fk_generation, fk_form)
VALUES (50, 53, 48, 53, 48, 64, 5, 641);
INSERT INTO pokemon.form_has_type_per_generation (fk_form, fk_type, fk_generation, is_primary)
VALUES (641, 10, 5, True);

INSERT INTO pokemon.pokemon_species (name, pokedex_index, is_baby, is_legendary, is_mythical, evolves_from)
VALUES ('panpour', 515, False, False, False, None);
INSERT INTO pokemon.form (name, is_default, fk_pokemon_species, height, weight, legacy_cry, latest_cry, artwork, shiny_artwork)
VALUES ('panpour', True, 503, 6, 135, https://raw.githubusercontent.com/PokeAPI/cries/main/cries/pokemon/legacy/515.ogg, https://raw.githubusercontent.com/PokeAPI/cries/main/cries/pokemon/latest/515.ogg, https://raw.githubusercontent.com/PokeAPI/sprites/master/sprites/pokemon/other/official-artwork/515.png, https://raw.githubusercontent.com/PokeAPI/sprites/master/sprites/pokemon/other/official-artwork/shiny/515.png);
INSERT INTO pokemon.base_stats (base_hp, base_attack, base_defense, base_special_attack, base_special_defense, base_speed, fk_generation, fk_form)
VALUES (50, 53, 48, 53, 48, 64, 5, 642);
INSERT INTO pokemon.form_has_type_per_generation (fk_form, fk_type, fk_generation, is_primary)
VALUES (642, 11, 5, True);

INSERT INTO pokemon.pokemon_species (name, pokedex_index, is_baby, is_legendary, is_mythical, evolves_from)
VALUES ('munna', 517, False, False, False, None);
INSERT INTO pokemon.form (name, is_default, fk_pokemon_species, height, weight, legacy_cry, latest_cry, artwork, shiny_artwork)
VALUES ('munna', True, 504, 6, 233, https://raw.githubusercontent.com/PokeAPI/cries/main/cries/pokemon/legacy/517.ogg, https://raw.githubusercontent.com/PokeAPI/cries/main/cries/pokemon/latest/517.ogg, https://raw.githubusercontent.com/PokeAPI/sprites/master/sprites/pokemon/other/official-artwork/517.png, https://raw.githubusercontent.com/PokeAPI/sprites/master/sprites/pokemon/other/official-artwork/shiny/517.png);
INSERT INTO pokemon.base_stats (base_hp, base_attack, base_defense, base_special_attack, base_special_defense, base_speed, fk_generation, fk_form)
VALUES (76, 25, 45, 67, 55, 24, 5, 643);
INSERT INTO pokemon.form_has_type_per_generation (fk_form, fk_type, fk_generation, is_primary)
VALUES (643, 14, 5, True);

INSERT INTO pokemon.pokemon_species (name, pokedex_index, is_baby, is_legendary, is_mythical, evolves_from)
VALUES ('pidove', 519, False, False, False, None);
INSERT INTO pokemon.form (name, is_default, fk_pokemon_species, height, weight, legacy_cry, latest_cry, artwork, shiny_artwork)
VALUES ('pidove', True, 505, 3, 21, https://raw.githubusercontent.com/PokeAPI/cries/main/cries/pokemon/legacy/519.ogg, https://raw.githubusercontent.com/PokeAPI/cries/main/cries/pokemon/latest/519.ogg, https://raw.githubusercontent.com/PokeAPI/sprites/master/sprites/pokemon/other/official-artwork/519.png, https://raw.githubusercontent.com/PokeAPI/sprites/master/sprites/pokemon/other/official-artwork/shiny/519.png);
INSERT INTO pokemon.base_stats (base_hp, base_attack, base_defense, base_special_attack, base_special_defense, base_speed, fk_generation, fk_form)
VALUES (50, 55, 50, 36, 30, 43, 5, 644);
INSERT INTO pokemon.form_has_type_per_generation (fk_form, fk_type, fk_generation, is_primary)
VALUES (644, 1, 5, True);
INSERT INTO pokemon.form_has_type_per_generation (fk_form, fk_type, fk_generation, is_primary)
VALUES (644, 3, 5, False);

INSERT INTO pokemon.pokemon_species (name, pokedex_index, is_baby, is_legendary, is_mythical, evolves_from)
VALUES ('blitzle', 522, False, False, False, None);
INSERT INTO pokemon.form (name, is_default, fk_pokemon_species, height, weight, legacy_cry, latest_cry, artwork, shiny_artwork)
VALUES ('blitzle', True, 506, 8, 298, https://raw.githubusercontent.com/PokeAPI/cries/main/cries/pokemon/legacy/522.ogg, https://raw.githubusercontent.com/PokeAPI/cries/main/cries/pokemon/latest/522.ogg, https://raw.githubusercontent.com/PokeAPI/sprites/master/sprites/pokemon/other/official-artwork/522.png, https://raw.githubusercontent.com/PokeAPI/sprites/master/sprites/pokemon/other/official-artwork/shiny/522.png);
INSERT INTO pokemon.base_stats (base_hp, base_attack, base_defense, base_special_attack, base_special_defense, base_speed, fk_generation, fk_form)
VALUES (45, 60, 32, 50, 32, 76, 5, 645);
INSERT INTO pokemon.form_has_type_per_generation (fk_form, fk_type, fk_generation, is_primary)
VALUES (645, 13, 5, True);

INSERT INTO pokemon.pokemon_species (name, pokedex_index, is_baby, is_legendary, is_mythical, evolves_from)
VALUES ('roggenrola', 524, False, False, False, None);
INSERT INTO pokemon.form (name, is_default, fk_pokemon_species, height, weight, legacy_cry, latest_cry, artwork, shiny_artwork)
VALUES ('roggenrola', True, 507, 4, 180, https://raw.githubusercontent.com/PokeAPI/cries/main/cries/pokemon/legacy/524.ogg, https://raw.githubusercontent.com/PokeAPI/cries/main/cries/pokemon/latest/524.ogg, https://raw.githubusercontent.com/PokeAPI/sprites/master/sprites/pokemon/other/official-artwork/524.png, https://raw.githubusercontent.com/PokeAPI/sprites/master/sprites/pokemon/other/official-artwork/shiny/524.png);
INSERT INTO pokemon.base_stats (base_hp, base_attack, base_defense, base_special_attack, base_special_defense, base_speed, fk_generation, fk_form)
VALUES (55, 75, 85, 25, 25, 15, 5, 646);
INSERT INTO pokemon.form_has_type_per_generation (fk_form, fk_type, fk_generation, is_primary)
VALUES (646, 6, 5, True);

INSERT INTO pokemon.pokemon_species (name, pokedex_index, is_baby, is_legendary, is_mythical, evolves_from)
VALUES ('woobat', 527, False, False, False, None);
INSERT INTO pokemon.form (name, is_default, fk_pokemon_species, height, weight, legacy_cry, latest_cry, artwork, shiny_artwork)
VALUES ('woobat', True, 508, 4, 21, https://raw.githubusercontent.com/PokeAPI/cries/main/cries/pokemon/legacy/527.ogg, https://raw.githubusercontent.com/PokeAPI/cries/main/cries/pokemon/latest/527.ogg, https://raw.githubusercontent.com/PokeAPI/sprites/master/sprites/pokemon/other/official-artwork/527.png, https://raw.githubusercontent.com/PokeAPI/sprites/master/sprites/pokemon/other/official-artwork/shiny/527.png);
INSERT INTO pokemon.base_stats (base_hp, base_attack, base_defense, base_special_attack, base_special_defense, base_speed, fk_generation, fk_form)
VALUES (65, 45, 43, 55, 43, 72, 5, 647);
INSERT INTO pokemon.form_has_type_per_generation (fk_form, fk_type, fk_generation, is_primary)
VALUES (647, 14, 5, True);
INSERT INTO pokemon.form_has_type_per_generation (fk_form, fk_type, fk_generation, is_primary)
VALUES (647, 3, 5, False);

INSERT INTO pokemon.pokemon_species (name, pokedex_index, is_baby, is_legendary, is_mythical, evolves_from)
VALUES ('drilbur', 529, False, False, False, None);
INSERT INTO pokemon.form (name, is_default, fk_pokemon_species, height, weight, legacy_cry, latest_cry, artwork, shiny_artwork)
VALUES ('drilbur', True, 509, 3, 85, https://raw.githubusercontent.com/PokeAPI/cries/main/cries/pokemon/legacy/529.ogg, https://raw.githubusercontent.com/PokeAPI/cries/main/cries/pokemon/latest/529.ogg, https://raw.githubusercontent.com/PokeAPI/sprites/master/sprites/pokemon/other/official-artwork/529.png, https://raw.githubusercontent.com/PokeAPI/sprites/master/sprites/pokemon/other/official-artwork/shiny/529.png);
INSERT INTO pokemon.base_stats (base_hp, base_attack, base_defense, base_special_attack, base_special_defense, base_speed, fk_generation, fk_form)
VALUES (60, 85, 40, 30, 45, 68, 5, 648);
INSERT INTO pokemon.form_has_type_per_generation (fk_form, fk_type, fk_generation, is_primary)
VALUES (648, 5, 5, True);

INSERT INTO pokemon.pokemon_species (name, pokedex_index, is_baby, is_legendary, is_mythical, evolves_from)
VALUES ('audino', 531, False, False, False, None);
INSERT INTO pokemon.form (name, is_default, fk_pokemon_species, height, weight, legacy_cry, latest_cry, artwork, shiny_artwork)
VALUES ('audino', True, 510, 11, 310, https://raw.githubusercontent.com/PokeAPI/cries/main/cries/pokemon/legacy/531.ogg, https://raw.githubusercontent.com/PokeAPI/cries/main/cries/pokemon/latest/531.ogg, https://raw.githubusercontent.com/PokeAPI/sprites/master/sprites/pokemon/other/official-artwork/531.png, https://raw.githubusercontent.com/PokeAPI/sprites/master/sprites/pokemon/other/official-artwork/shiny/531.png);
INSERT INTO pokemon.base_stats (base_hp, base_attack, base_defense, base_special_attack, base_special_defense, base_speed, fk_generation, fk_form)
VALUES (103, 60, 86, 60, 86, 50, 5, 649);
INSERT INTO pokemon.form_has_type_per_generation (fk_form, fk_type, fk_generation, is_primary)
VALUES (649, 1, 5, True);

INSERT INTO pokemon.form (name, is_default, fk_pokemon_species, height, weight, legacy_cry, latest_cry, artwork, shiny_artwork)
VALUES ('audino-mega', False, 510, 15, 320, None, https://raw.githubusercontent.com/PokeAPI/cries/main/cries/pokemon/latest/10069.ogg, https://raw.githubusercontent.com/PokeAPI/sprites/master/sprites/pokemon/other/official-artwork/10069.png, https://raw.githubusercontent.com/PokeAPI/sprites/master/sprites/pokemon/other/official-artwork/shiny/10069.png);
INSERT INTO pokemon.base_stats (base_hp, base_attack, base_defense, base_special_attack, base_special_defense, base_speed, fk_generation, fk_form)
VALUES (103, 60, 126, 80, 126, 50, 6, 650);
INSERT INTO pokemon.form_has_type_per_generation (fk_form, fk_type, fk_generation, is_primary)
VALUES (650, 1, 6, True);
INSERT INTO pokemon.form_has_type_per_generation (fk_form, fk_type, fk_generation, is_primary)
VALUES (650, 18, 6, False);

INSERT INTO pokemon.pokemon_species (name, pokedex_index, is_baby, is_legendary, is_mythical, evolves_from)
VALUES ('servine', 496, False, False, False, snivy);
INSERT INTO pokemon.form (name, is_default, fk_pokemon_species, height, weight, legacy_cry, latest_cry, artwork, shiny_artwork)
VALUES ('servine', True, 511, 8, 160, https://raw.githubusercontent.com/PokeAPI/cries/main/cries/pokemon/legacy/496.ogg, https://raw.githubusercontent.com/PokeAPI/cries/main/cries/pokemon/latest/496.ogg, https://raw.githubusercontent.com/PokeAPI/sprites/master/sprites/pokemon/other/official-artwork/496.png, https://raw.githubusercontent.com/PokeAPI/sprites/master/sprites/pokemon/other/official-artwork/shiny/496.png);
INSERT INTO pokemon.base_stats (base_hp, base_attack, base_defense, base_special_attack, base_special_defense, base_speed, fk_generation, fk_form)
VALUES (60, 60, 75, 60, 75, 83, 5, 651);
INSERT INTO pokemon.form_has_type_per_generation (fk_form, fk_type, fk_generation, is_primary)
VALUES (651, 12, 5, True);

INSERT INTO pokemon.pokemon_species (name, pokedex_index, is_baby, is_legendary, is_mythical, evolves_from)
VALUES ('serperior', 497, False, False, False, servine);
INSERT INTO pokemon.form (name, is_default, fk_pokemon_species, height, weight, legacy_cry, latest_cry, artwork, shiny_artwork)
VALUES ('serperior', True, 512, 33, 630, https://raw.githubusercontent.com/PokeAPI/cries/main/cries/pokemon/legacy/497.ogg, https://raw.githubusercontent.com/PokeAPI/cries/main/cries/pokemon/latest/497.ogg, https://raw.githubusercontent.com/PokeAPI/sprites/master/sprites/pokemon/other/official-artwork/497.png, https://raw.githubusercontent.com/PokeAPI/sprites/master/sprites/pokemon/other/official-artwork/shiny/497.png);
INSERT INTO pokemon.base_stats (base_hp, base_attack, base_defense, base_special_attack, base_special_defense, base_speed, fk_generation, fk_form)
VALUES (75, 75, 95, 75, 95, 113, 5, 652);
INSERT INTO pokemon.form_has_type_per_generation (fk_form, fk_type, fk_generation, is_primary)
VALUES (652, 12, 5, True);

INSERT INTO pokemon.pokemon_species (name, pokedex_index, is_baby, is_legendary, is_mythical, evolves_from)
VALUES ('pignite', 499, False, False, False, tepig);
INSERT INTO pokemon.form (name, is_default, fk_pokemon_species, height, weight, legacy_cry, latest_cry, artwork, shiny_artwork)
VALUES ('pignite', True, 513, 10, 555, https://raw.githubusercontent.com/PokeAPI/cries/main/cries/pokemon/legacy/499.ogg, https://raw.githubusercontent.com/PokeAPI/cries/main/cries/pokemon/latest/499.ogg, https://raw.githubusercontent.com/PokeAPI/sprites/master/sprites/pokemon/other/official-artwork/499.png, https://raw.githubusercontent.com/PokeAPI/sprites/master/sprites/pokemon/other/official-artwork/shiny/499.png);
INSERT INTO pokemon.base_stats (base_hp, base_attack, base_defense, base_special_attack, base_special_defense, base_speed, fk_generation, fk_form)
VALUES (90, 93, 55, 70, 55, 55, 5, 653);
INSERT INTO pokemon.form_has_type_per_generation (fk_form, fk_type, fk_generation, is_primary)
VALUES (653, 10, 5, True);
INSERT INTO pokemon.form_has_type_per_generation (fk_form, fk_type, fk_generation, is_primary)
VALUES (653, 2, 5, False);

INSERT INTO pokemon.pokemon_species (name, pokedex_index, is_baby, is_legendary, is_mythical, evolves_from)
VALUES ('emboar', 500, False, False, False, pignite);
INSERT INTO pokemon.form (name, is_default, fk_pokemon_species, height, weight, legacy_cry, latest_cry, artwork, shiny_artwork)
VALUES ('emboar', True, 514, 16, 1500, https://raw.githubusercontent.com/PokeAPI/cries/main/cries/pokemon/legacy/500.ogg, https://raw.githubusercontent.com/PokeAPI/cries/main/cries/pokemon/latest/500.ogg, https://raw.githubusercontent.com/PokeAPI/sprites/master/sprites/pokemon/other/official-artwork/500.png, https://raw.githubusercontent.com/PokeAPI/sprites/master/sprites/pokemon/other/official-artwork/shiny/500.png);
INSERT INTO pokemon.base_stats (base_hp, base_attack, base_defense, base_special_attack, base_special_defense, base_speed, fk_generation, fk_form)
VALUES (110, 123, 65, 100, 65, 65, 5, 654);
INSERT INTO pokemon.form_has_type_per_generation (fk_form, fk_type, fk_generation, is_primary)
VALUES (654, 10, 5, True);
INSERT INTO pokemon.form_has_type_per_generation (fk_form, fk_type, fk_generation, is_primary)
VALUES (654, 2, 5, False);

INSERT INTO pokemon.pokemon_species (name, pokedex_index, is_baby, is_legendary, is_mythical, evolves_from)
VALUES ('dewott', 502, False, False, False, oshawott);
INSERT INTO pokemon.form (name, is_default, fk_pokemon_species, height, weight, legacy_cry, latest_cry, artwork, shiny_artwork)
VALUES ('dewott', True, 515, 8, 245, https://raw.githubusercontent.com/PokeAPI/cries/main/cries/pokemon/legacy/502.ogg, https://raw.githubusercontent.com/PokeAPI/cries/main/cries/pokemon/latest/502.ogg, https://raw.githubusercontent.com/PokeAPI/sprites/master/sprites/pokemon/other/official-artwork/502.png, https://raw.githubusercontent.com/PokeAPI/sprites/master/sprites/pokemon/other/official-artwork/shiny/502.png);
INSERT INTO pokemon.base_stats (base_hp, base_attack, base_defense, base_special_attack, base_special_defense, base_speed, fk_generation, fk_form)
VALUES (75, 75, 60, 83, 60, 60, 5, 655);
INSERT INTO pokemon.form_has_type_per_generation (fk_form, fk_type, fk_generation, is_primary)
VALUES (655, 11, 5, True);

INSERT INTO pokemon.pokemon_species (name, pokedex_index, is_baby, is_legendary, is_mythical, evolves_from)
VALUES ('samurott', 503, False, False, False, dewott);
INSERT INTO pokemon.form (name, is_default, fk_pokemon_species, height, weight, legacy_cry, latest_cry, artwork, shiny_artwork)
VALUES ('samurott', True, 516, 15, 946, https://raw.githubusercontent.com/PokeAPI/cries/main/cries/pokemon/legacy/503.ogg, https://raw.githubusercontent.com/PokeAPI/cries/main/cries/pokemon/latest/503.ogg, https://raw.githubusercontent.com/PokeAPI/sprites/master/sprites/pokemon/other/official-artwork/503.png, https://raw.githubusercontent.com/PokeAPI/sprites/master/sprites/pokemon/other/official-artwork/shiny/503.png);
INSERT INTO pokemon.base_stats (base_hp, base_attack, base_defense, base_special_attack, base_special_defense, base_speed, fk_generation, fk_form)
VALUES (95, 100, 85, 108, 70, 70, 5, 656);
INSERT INTO pokemon.form_has_type_per_generation (fk_form, fk_type, fk_generation, is_primary)
VALUES (656, 11, 5, True);

INSERT INTO pokemon.form (name, is_default, fk_pokemon_species, height, weight, legacy_cry, latest_cry, artwork, shiny_artwork)
VALUES ('samurott-hisui', False, 516, 15, 582, None, https://raw.githubusercontent.com/PokeAPI/cries/main/cries/pokemon/latest/10236.ogg, https://raw.githubusercontent.com/PokeAPI/sprites/master/sprites/pokemon/other/official-artwork/10236.png, https://raw.githubusercontent.com/PokeAPI/sprites/master/sprites/pokemon/other/official-artwork/shiny/10236.png);
INSERT INTO pokemon.base_stats (base_hp, base_attack, base_defense, base_special_attack, base_special_defense, base_speed, fk_generation, fk_form)
VALUES (90, 108, 80, 100, 65, 85, 8, 657);
INSERT INTO pokemon.form_has_type_per_generation (fk_form, fk_type, fk_generation, is_primary)
VALUES (657, 11, 8, True);
INSERT INTO pokemon.form_has_type_per_generation (fk_form, fk_type, fk_generation, is_primary)
VALUES (657, 17, 8, False);

INSERT INTO pokemon.pokemon_species (name, pokedex_index, is_baby, is_legendary, is_mythical, evolves_from)
VALUES ('watchog', 505, False, False, False, patrat);
INSERT INTO pokemon.form (name, is_default, fk_pokemon_species, height, weight, legacy_cry, latest_cry, artwork, shiny_artwork)
VALUES ('watchog', True, 517, 11, 270, https://raw.githubusercontent.com/PokeAPI/cries/main/cries/pokemon/legacy/505.ogg, https://raw.githubusercontent.com/PokeAPI/cries/main/cries/pokemon/latest/505.ogg, https://raw.githubusercontent.com/PokeAPI/sprites/master/sprites/pokemon/other/official-artwork/505.png, https://raw.githubusercontent.com/PokeAPI/sprites/master/sprites/pokemon/other/official-artwork/shiny/505.png);
INSERT INTO pokemon.base_stats (base_hp, base_attack, base_defense, base_special_attack, base_special_defense, base_speed, fk_generation, fk_form)
VALUES (60, 85, 69, 60, 69, 77, 5, 658);
INSERT INTO pokemon.form_has_type_per_generation (fk_form, fk_type, fk_generation, is_primary)
VALUES (658, 1, 5, True);

INSERT INTO pokemon.pokemon_species (name, pokedex_index, is_baby, is_legendary, is_mythical, evolves_from)
VALUES ('stoutland', 508, False, False, False, herdier);
INSERT INTO pokemon.form (name, is_default, fk_pokemon_species, height, weight, legacy_cry, latest_cry, artwork, shiny_artwork)
VALUES ('stoutland', True, 518, 12, 610, https://raw.githubusercontent.com/PokeAPI/cries/main/cries/pokemon/legacy/508.ogg, https://raw.githubusercontent.com/PokeAPI/cries/main/cries/pokemon/latest/508.ogg, https://raw.githubusercontent.com/PokeAPI/sprites/master/sprites/pokemon/other/official-artwork/508.png, https://raw.githubusercontent.com/PokeAPI/sprites/master/sprites/pokemon/other/official-artwork/shiny/508.png);
INSERT INTO pokemon.base_stats (base_hp, base_attack, base_defense, base_special_attack, base_special_defense, base_speed, fk_generation, fk_form)
VALUES (85, 110, 90, 45, 90, 80, 5, 659);
INSERT INTO pokemon.form_has_type_per_generation (fk_form, fk_type, fk_generation, is_primary)
VALUES (659, 1, 5, True);

INSERT INTO pokemon.pokemon_species (name, pokedex_index, is_baby, is_legendary, is_mythical, evolves_from)
VALUES ('liepard', 510, False, False, False, purrloin);
INSERT INTO pokemon.form (name, is_default, fk_pokemon_species, height, weight, legacy_cry, latest_cry, artwork, shiny_artwork)
VALUES ('liepard', True, 519, 11, 375, https://raw.githubusercontent.com/PokeAPI/cries/main/cries/pokemon/legacy/510.ogg, https://raw.githubusercontent.com/PokeAPI/cries/main/cries/pokemon/latest/510.ogg, https://raw.githubusercontent.com/PokeAPI/sprites/master/sprites/pokemon/other/official-artwork/510.png, https://raw.githubusercontent.com/PokeAPI/sprites/master/sprites/pokemon/other/official-artwork/shiny/510.png);
INSERT INTO pokemon.base_stats (base_hp, base_attack, base_defense, base_special_attack, base_special_defense, base_speed, fk_generation, fk_form)
VALUES (64, 88, 50, 88, 50, 106, 5, 660);
INSERT INTO pokemon.form_has_type_per_generation (fk_form, fk_type, fk_generation, is_primary)
VALUES (660, 17, 5, True);

INSERT INTO pokemon.pokemon_species (name, pokedex_index, is_baby, is_legendary, is_mythical, evolves_from)
VALUES ('simisage', 512, False, False, False, pansage);
INSERT INTO pokemon.form (name, is_default, fk_pokemon_species, height, weight, legacy_cry, latest_cry, artwork, shiny_artwork)
VALUES ('simisage', True, 520, 11, 305, https://raw.githubusercontent.com/PokeAPI/cries/main/cries/pokemon/legacy/512.ogg, https://raw.githubusercontent.com/PokeAPI/cries/main/cries/pokemon/latest/512.ogg, https://raw.githubusercontent.com/PokeAPI/sprites/master/sprites/pokemon/other/official-artwork/512.png, https://raw.githubusercontent.com/PokeAPI/sprites/master/sprites/pokemon/other/official-artwork/shiny/512.png);
INSERT INTO pokemon.base_stats (base_hp, base_attack, base_defense, base_special_attack, base_special_defense, base_speed, fk_generation, fk_form)
VALUES (75, 98, 63, 98, 63, 101, 5, 661);
INSERT INTO pokemon.form_has_type_per_generation (fk_form, fk_type, fk_generation, is_primary)
VALUES (661, 12, 5, True);

INSERT INTO pokemon.pokemon_species (name, pokedex_index, is_baby, is_legendary, is_mythical, evolves_from)
VALUES ('simisear', 514, False, False, False, pansear);
INSERT INTO pokemon.form (name, is_default, fk_pokemon_species, height, weight, legacy_cry, latest_cry, artwork, shiny_artwork)
VALUES ('simisear', True, 521, 10, 280, https://raw.githubusercontent.com/PokeAPI/cries/main/cries/pokemon/legacy/514.ogg, https://raw.githubusercontent.com/PokeAPI/cries/main/cries/pokemon/latest/514.ogg, https://raw.githubusercontent.com/PokeAPI/sprites/master/sprites/pokemon/other/official-artwork/514.png, https://raw.githubusercontent.com/PokeAPI/sprites/master/sprites/pokemon/other/official-artwork/shiny/514.png);
INSERT INTO pokemon.base_stats (base_hp, base_attack, base_defense, base_special_attack, base_special_defense, base_speed, fk_generation, fk_form)
VALUES (75, 98, 63, 98, 63, 101, 5, 662);
INSERT INTO pokemon.form_has_type_per_generation (fk_form, fk_type, fk_generation, is_primary)
VALUES (662, 10, 5, True);

INSERT INTO pokemon.pokemon_species (name, pokedex_index, is_baby, is_legendary, is_mythical, evolves_from)
VALUES ('simipour', 516, False, False, False, panpour);
INSERT INTO pokemon.form (name, is_default, fk_pokemon_species, height, weight, legacy_cry, latest_cry, artwork, shiny_artwork)
VALUES ('simipour', True, 522, 10, 290, https://raw.githubusercontent.com/PokeAPI/cries/main/cries/pokemon/legacy/516.ogg, https://raw.githubusercontent.com/PokeAPI/cries/main/cries/pokemon/latest/516.ogg, https://raw.githubusercontent.com/PokeAPI/sprites/master/sprites/pokemon/other/official-artwork/516.png, https://raw.githubusercontent.com/PokeAPI/sprites/master/sprites/pokemon/other/official-artwork/shiny/516.png);
INSERT INTO pokemon.base_stats (base_hp, base_attack, base_defense, base_special_attack, base_special_defense, base_speed, fk_generation, fk_form)
VALUES (75, 98, 63, 98, 63, 101, 5, 663);
INSERT INTO pokemon.form_has_type_per_generation (fk_form, fk_type, fk_generation, is_primary)
VALUES (663, 11, 5, True);

INSERT INTO pokemon.pokemon_species (name, pokedex_index, is_baby, is_legendary, is_mythical, evolves_from)
VALUES ('musharna', 518, False, False, False, munna);
INSERT INTO pokemon.form (name, is_default, fk_pokemon_species, height, weight, legacy_cry, latest_cry, artwork, shiny_artwork)
VALUES ('musharna', True, 523, 11, 605, https://raw.githubusercontent.com/PokeAPI/cries/main/cries/pokemon/legacy/518.ogg, https://raw.githubusercontent.com/PokeAPI/cries/main/cries/pokemon/latest/518.ogg, https://raw.githubusercontent.com/PokeAPI/sprites/master/sprites/pokemon/other/official-artwork/518.png, https://raw.githubusercontent.com/PokeAPI/sprites/master/sprites/pokemon/other/official-artwork/shiny/518.png);
INSERT INTO pokemon.base_stats (base_hp, base_attack, base_defense, base_special_attack, base_special_defense, base_speed, fk_generation, fk_form)
VALUES (116, 55, 85, 107, 95, 29, 5, 664);
INSERT INTO pokemon.form_has_type_per_generation (fk_form, fk_type, fk_generation, is_primary)
VALUES (664, 14, 5, True);

INSERT INTO pokemon.pokemon_species (name, pokedex_index, is_baby, is_legendary, is_mythical, evolves_from)
VALUES ('tranquill', 520, False, False, False, pidove);
INSERT INTO pokemon.form (name, is_default, fk_pokemon_species, height, weight, legacy_cry, latest_cry, artwork, shiny_artwork)
VALUES ('tranquill', True, 524, 6, 150, https://raw.githubusercontent.com/PokeAPI/cries/main/cries/pokemon/legacy/520.ogg, https://raw.githubusercontent.com/PokeAPI/cries/main/cries/pokemon/latest/520.ogg, https://raw.githubusercontent.com/PokeAPI/sprites/master/sprites/pokemon/other/official-artwork/520.png, https://raw.githubusercontent.com/PokeAPI/sprites/master/sprites/pokemon/other/official-artwork/shiny/520.png);
INSERT INTO pokemon.base_stats (base_hp, base_attack, base_defense, base_special_attack, base_special_defense, base_speed, fk_generation, fk_form)
VALUES (62, 77, 62, 50, 42, 65, 5, 665);
INSERT INTO pokemon.form_has_type_per_generation (fk_form, fk_type, fk_generation, is_primary)
VALUES (665, 1, 5, True);
INSERT INTO pokemon.form_has_type_per_generation (fk_form, fk_type, fk_generation, is_primary)
VALUES (665, 3, 5, False);

INSERT INTO pokemon.pokemon_species (name, pokedex_index, is_baby, is_legendary, is_mythical, evolves_from)
VALUES ('unfezant', 521, False, False, False, tranquill);
INSERT INTO pokemon.form (name, is_default, fk_pokemon_species, height, weight, legacy_cry, latest_cry, artwork, shiny_artwork)
VALUES ('unfezant', True, 525, 12, 290, https://raw.githubusercontent.com/PokeAPI/cries/main/cries/pokemon/legacy/521.ogg, https://raw.githubusercontent.com/PokeAPI/cries/main/cries/pokemon/latest/521.ogg, https://raw.githubusercontent.com/PokeAPI/sprites/master/sprites/pokemon/other/official-artwork/521.png, https://raw.githubusercontent.com/PokeAPI/sprites/master/sprites/pokemon/other/official-artwork/shiny/521.png);
INSERT INTO pokemon.base_stats (base_hp, base_attack, base_defense, base_special_attack, base_special_defense, base_speed, fk_generation, fk_form)
VALUES (80, 115, 80, 65, 55, 93, 5, 666);
INSERT INTO pokemon.form_has_type_per_generation (fk_form, fk_type, fk_generation, is_primary)
VALUES (666, 1, 5, True);
INSERT INTO pokemon.form_has_type_per_generation (fk_form, fk_type, fk_generation, is_primary)
VALUES (666, 3, 5, False);

INSERT INTO pokemon.pokemon_species (name, pokedex_index, is_baby, is_legendary, is_mythical, evolves_from)
VALUES ('zebstrika', 523, False, False, False, blitzle);
INSERT INTO pokemon.form (name, is_default, fk_pokemon_species, height, weight, legacy_cry, latest_cry, artwork, shiny_artwork)
VALUES ('zebstrika', True, 526, 16, 795, https://raw.githubusercontent.com/PokeAPI/cries/main/cries/pokemon/legacy/523.ogg, https://raw.githubusercontent.com/PokeAPI/cries/main/cries/pokemon/latest/523.ogg, https://raw.githubusercontent.com/PokeAPI/sprites/master/sprites/pokemon/other/official-artwork/523.png, https://raw.githubusercontent.com/PokeAPI/sprites/master/sprites/pokemon/other/official-artwork/shiny/523.png);
INSERT INTO pokemon.base_stats (base_hp, base_attack, base_defense, base_special_attack, base_special_defense, base_speed, fk_generation, fk_form)
VALUES (75, 100, 63, 80, 63, 116, 5, 667);
INSERT INTO pokemon.form_has_type_per_generation (fk_form, fk_type, fk_generation, is_primary)
VALUES (667, 13, 5, True);

INSERT INTO pokemon.pokemon_species (name, pokedex_index, is_baby, is_legendary, is_mythical, evolves_from)
VALUES ('boldore', 525, False, False, False, roggenrola);
INSERT INTO pokemon.form (name, is_default, fk_pokemon_species, height, weight, legacy_cry, latest_cry, artwork, shiny_artwork)
VALUES ('boldore', True, 527, 9, 1020, https://raw.githubusercontent.com/PokeAPI/cries/main/cries/pokemon/legacy/525.ogg, https://raw.githubusercontent.com/PokeAPI/cries/main/cries/pokemon/latest/525.ogg, https://raw.githubusercontent.com/PokeAPI/sprites/master/sprites/pokemon/other/official-artwork/525.png, https://raw.githubusercontent.com/PokeAPI/sprites/master/sprites/pokemon/other/official-artwork/shiny/525.png);
INSERT INTO pokemon.base_stats (base_hp, base_attack, base_defense, base_special_attack, base_special_defense, base_speed, fk_generation, fk_form)
VALUES (70, 105, 105, 50, 40, 20, 5, 668);
INSERT INTO pokemon.form_has_type_per_generation (fk_form, fk_type, fk_generation, is_primary)
VALUES (668, 6, 5, True);

INSERT INTO pokemon.pokemon_species (name, pokedex_index, is_baby, is_legendary, is_mythical, evolves_from)
VALUES ('gigalith', 526, False, False, False, boldore);
INSERT INTO pokemon.form (name, is_default, fk_pokemon_species, height, weight, legacy_cry, latest_cry, artwork, shiny_artwork)
VALUES ('gigalith', True, 528, 17, 2600, https://raw.githubusercontent.com/PokeAPI/cries/main/cries/pokemon/legacy/526.ogg, https://raw.githubusercontent.com/PokeAPI/cries/main/cries/pokemon/latest/526.ogg, https://raw.githubusercontent.com/PokeAPI/sprites/master/sprites/pokemon/other/official-artwork/526.png, https://raw.githubusercontent.com/PokeAPI/sprites/master/sprites/pokemon/other/official-artwork/shiny/526.png);
INSERT INTO pokemon.base_stats (base_hp, base_attack, base_defense, base_special_attack, base_special_defense, base_speed, fk_generation, fk_form)
VALUES (85, 135, 130, 60, 80, 25, 5, 669);
INSERT INTO pokemon.form_has_type_per_generation (fk_form, fk_type, fk_generation, is_primary)
VALUES (669, 6, 5, True);

INSERT INTO pokemon.pokemon_species (name, pokedex_index, is_baby, is_legendary, is_mythical, evolves_from)
VALUES ('swoobat', 528, False, False, False, woobat);
INSERT INTO pokemon.form (name, is_default, fk_pokemon_species, height, weight, legacy_cry, latest_cry, artwork, shiny_artwork)
VALUES ('swoobat', True, 529, 9, 105, https://raw.githubusercontent.com/PokeAPI/cries/main/cries/pokemon/legacy/528.ogg, https://raw.githubusercontent.com/PokeAPI/cries/main/cries/pokemon/latest/528.ogg, https://raw.githubusercontent.com/PokeAPI/sprites/master/sprites/pokemon/other/official-artwork/528.png, https://raw.githubusercontent.com/PokeAPI/sprites/master/sprites/pokemon/other/official-artwork/shiny/528.png);
INSERT INTO pokemon.base_stats (base_hp, base_attack, base_defense, base_special_attack, base_special_defense, base_speed, fk_generation, fk_form)
VALUES (67, 57, 55, 77, 55, 114, 5, 670);
INSERT INTO pokemon.form_has_type_per_generation (fk_form, fk_type, fk_generation, is_primary)
VALUES (670, 14, 5, True);
INSERT INTO pokemon.form_has_type_per_generation (fk_form, fk_type, fk_generation, is_primary)
VALUES (670, 3, 5, False);

INSERT INTO pokemon.pokemon_species (name, pokedex_index, is_baby, is_legendary, is_mythical, evolves_from)
VALUES ('excadrill', 530, False, False, False, drilbur);
INSERT INTO pokemon.form (name, is_default, fk_pokemon_species, height, weight, legacy_cry, latest_cry, artwork, shiny_artwork)
VALUES ('excadrill', True, 530, 7, 404, https://raw.githubusercontent.com/PokeAPI/cries/main/cries/pokemon/legacy/530.ogg, https://raw.githubusercontent.com/PokeAPI/cries/main/cries/pokemon/latest/530.ogg, https://raw.githubusercontent.com/PokeAPI/sprites/master/sprites/pokemon/other/official-artwork/530.png, https://raw.githubusercontent.com/PokeAPI/sprites/master/sprites/pokemon/other/official-artwork/shiny/530.png);
INSERT INTO pokemon.base_stats (base_hp, base_attack, base_defense, base_special_attack, base_special_defense, base_speed, fk_generation, fk_form)
VALUES (110, 135, 60, 50, 65, 88, 5, 671);
INSERT INTO pokemon.form_has_type_per_generation (fk_form, fk_type, fk_generation, is_primary)
VALUES (671, 5, 5, True);
INSERT INTO pokemon.form_has_type_per_generation (fk_form, fk_type, fk_generation, is_primary)
VALUES (671, 9, 5, False);

INSERT INTO pokemon.pokemon_species (name, pokedex_index, is_baby, is_legendary, is_mythical, evolves_from)
VALUES ('timburr', 532, False, False, False, None);
INSERT INTO pokemon.form (name, is_default, fk_pokemon_species, height, weight, legacy_cry, latest_cry, artwork, shiny_artwork)
VALUES ('timburr', True, 531, 6, 125, https://raw.githubusercontent.com/PokeAPI/cries/main/cries/pokemon/legacy/532.ogg, https://raw.githubusercontent.com/PokeAPI/cries/main/cries/pokemon/latest/532.ogg, https://raw.githubusercontent.com/PokeAPI/sprites/master/sprites/pokemon/other/official-artwork/532.png, https://raw.githubusercontent.com/PokeAPI/sprites/master/sprites/pokemon/other/official-artwork/shiny/532.png);
INSERT INTO pokemon.base_stats (base_hp, base_attack, base_defense, base_special_attack, base_special_defense, base_speed, fk_generation, fk_form)
VALUES (75, 80, 55, 25, 35, 35, 5, 672);
INSERT INTO pokemon.form_has_type_per_generation (fk_form, fk_type, fk_generation, is_primary)
VALUES (672, 2, 5, True);

INSERT INTO pokemon.pokemon_species (name, pokedex_index, is_baby, is_legendary, is_mythical, evolves_from)
VALUES ('tympole', 535, False, False, False, None);
INSERT INTO pokemon.form (name, is_default, fk_pokemon_species, height, weight, legacy_cry, latest_cry, artwork, shiny_artwork)
VALUES ('tympole', True, 532, 5, 45, https://raw.githubusercontent.com/PokeAPI/cries/main/cries/pokemon/legacy/535.ogg, https://raw.githubusercontent.com/PokeAPI/cries/main/cries/pokemon/latest/535.ogg, https://raw.githubusercontent.com/PokeAPI/sprites/master/sprites/pokemon/other/official-artwork/535.png, https://raw.githubusercontent.com/PokeAPI/sprites/master/sprites/pokemon/other/official-artwork/shiny/535.png);
INSERT INTO pokemon.base_stats (base_hp, base_attack, base_defense, base_special_attack, base_special_defense, base_speed, fk_generation, fk_form)
VALUES (50, 50, 40, 50, 40, 64, 5, 673);
INSERT INTO pokemon.form_has_type_per_generation (fk_form, fk_type, fk_generation, is_primary)
VALUES (673, 11, 5, True);

INSERT INTO pokemon.pokemon_species (name, pokedex_index, is_baby, is_legendary, is_mythical, evolves_from)
VALUES ('throh', 538, False, False, False, None);
INSERT INTO pokemon.form (name, is_default, fk_pokemon_species, height, weight, legacy_cry, latest_cry, artwork, shiny_artwork)
VALUES ('throh', True, 533, 13, 555, https://raw.githubusercontent.com/PokeAPI/cries/main/cries/pokemon/legacy/538.ogg, https://raw.githubusercontent.com/PokeAPI/cries/main/cries/pokemon/latest/538.ogg, https://raw.githubusercontent.com/PokeAPI/sprites/master/sprites/pokemon/other/official-artwork/538.png, https://raw.githubusercontent.com/PokeAPI/sprites/master/sprites/pokemon/other/official-artwork/shiny/538.png);
INSERT INTO pokemon.base_stats (base_hp, base_attack, base_defense, base_special_attack, base_special_defense, base_speed, fk_generation, fk_form)
VALUES (120, 100, 85, 30, 85, 45, 5, 674);
INSERT INTO pokemon.form_has_type_per_generation (fk_form, fk_type, fk_generation, is_primary)
VALUES (674, 2, 5, True);

INSERT INTO pokemon.pokemon_species (name, pokedex_index, is_baby, is_legendary, is_mythical, evolves_from)
VALUES ('sawk', 539, False, False, False, None);
INSERT INTO pokemon.form (name, is_default, fk_pokemon_species, height, weight, legacy_cry, latest_cry, artwork, shiny_artwork)
VALUES ('sawk', True, 534, 14, 510, https://raw.githubusercontent.com/PokeAPI/cries/main/cries/pokemon/legacy/539.ogg, https://raw.githubusercontent.com/PokeAPI/cries/main/cries/pokemon/latest/539.ogg, https://raw.githubusercontent.com/PokeAPI/sprites/master/sprites/pokemon/other/official-artwork/539.png, https://raw.githubusercontent.com/PokeAPI/sprites/master/sprites/pokemon/other/official-artwork/shiny/539.png);
INSERT INTO pokemon.base_stats (base_hp, base_attack, base_defense, base_special_attack, base_special_defense, base_speed, fk_generation, fk_form)
VALUES (75, 125, 75, 30, 75, 85, 5, 675);
INSERT INTO pokemon.form_has_type_per_generation (fk_form, fk_type, fk_generation, is_primary)
VALUES (675, 2, 5, True);

INSERT INTO pokemon.pokemon_species (name, pokedex_index, is_baby, is_legendary, is_mythical, evolves_from)
VALUES ('sewaddle', 540, False, False, False, None);
INSERT INTO pokemon.form (name, is_default, fk_pokemon_species, height, weight, legacy_cry, latest_cry, artwork, shiny_artwork)
VALUES ('sewaddle', True, 535, 3, 25, https://raw.githubusercontent.com/PokeAPI/cries/main/cries/pokemon/legacy/540.ogg, https://raw.githubusercontent.com/PokeAPI/cries/main/cries/pokemon/latest/540.ogg, https://raw.githubusercontent.com/PokeAPI/sprites/master/sprites/pokemon/other/official-artwork/540.png, https://raw.githubusercontent.com/PokeAPI/sprites/master/sprites/pokemon/other/official-artwork/shiny/540.png);
INSERT INTO pokemon.base_stats (base_hp, base_attack, base_defense, base_special_attack, base_special_defense, base_speed, fk_generation, fk_form)
VALUES (45, 53, 70, 40, 60, 42, 5, 676);
INSERT INTO pokemon.form_has_type_per_generation (fk_form, fk_type, fk_generation, is_primary)
VALUES (676, 7, 5, True);
INSERT INTO pokemon.form_has_type_per_generation (fk_form, fk_type, fk_generation, is_primary)
VALUES (676, 12, 5, False);

INSERT INTO pokemon.pokemon_species (name, pokedex_index, is_baby, is_legendary, is_mythical, evolves_from)
VALUES ('venipede', 543, False, False, False, None);
INSERT INTO pokemon.form (name, is_default, fk_pokemon_species, height, weight, legacy_cry, latest_cry, artwork, shiny_artwork)
VALUES ('venipede', True, 536, 4, 53, https://raw.githubusercontent.com/PokeAPI/cries/main/cries/pokemon/legacy/543.ogg, https://raw.githubusercontent.com/PokeAPI/cries/main/cries/pokemon/latest/543.ogg, https://raw.githubusercontent.com/PokeAPI/sprites/master/sprites/pokemon/other/official-artwork/543.png, https://raw.githubusercontent.com/PokeAPI/sprites/master/sprites/pokemon/other/official-artwork/shiny/543.png);
INSERT INTO pokemon.base_stats (base_hp, base_attack, base_defense, base_special_attack, base_special_defense, base_speed, fk_generation, fk_form)
VALUES (30, 45, 59, 30, 39, 57, 5, 677);
INSERT INTO pokemon.form_has_type_per_generation (fk_form, fk_type, fk_generation, is_primary)
VALUES (677, 7, 5, True);
INSERT INTO pokemon.form_has_type_per_generation (fk_form, fk_type, fk_generation, is_primary)
VALUES (677, 4, 5, False);

INSERT INTO pokemon.pokemon_species (name, pokedex_index, is_baby, is_legendary, is_mythical, evolves_from)
VALUES ('cottonee', 546, False, False, False, None);
INSERT INTO pokemon.form (name, is_default, fk_pokemon_species, height, weight, legacy_cry, latest_cry, artwork, shiny_artwork)
VALUES ('cottonee', True, 537, 3, 6, https://raw.githubusercontent.com/PokeAPI/cries/main/cries/pokemon/legacy/546.ogg, https://raw.githubusercontent.com/PokeAPI/cries/main/cries/pokemon/latest/546.ogg, https://raw.githubusercontent.com/PokeAPI/sprites/master/sprites/pokemon/other/official-artwork/546.png, https://raw.githubusercontent.com/PokeAPI/sprites/master/sprites/pokemon/other/official-artwork/shiny/546.png);
INSERT INTO pokemon.base_stats (base_hp, base_attack, base_defense, base_special_attack, base_special_defense, base_speed, fk_generation, fk_form)
VALUES (40, 27, 60, 37, 50, 66, 5, 678);
INSERT INTO pokemon.form_has_type_per_generation (fk_form, fk_type, fk_generation, is_primary)
VALUES (678, 12, 5, True);
INSERT INTO pokemon.form_has_type_per_generation (fk_form, fk_type, fk_generation, is_primary)
VALUES (678, 18, 5, False);

INSERT INTO pokemon.pokemon_species (name, pokedex_index, is_baby, is_legendary, is_mythical, evolves_from)
VALUES ('petilil', 548, False, False, False, None);
INSERT INTO pokemon.form (name, is_default, fk_pokemon_species, height, weight, legacy_cry, latest_cry, artwork, shiny_artwork)
VALUES ('petilil', True, 538, 5, 66, https://raw.githubusercontent.com/PokeAPI/cries/main/cries/pokemon/legacy/548.ogg, https://raw.githubusercontent.com/PokeAPI/cries/main/cries/pokemon/latest/548.ogg, https://raw.githubusercontent.com/PokeAPI/sprites/master/sprites/pokemon/other/official-artwork/548.png, https://raw.githubusercontent.com/PokeAPI/sprites/master/sprites/pokemon/other/official-artwork/shiny/548.png);
INSERT INTO pokemon.base_stats (base_hp, base_attack, base_defense, base_special_attack, base_special_defense, base_speed, fk_generation, fk_form)
VALUES (45, 35, 50, 70, 50, 30, 5, 679);
INSERT INTO pokemon.form_has_type_per_generation (fk_form, fk_type, fk_generation, is_primary)
VALUES (679, 12, 5, True);

INSERT INTO pokemon.pokemon_species (name, pokedex_index, is_baby, is_legendary, is_mythical, evolves_from)
VALUES ('basculin', 550, False, False, False, None);
INSERT INTO pokemon.form (name, is_default, fk_pokemon_species, height, weight, legacy_cry, latest_cry, artwork, shiny_artwork)
VALUES ('basculin-red-striped', False, 539, 10, 180, https://raw.githubusercontent.com/PokeAPI/cries/main/cries/pokemon/legacy/550.ogg, https://raw.githubusercontent.com/PokeAPI/cries/main/cries/pokemon/latest/550.ogg, https://raw.githubusercontent.com/PokeAPI/sprites/master/sprites/pokemon/other/official-artwork/550.png, https://raw.githubusercontent.com/PokeAPI/sprites/master/sprites/pokemon/other/official-artwork/shiny/550.png);
INSERT INTO pokemon.base_stats (base_hp, base_attack, base_defense, base_special_attack, base_special_defense, base_speed, fk_generation, fk_form)
VALUES (70, 92, 65, 80, 55, 98, 5, 680);
INSERT INTO pokemon.form_has_type_per_generation (fk_form, fk_type, fk_generation, is_primary)
VALUES (680, 11, 5, True);

INSERT INTO pokemon.form (name, is_default, fk_pokemon_species, height, weight, legacy_cry, latest_cry, artwork, shiny_artwork)
VALUES ('basculin-blue-striped', False, 539, 10, 180, None, https://raw.githubusercontent.com/PokeAPI/cries/main/cries/pokemon/latest/10016.ogg, https://raw.githubusercontent.com/PokeAPI/sprites/master/sprites/pokemon/other/official-artwork/10016.png, https://raw.githubusercontent.com/PokeAPI/sprites/master/sprites/pokemon/other/official-artwork/shiny/10016.png);
INSERT INTO pokemon.base_stats (base_hp, base_attack, base_defense, base_special_attack, base_special_defense, base_speed, fk_generation, fk_form)
VALUES (70, 92, 65, 80, 55, 98, 5, 681);
INSERT INTO pokemon.form_has_type_per_generation (fk_form, fk_type, fk_generation, is_primary)
VALUES (681, 11, 5, True);

INSERT INTO pokemon.form (name, is_default, fk_pokemon_species, height, weight, legacy_cry, latest_cry, artwork, shiny_artwork)
VALUES ('basculin-white-striped', False, 539, 10, 180, None, https://raw.githubusercontent.com/PokeAPI/cries/main/cries/pokemon/latest/10247.ogg, https://raw.githubusercontent.com/PokeAPI/sprites/master/sprites/pokemon/other/official-artwork/10247.png, https://raw.githubusercontent.com/PokeAPI/sprites/master/sprites/pokemon/other/official-artwork/shiny/10247.png);
INSERT INTO pokemon.base_stats (base_hp, base_attack, base_defense, base_special_attack, base_special_defense, base_speed, fk_generation, fk_form)
VALUES (70, 92, 65, 80, 55, 98, 5, 682);
INSERT INTO pokemon.form_has_type_per_generation (fk_form, fk_type, fk_generation, is_primary)
VALUES (682, 11, 5, True);

INSERT INTO pokemon.pokemon_species (name, pokedex_index, is_baby, is_legendary, is_mythical, evolves_from)
VALUES ('sandile', 551, False, False, False, None);
INSERT INTO pokemon.form (name, is_default, fk_pokemon_species, height, weight, legacy_cry, latest_cry, artwork, shiny_artwork)
VALUES ('sandile', True, 540, 7, 152, https://raw.githubusercontent.com/PokeAPI/cries/main/cries/pokemon/legacy/551.ogg, https://raw.githubusercontent.com/PokeAPI/cries/main/cries/pokemon/latest/551.ogg, https://raw.githubusercontent.com/PokeAPI/sprites/master/sprites/pokemon/other/official-artwork/551.png, https://raw.githubusercontent.com/PokeAPI/sprites/master/sprites/pokemon/other/official-artwork/shiny/551.png);
INSERT INTO pokemon.base_stats (base_hp, base_attack, base_defense, base_special_attack, base_special_defense, base_speed, fk_generation, fk_form)
VALUES (50, 72, 35, 35, 35, 65, 5, 683);
INSERT INTO pokemon.form_has_type_per_generation (fk_form, fk_type, fk_generation, is_primary)
VALUES (683, 5, 5, True);
INSERT INTO pokemon.form_has_type_per_generation (fk_form, fk_type, fk_generation, is_primary)
VALUES (683, 17, 5, False);

INSERT INTO pokemon.pokemon_species (name, pokedex_index, is_baby, is_legendary, is_mythical, evolves_from)
VALUES ('darumaka', 554, False, False, False, None);
INSERT INTO pokemon.form (name, is_default, fk_pokemon_species, height, weight, legacy_cry, latest_cry, artwork, shiny_artwork)
VALUES ('darumaka', True, 541, 6, 375, https://raw.githubusercontent.com/PokeAPI/cries/main/cries/pokemon/legacy/554.ogg, https://raw.githubusercontent.com/PokeAPI/cries/main/cries/pokemon/latest/554.ogg, https://raw.githubusercontent.com/PokeAPI/sprites/master/sprites/pokemon/other/official-artwork/554.png, https://raw.githubusercontent.com/PokeAPI/sprites/master/sprites/pokemon/other/official-artwork/shiny/554.png);
INSERT INTO pokemon.base_stats (base_hp, base_attack, base_defense, base_special_attack, base_special_defense, base_speed, fk_generation, fk_form)
VALUES (70, 90, 45, 15, 45, 50, 5, 684);
INSERT INTO pokemon.form_has_type_per_generation (fk_form, fk_type, fk_generation, is_primary)
VALUES (684, 10, 5, True);

INSERT INTO pokemon.form (name, is_default, fk_pokemon_species, height, weight, legacy_cry, latest_cry, artwork, shiny_artwork)
VALUES ('darumaka-galar', False, 541, 7, 400, None, https://raw.githubusercontent.com/PokeAPI/cries/main/cries/pokemon/latest/10176.ogg, https://raw.githubusercontent.com/PokeAPI/sprites/master/sprites/pokemon/other/official-artwork/10176.png, https://raw.githubusercontent.com/PokeAPI/sprites/master/sprites/pokemon/other/official-artwork/shiny/10176.png);
INSERT INTO pokemon.base_stats (base_hp, base_attack, base_defense, base_special_attack, base_special_defense, base_speed, fk_generation, fk_form)
VALUES (70, 90, 45, 15, 45, 50, 8, 685);
INSERT INTO pokemon.form_has_type_per_generation (fk_form, fk_type, fk_generation, is_primary)
VALUES (685, 15, 8, True);

INSERT INTO pokemon.pokemon_species (name, pokedex_index, is_baby, is_legendary, is_mythical, evolves_from)
VALUES ('maractus', 556, False, False, False, None);
INSERT INTO pokemon.form (name, is_default, fk_pokemon_species, height, weight, legacy_cry, latest_cry, artwork, shiny_artwork)
VALUES ('maractus', True, 542, 10, 280, https://raw.githubusercontent.com/PokeAPI/cries/main/cries/pokemon/legacy/556.ogg, https://raw.githubusercontent.com/PokeAPI/cries/main/cries/pokemon/latest/556.ogg, https://raw.githubusercontent.com/PokeAPI/sprites/master/sprites/pokemon/other/official-artwork/556.png, https://raw.githubusercontent.com/PokeAPI/sprites/master/sprites/pokemon/other/official-artwork/shiny/556.png);
INSERT INTO pokemon.base_stats (base_hp, base_attack, base_defense, base_special_attack, base_special_defense, base_speed, fk_generation, fk_form)
VALUES (75, 86, 67, 106, 67, 60, 5, 686);
INSERT INTO pokemon.form_has_type_per_generation (fk_form, fk_type, fk_generation, is_primary)
VALUES (686, 12, 5, True);

INSERT INTO pokemon.pokemon_species (name, pokedex_index, is_baby, is_legendary, is_mythical, evolves_from)
VALUES ('dwebble', 557, False, False, False, None);
INSERT INTO pokemon.form (name, is_default, fk_pokemon_species, height, weight, legacy_cry, latest_cry, artwork, shiny_artwork)
VALUES ('dwebble', True, 543, 3, 145, https://raw.githubusercontent.com/PokeAPI/cries/main/cries/pokemon/legacy/557.ogg, https://raw.githubusercontent.com/PokeAPI/cries/main/cries/pokemon/latest/557.ogg, https://raw.githubusercontent.com/PokeAPI/sprites/master/sprites/pokemon/other/official-artwork/557.png, https://raw.githubusercontent.com/PokeAPI/sprites/master/sprites/pokemon/other/official-artwork/shiny/557.png);
INSERT INTO pokemon.base_stats (base_hp, base_attack, base_defense, base_special_attack, base_special_defense, base_speed, fk_generation, fk_form)
VALUES (50, 65, 85, 35, 35, 55, 5, 687);
INSERT INTO pokemon.form_has_type_per_generation (fk_form, fk_type, fk_generation, is_primary)
VALUES (687, 7, 5, True);
INSERT INTO pokemon.form_has_type_per_generation (fk_form, fk_type, fk_generation, is_primary)
VALUES (687, 6, 5, False);

INSERT INTO pokemon.pokemon_species (name, pokedex_index, is_baby, is_legendary, is_mythical, evolves_from)
VALUES ('scraggy', 559, False, False, False, None);
INSERT INTO pokemon.form (name, is_default, fk_pokemon_species, height, weight, legacy_cry, latest_cry, artwork, shiny_artwork)
VALUES ('scraggy', True, 544, 6, 118, https://raw.githubusercontent.com/PokeAPI/cries/main/cries/pokemon/legacy/559.ogg, https://raw.githubusercontent.com/PokeAPI/cries/main/cries/pokemon/latest/559.ogg, https://raw.githubusercontent.com/PokeAPI/sprites/master/sprites/pokemon/other/official-artwork/559.png, https://raw.githubusercontent.com/PokeAPI/sprites/master/sprites/pokemon/other/official-artwork/shiny/559.png);
INSERT INTO pokemon.base_stats (base_hp, base_attack, base_defense, base_special_attack, base_special_defense, base_speed, fk_generation, fk_form)
VALUES (50, 75, 70, 35, 70, 48, 5, 688);
INSERT INTO pokemon.form_has_type_per_generation (fk_form, fk_type, fk_generation, is_primary)
VALUES (688, 17, 5, True);
INSERT INTO pokemon.form_has_type_per_generation (fk_form, fk_type, fk_generation, is_primary)
VALUES (688, 2, 5, False);

INSERT INTO pokemon.pokemon_species (name, pokedex_index, is_baby, is_legendary, is_mythical, evolves_from)
VALUES ('sigilyph', 561, False, False, False, None);
INSERT INTO pokemon.form (name, is_default, fk_pokemon_species, height, weight, legacy_cry, latest_cry, artwork, shiny_artwork)
VALUES ('sigilyph', True, 545, 14, 140, https://raw.githubusercontent.com/PokeAPI/cries/main/cries/pokemon/legacy/561.ogg, https://raw.githubusercontent.com/PokeAPI/cries/main/cries/pokemon/latest/561.ogg, https://raw.githubusercontent.com/PokeAPI/sprites/master/sprites/pokemon/other/official-artwork/561.png, https://raw.githubusercontent.com/PokeAPI/sprites/master/sprites/pokemon/other/official-artwork/shiny/561.png);
INSERT INTO pokemon.base_stats (base_hp, base_attack, base_defense, base_special_attack, base_special_defense, base_speed, fk_generation, fk_form)
VALUES (72, 58, 80, 103, 80, 97, 5, 689);
INSERT INTO pokemon.form_has_type_per_generation (fk_form, fk_type, fk_generation, is_primary)
VALUES (689, 14, 5, True);
INSERT INTO pokemon.form_has_type_per_generation (fk_form, fk_type, fk_generation, is_primary)
VALUES (689, 3, 5, False);

INSERT INTO pokemon.pokemon_species (name, pokedex_index, is_baby, is_legendary, is_mythical, evolves_from)
VALUES ('yamask', 562, False, False, False, None);
INSERT INTO pokemon.form (name, is_default, fk_pokemon_species, height, weight, legacy_cry, latest_cry, artwork, shiny_artwork)
VALUES ('yamask', True, 546, 5, 15, https://raw.githubusercontent.com/PokeAPI/cries/main/cries/pokemon/legacy/562.ogg, https://raw.githubusercontent.com/PokeAPI/cries/main/cries/pokemon/latest/562.ogg, https://raw.githubusercontent.com/PokeAPI/sprites/master/sprites/pokemon/other/official-artwork/562.png, https://raw.githubusercontent.com/PokeAPI/sprites/master/sprites/pokemon/other/official-artwork/shiny/562.png);
INSERT INTO pokemon.base_stats (base_hp, base_attack, base_defense, base_special_attack, base_special_defense, base_speed, fk_generation, fk_form)
VALUES (38, 30, 85, 55, 65, 30, 5, 690);
INSERT INTO pokemon.form_has_type_per_generation (fk_form, fk_type, fk_generation, is_primary)
VALUES (690, 8, 5, True);

INSERT INTO pokemon.form (name, is_default, fk_pokemon_species, height, weight, legacy_cry, latest_cry, artwork, shiny_artwork)
VALUES ('yamask-galar', False, 546, 5, 15, None, https://raw.githubusercontent.com/PokeAPI/cries/main/cries/pokemon/latest/10179.ogg, https://raw.githubusercontent.com/PokeAPI/sprites/master/sprites/pokemon/other/official-artwork/10179.png, https://raw.githubusercontent.com/PokeAPI/sprites/master/sprites/pokemon/other/official-artwork/shiny/10179.png);
INSERT INTO pokemon.base_stats (base_hp, base_attack, base_defense, base_special_attack, base_special_defense, base_speed, fk_generation, fk_form)
VALUES (38, 55, 85, 30, 65, 30, 8, 691);
INSERT INTO pokemon.form_has_type_per_generation (fk_form, fk_type, fk_generation, is_primary)
VALUES (691, 5, 8, True);
INSERT INTO pokemon.form_has_type_per_generation (fk_form, fk_type, fk_generation, is_primary)
VALUES (691, 8, 8, False);

INSERT INTO pokemon.pokemon_species (name, pokedex_index, is_baby, is_legendary, is_mythical, evolves_from)
VALUES ('tirtouga', 564, False, False, False, None);
INSERT INTO pokemon.form (name, is_default, fk_pokemon_species, height, weight, legacy_cry, latest_cry, artwork, shiny_artwork)
VALUES ('tirtouga', True, 547, 7, 165, https://raw.githubusercontent.com/PokeAPI/cries/main/cries/pokemon/legacy/564.ogg, https://raw.githubusercontent.com/PokeAPI/cries/main/cries/pokemon/latest/564.ogg, https://raw.githubusercontent.com/PokeAPI/sprites/master/sprites/pokemon/other/official-artwork/564.png, https://raw.githubusercontent.com/PokeAPI/sprites/master/sprites/pokemon/other/official-artwork/shiny/564.png);
INSERT INTO pokemon.base_stats (base_hp, base_attack, base_defense, base_special_attack, base_special_defense, base_speed, fk_generation, fk_form)
VALUES (54, 78, 103, 53, 45, 22, 5, 692);
INSERT INTO pokemon.form_has_type_per_generation (fk_form, fk_type, fk_generation, is_primary)
VALUES (692, 11, 5, True);
INSERT INTO pokemon.form_has_type_per_generation (fk_form, fk_type, fk_generation, is_primary)
VALUES (692, 6, 5, False);

INSERT INTO pokemon.pokemon_species (name, pokedex_index, is_baby, is_legendary, is_mythical, evolves_from)
VALUES ('archen', 566, False, False, False, None);
INSERT INTO pokemon.form (name, is_default, fk_pokemon_species, height, weight, legacy_cry, latest_cry, artwork, shiny_artwork)
VALUES ('archen', True, 548, 5, 95, https://raw.githubusercontent.com/PokeAPI/cries/main/cries/pokemon/legacy/566.ogg, https://raw.githubusercontent.com/PokeAPI/cries/main/cries/pokemon/latest/566.ogg, https://raw.githubusercontent.com/PokeAPI/sprites/master/sprites/pokemon/other/official-artwork/566.png, https://raw.githubusercontent.com/PokeAPI/sprites/master/sprites/pokemon/other/official-artwork/shiny/566.png);
INSERT INTO pokemon.base_stats (base_hp, base_attack, base_defense, base_special_attack, base_special_defense, base_speed, fk_generation, fk_form)
VALUES (55, 112, 45, 74, 45, 70, 5, 693);
INSERT INTO pokemon.form_has_type_per_generation (fk_form, fk_type, fk_generation, is_primary)
VALUES (693, 6, 5, True);
INSERT INTO pokemon.form_has_type_per_generation (fk_form, fk_type, fk_generation, is_primary)
VALUES (693, 3, 5, False);

INSERT INTO pokemon.pokemon_species (name, pokedex_index, is_baby, is_legendary, is_mythical, evolves_from)
VALUES ('trubbish', 568, False, False, False, None);
INSERT INTO pokemon.form (name, is_default, fk_pokemon_species, height, weight, legacy_cry, latest_cry, artwork, shiny_artwork)
VALUES ('trubbish', True, 549, 6, 310, https://raw.githubusercontent.com/PokeAPI/cries/main/cries/pokemon/legacy/568.ogg, https://raw.githubusercontent.com/PokeAPI/cries/main/cries/pokemon/latest/568.ogg, https://raw.githubusercontent.com/PokeAPI/sprites/master/sprites/pokemon/other/official-artwork/568.png, https://raw.githubusercontent.com/PokeAPI/sprites/master/sprites/pokemon/other/official-artwork/shiny/568.png);
INSERT INTO pokemon.base_stats (base_hp, base_attack, base_defense, base_special_attack, base_special_defense, base_speed, fk_generation, fk_form)
VALUES (50, 50, 62, 40, 62, 65, 5, 694);
INSERT INTO pokemon.form_has_type_per_generation (fk_form, fk_type, fk_generation, is_primary)
VALUES (694, 4, 5, True);

INSERT INTO pokemon.pokemon_species (name, pokedex_index, is_baby, is_legendary, is_mythical, evolves_from)
VALUES ('zorua', 570, False, False, False, None);
INSERT INTO pokemon.form (name, is_default, fk_pokemon_species, height, weight, legacy_cry, latest_cry, artwork, shiny_artwork)
VALUES ('zorua', True, 550, 7, 125, https://raw.githubusercontent.com/PokeAPI/cries/main/cries/pokemon/legacy/570.ogg, https://raw.githubusercontent.com/PokeAPI/cries/main/cries/pokemon/latest/570.ogg, https://raw.githubusercontent.com/PokeAPI/sprites/master/sprites/pokemon/other/official-artwork/570.png, https://raw.githubusercontent.com/PokeAPI/sprites/master/sprites/pokemon/other/official-artwork/shiny/570.png);
INSERT INTO pokemon.base_stats (base_hp, base_attack, base_defense, base_special_attack, base_special_defense, base_speed, fk_generation, fk_form)
VALUES (40, 65, 40, 80, 40, 65, 5, 695);
INSERT INTO pokemon.form_has_type_per_generation (fk_form, fk_type, fk_generation, is_primary)
VALUES (695, 17, 5, True);

INSERT INTO pokemon.form (name, is_default, fk_pokemon_species, height, weight, legacy_cry, latest_cry, artwork, shiny_artwork)
VALUES ('zorua-hisui', False, 550, 7, 125, None, https://raw.githubusercontent.com/PokeAPI/cries/main/cries/pokemon/latest/10238.ogg, https://raw.githubusercontent.com/PokeAPI/sprites/master/sprites/pokemon/other/official-artwork/10238.png, https://raw.githubusercontent.com/PokeAPI/sprites/master/sprites/pokemon/other/official-artwork/shiny/10238.png);
INSERT INTO pokemon.base_stats (base_hp, base_attack, base_defense, base_special_attack, base_special_defense, base_speed, fk_generation, fk_form)
VALUES (35, 60, 40, 85, 40, 70, 8, 696);
INSERT INTO pokemon.form_has_type_per_generation (fk_form, fk_type, fk_generation, is_primary)
VALUES (696, 1, 8, True);
INSERT INTO pokemon.form_has_type_per_generation (fk_form, fk_type, fk_generation, is_primary)
VALUES (696, 8, 8, False);

INSERT INTO pokemon.pokemon_species (name, pokedex_index, is_baby, is_legendary, is_mythical, evolves_from)
VALUES ('minccino', 572, False, False, False, None);
INSERT INTO pokemon.form (name, is_default, fk_pokemon_species, height, weight, legacy_cry, latest_cry, artwork, shiny_artwork)
VALUES ('minccino', True, 551, 4, 58, https://raw.githubusercontent.com/PokeAPI/cries/main/cries/pokemon/legacy/572.ogg, https://raw.githubusercontent.com/PokeAPI/cries/main/cries/pokemon/latest/572.ogg, https://raw.githubusercontent.com/PokeAPI/sprites/master/sprites/pokemon/other/official-artwork/572.png, https://raw.githubusercontent.com/PokeAPI/sprites/master/sprites/pokemon/other/official-artwork/shiny/572.png);
INSERT INTO pokemon.base_stats (base_hp, base_attack, base_defense, base_special_attack, base_special_defense, base_speed, fk_generation, fk_form)
VALUES (55, 50, 40, 40, 40, 75, 5, 697);
INSERT INTO pokemon.form_has_type_per_generation (fk_form, fk_type, fk_generation, is_primary)
VALUES (697, 1, 5, True);

INSERT INTO pokemon.pokemon_species (name, pokedex_index, is_baby, is_legendary, is_mythical, evolves_from)
VALUES ('gothita', 574, False, False, False, None);
INSERT INTO pokemon.form (name, is_default, fk_pokemon_species, height, weight, legacy_cry, latest_cry, artwork, shiny_artwork)
VALUES ('gothita', True, 552, 4, 58, https://raw.githubusercontent.com/PokeAPI/cries/main/cries/pokemon/legacy/574.ogg, https://raw.githubusercontent.com/PokeAPI/cries/main/cries/pokemon/latest/574.ogg, https://raw.githubusercontent.com/PokeAPI/sprites/master/sprites/pokemon/other/official-artwork/574.png, https://raw.githubusercontent.com/PokeAPI/sprites/master/sprites/pokemon/other/official-artwork/shiny/574.png);
INSERT INTO pokemon.base_stats (base_hp, base_attack, base_defense, base_special_attack, base_special_defense, base_speed, fk_generation, fk_form)
VALUES (45, 30, 50, 55, 65, 45, 5, 698);
INSERT INTO pokemon.form_has_type_per_generation (fk_form, fk_type, fk_generation, is_primary)
VALUES (698, 14, 5, True);

INSERT INTO pokemon.pokemon_species (name, pokedex_index, is_baby, is_legendary, is_mythical, evolves_from)
VALUES ('solosis', 577, False, False, False, None);
INSERT INTO pokemon.form (name, is_default, fk_pokemon_species, height, weight, legacy_cry, latest_cry, artwork, shiny_artwork)
VALUES ('solosis', True, 553, 3, 10, https://raw.githubusercontent.com/PokeAPI/cries/main/cries/pokemon/legacy/577.ogg, https://raw.githubusercontent.com/PokeAPI/cries/main/cries/pokemon/latest/577.ogg, https://raw.githubusercontent.com/PokeAPI/sprites/master/sprites/pokemon/other/official-artwork/577.png, https://raw.githubusercontent.com/PokeAPI/sprites/master/sprites/pokemon/other/official-artwork/shiny/577.png);
INSERT INTO pokemon.base_stats (base_hp, base_attack, base_defense, base_special_attack, base_special_defense, base_speed, fk_generation, fk_form)
VALUES (45, 30, 40, 105, 50, 20, 5, 699);
INSERT INTO pokemon.form_has_type_per_generation (fk_form, fk_type, fk_generation, is_primary)
VALUES (699, 14, 5, True);

INSERT INTO pokemon.pokemon_species (name, pokedex_index, is_baby, is_legendary, is_mythical, evolves_from)
VALUES ('ducklett', 580, False, False, False, None);
INSERT INTO pokemon.form (name, is_default, fk_pokemon_species, height, weight, legacy_cry, latest_cry, artwork, shiny_artwork)
VALUES ('ducklett', True, 554, 5, 55, https://raw.githubusercontent.com/PokeAPI/cries/main/cries/pokemon/legacy/580.ogg, https://raw.githubusercontent.com/PokeAPI/cries/main/cries/pokemon/latest/580.ogg, https://raw.githubusercontent.com/PokeAPI/sprites/master/sprites/pokemon/other/official-artwork/580.png, https://raw.githubusercontent.com/PokeAPI/sprites/master/sprites/pokemon/other/official-artwork/shiny/580.png);
INSERT INTO pokemon.base_stats (base_hp, base_attack, base_defense, base_special_attack, base_special_defense, base_speed, fk_generation, fk_form)
VALUES (62, 44, 50, 44, 50, 55, 5, 700);
INSERT INTO pokemon.form_has_type_per_generation (fk_form, fk_type, fk_generation, is_primary)
VALUES (700, 11, 5, True);
INSERT INTO pokemon.form_has_type_per_generation (fk_form, fk_type, fk_generation, is_primary)
VALUES (700, 3, 5, False);

INSERT INTO pokemon.pokemon_species (name, pokedex_index, is_baby, is_legendary, is_mythical, evolves_from)
VALUES ('vanillite', 582, False, False, False, None);
INSERT INTO pokemon.form (name, is_default, fk_pokemon_species, height, weight, legacy_cry, latest_cry, artwork, shiny_artwork)
VALUES ('vanillite', True, 555, 4, 57, https://raw.githubusercontent.com/PokeAPI/cries/main/cries/pokemon/legacy/582.ogg, https://raw.githubusercontent.com/PokeAPI/cries/main/cries/pokemon/latest/582.ogg, https://raw.githubusercontent.com/PokeAPI/sprites/master/sprites/pokemon/other/official-artwork/582.png, https://raw.githubusercontent.com/PokeAPI/sprites/master/sprites/pokemon/other/official-artwork/shiny/582.png);
INSERT INTO pokemon.base_stats (base_hp, base_attack, base_defense, base_special_attack, base_special_defense, base_speed, fk_generation, fk_form)
VALUES (36, 50, 50, 65, 60, 44, 5, 701);
INSERT INTO pokemon.form_has_type_per_generation (fk_form, fk_type, fk_generation, is_primary)
VALUES (701, 15, 5, True);

INSERT INTO pokemon.pokemon_species (name, pokedex_index, is_baby, is_legendary, is_mythical, evolves_from)
VALUES ('deerling', 585, False, False, False, None);
INSERT INTO pokemon.form (name, is_default, fk_pokemon_species, height, weight, legacy_cry, latest_cry, artwork, shiny_artwork)
VALUES ('deerling', True, 556, 6, 195, https://raw.githubusercontent.com/PokeAPI/cries/main/cries/pokemon/legacy/585.ogg, https://raw.githubusercontent.com/PokeAPI/cries/main/cries/pokemon/latest/585.ogg, https://raw.githubusercontent.com/PokeAPI/sprites/master/sprites/pokemon/other/official-artwork/585.png, https://raw.githubusercontent.com/PokeAPI/sprites/master/sprites/pokemon/other/official-artwork/shiny/585.png);
INSERT INTO pokemon.base_stats (base_hp, base_attack, base_defense, base_special_attack, base_special_defense, base_speed, fk_generation, fk_form)
VALUES (60, 60, 50, 40, 50, 75, 5, 702);
INSERT INTO pokemon.form_has_type_per_generation (fk_form, fk_type, fk_generation, is_primary)
VALUES (702, 1, 5, True);
INSERT INTO pokemon.form_has_type_per_generation (fk_form, fk_type, fk_generation, is_primary)
VALUES (702, 12, 5, False);

INSERT INTO pokemon.pokemon_species (name, pokedex_index, is_baby, is_legendary, is_mythical, evolves_from)
VALUES ('emolga', 587, False, False, False, None);
INSERT INTO pokemon.form (name, is_default, fk_pokemon_species, height, weight, legacy_cry, latest_cry, artwork, shiny_artwork)
VALUES ('emolga', True, 557, 4, 50, https://raw.githubusercontent.com/PokeAPI/cries/main/cries/pokemon/legacy/587.ogg, https://raw.githubusercontent.com/PokeAPI/cries/main/cries/pokemon/latest/587.ogg, https://raw.githubusercontent.com/PokeAPI/sprites/master/sprites/pokemon/other/official-artwork/587.png, https://raw.githubusercontent.com/PokeAPI/sprites/master/sprites/pokemon/other/official-artwork/shiny/587.png);
INSERT INTO pokemon.base_stats (base_hp, base_attack, base_defense, base_special_attack, base_special_defense, base_speed, fk_generation, fk_form)
VALUES (55, 75, 60, 75, 60, 103, 5, 703);
INSERT INTO pokemon.form_has_type_per_generation (fk_form, fk_type, fk_generation, is_primary)
VALUES (703, 13, 5, True);
INSERT INTO pokemon.form_has_type_per_generation (fk_form, fk_type, fk_generation, is_primary)
VALUES (703, 3, 5, False);

INSERT INTO pokemon.pokemon_species (name, pokedex_index, is_baby, is_legendary, is_mythical, evolves_from)
VALUES ('karrablast', 588, False, False, False, None);
INSERT INTO pokemon.form (name, is_default, fk_pokemon_species, height, weight, legacy_cry, latest_cry, artwork, shiny_artwork)
VALUES ('karrablast', True, 558, 5, 59, https://raw.githubusercontent.com/PokeAPI/cries/main/cries/pokemon/legacy/588.ogg, https://raw.githubusercontent.com/PokeAPI/cries/main/cries/pokemon/latest/588.ogg, https://raw.githubusercontent.com/PokeAPI/sprites/master/sprites/pokemon/other/official-artwork/588.png, https://raw.githubusercontent.com/PokeAPI/sprites/master/sprites/pokemon/other/official-artwork/shiny/588.png);
INSERT INTO pokemon.base_stats (base_hp, base_attack, base_defense, base_special_attack, base_special_defense, base_speed, fk_generation, fk_form)
VALUES (50, 75, 45, 40, 45, 60, 5, 704);
INSERT INTO pokemon.form_has_type_per_generation (fk_form, fk_type, fk_generation, is_primary)
VALUES (704, 7, 5, True);

INSERT INTO pokemon.pokemon_species (name, pokedex_index, is_baby, is_legendary, is_mythical, evolves_from)
VALUES ('foongus', 590, False, False, False, None);
INSERT INTO pokemon.form (name, is_default, fk_pokemon_species, height, weight, legacy_cry, latest_cry, artwork, shiny_artwork)
VALUES ('foongus', True, 559, 2, 10, https://raw.githubusercontent.com/PokeAPI/cries/main/cries/pokemon/legacy/590.ogg, https://raw.githubusercontent.com/PokeAPI/cries/main/cries/pokemon/latest/590.ogg, https://raw.githubusercontent.com/PokeAPI/sprites/master/sprites/pokemon/other/official-artwork/590.png, https://raw.githubusercontent.com/PokeAPI/sprites/master/sprites/pokemon/other/official-artwork/shiny/590.png);
INSERT INTO pokemon.base_stats (base_hp, base_attack, base_defense, base_special_attack, base_special_defense, base_speed, fk_generation, fk_form)
VALUES (69, 55, 45, 55, 55, 15, 5, 705);
INSERT INTO pokemon.form_has_type_per_generation (fk_form, fk_type, fk_generation, is_primary)
VALUES (705, 12, 5, True);
INSERT INTO pokemon.form_has_type_per_generation (fk_form, fk_type, fk_generation, is_primary)
VALUES (705, 4, 5, False);

INSERT INTO pokemon.pokemon_species (name, pokedex_index, is_baby, is_legendary, is_mythical, evolves_from)
VALUES ('frillish', 592, False, False, False, None);
INSERT INTO pokemon.form (name, is_default, fk_pokemon_species, height, weight, legacy_cry, latest_cry, artwork, shiny_artwork)
VALUES ('frillish', True, 560, 12, 330, https://raw.githubusercontent.com/PokeAPI/cries/main/cries/pokemon/legacy/592.ogg, https://raw.githubusercontent.com/PokeAPI/cries/main/cries/pokemon/latest/592.ogg, https://raw.githubusercontent.com/PokeAPI/sprites/master/sprites/pokemon/other/official-artwork/592.png, https://raw.githubusercontent.com/PokeAPI/sprites/master/sprites/pokemon/other/official-artwork/shiny/592.png);
INSERT INTO pokemon.base_stats (base_hp, base_attack, base_defense, base_special_attack, base_special_defense, base_speed, fk_generation, fk_form)
VALUES (55, 40, 50, 65, 85, 40, 5, 706);
INSERT INTO pokemon.form_has_type_per_generation (fk_form, fk_type, fk_generation, is_primary)
VALUES (706, 11, 5, True);
INSERT INTO pokemon.form_has_type_per_generation (fk_form, fk_type, fk_generation, is_primary)
VALUES (706, 8, 5, False);

INSERT INTO pokemon.pokemon_species (name, pokedex_index, is_baby, is_legendary, is_mythical, evolves_from)
VALUES ('alomomola', 594, False, False, False, None);
INSERT INTO pokemon.form (name, is_default, fk_pokemon_species, height, weight, legacy_cry, latest_cry, artwork, shiny_artwork)
VALUES ('alomomola', True, 561, 12, 316, https://raw.githubusercontent.com/PokeAPI/cries/main/cries/pokemon/legacy/594.ogg, https://raw.githubusercontent.com/PokeAPI/cries/main/cries/pokemon/latest/594.ogg, https://raw.githubusercontent.com/PokeAPI/sprites/master/sprites/pokemon/other/official-artwork/594.png, https://raw.githubusercontent.com/PokeAPI/sprites/master/sprites/pokemon/other/official-artwork/shiny/594.png);
INSERT INTO pokemon.base_stats (base_hp, base_attack, base_defense, base_special_attack, base_special_defense, base_speed, fk_generation, fk_form)
VALUES (165, 75, 80, 40, 45, 65, 5, 707);
INSERT INTO pokemon.form_has_type_per_generation (fk_form, fk_type, fk_generation, is_primary)
VALUES (707, 11, 5, True);

INSERT INTO pokemon.pokemon_species (name, pokedex_index, is_baby, is_legendary, is_mythical, evolves_from)
VALUES ('joltik', 595, False, False, False, None);
INSERT INTO pokemon.form (name, is_default, fk_pokemon_species, height, weight, legacy_cry, latest_cry, artwork, shiny_artwork)
VALUES ('joltik', True, 562, 1, 6, https://raw.githubusercontent.com/PokeAPI/cries/main/cries/pokemon/legacy/595.ogg, https://raw.githubusercontent.com/PokeAPI/cries/main/cries/pokemon/latest/595.ogg, https://raw.githubusercontent.com/PokeAPI/sprites/master/sprites/pokemon/other/official-artwork/595.png, https://raw.githubusercontent.com/PokeAPI/sprites/master/sprites/pokemon/other/official-artwork/shiny/595.png);
INSERT INTO pokemon.base_stats (base_hp, base_attack, base_defense, base_special_attack, base_special_defense, base_speed, fk_generation, fk_form)
VALUES (50, 47, 50, 57, 50, 65, 5, 708);
INSERT INTO pokemon.form_has_type_per_generation (fk_form, fk_type, fk_generation, is_primary)
VALUES (708, 7, 5, True);
INSERT INTO pokemon.form_has_type_per_generation (fk_form, fk_type, fk_generation, is_primary)
VALUES (708, 13, 5, False);

INSERT INTO pokemon.pokemon_species (name, pokedex_index, is_baby, is_legendary, is_mythical, evolves_from)
VALUES ('ferroseed', 597, False, False, False, None);
INSERT INTO pokemon.form (name, is_default, fk_pokemon_species, height, weight, legacy_cry, latest_cry, artwork, shiny_artwork)
VALUES ('ferroseed', True, 563, 6, 188, https://raw.githubusercontent.com/PokeAPI/cries/main/cries/pokemon/legacy/597.ogg, https://raw.githubusercontent.com/PokeAPI/cries/main/cries/pokemon/latest/597.ogg, https://raw.githubusercontent.com/PokeAPI/sprites/master/sprites/pokemon/other/official-artwork/597.png, https://raw.githubusercontent.com/PokeAPI/sprites/master/sprites/pokemon/other/official-artwork/shiny/597.png);
INSERT INTO pokemon.base_stats (base_hp, base_attack, base_defense, base_special_attack, base_special_defense, base_speed, fk_generation, fk_form)
VALUES (44, 50, 91, 24, 86, 10, 5, 709);
INSERT INTO pokemon.form_has_type_per_generation (fk_form, fk_type, fk_generation, is_primary)
VALUES (709, 12, 5, True);
INSERT INTO pokemon.form_has_type_per_generation (fk_form, fk_type, fk_generation, is_primary)
VALUES (709, 9, 5, False);

INSERT INTO pokemon.pokemon_species (name, pokedex_index, is_baby, is_legendary, is_mythical, evolves_from)
VALUES ('klink', 599, False, False, False, None);
INSERT INTO pokemon.form (name, is_default, fk_pokemon_species, height, weight, legacy_cry, latest_cry, artwork, shiny_artwork)
VALUES ('klink', True, 564, 3, 210, https://raw.githubusercontent.com/PokeAPI/cries/main/cries/pokemon/legacy/599.ogg, https://raw.githubusercontent.com/PokeAPI/cries/main/cries/pokemon/latest/599.ogg, https://raw.githubusercontent.com/PokeAPI/sprites/master/sprites/pokemon/other/official-artwork/599.png, https://raw.githubusercontent.com/PokeAPI/sprites/master/sprites/pokemon/other/official-artwork/shiny/599.png);
INSERT INTO pokemon.base_stats (base_hp, base_attack, base_defense, base_special_attack, base_special_defense, base_speed, fk_generation, fk_form)
VALUES (40, 55, 70, 45, 60, 30, 5, 710);
INSERT INTO pokemon.form_has_type_per_generation (fk_form, fk_type, fk_generation, is_primary)
VALUES (710, 9, 5, True);

INSERT INTO pokemon.pokemon_species (name, pokedex_index, is_baby, is_legendary, is_mythical, evolves_from)
VALUES ('tynamo', 602, False, False, False, None);
INSERT INTO pokemon.form (name, is_default, fk_pokemon_species, height, weight, legacy_cry, latest_cry, artwork, shiny_artwork)
VALUES ('tynamo', True, 565, 2, 3, https://raw.githubusercontent.com/PokeAPI/cries/main/cries/pokemon/legacy/602.ogg, https://raw.githubusercontent.com/PokeAPI/cries/main/cries/pokemon/latest/602.ogg, https://raw.githubusercontent.com/PokeAPI/sprites/master/sprites/pokemon/other/official-artwork/602.png, https://raw.githubusercontent.com/PokeAPI/sprites/master/sprites/pokemon/other/official-artwork/shiny/602.png);
INSERT INTO pokemon.base_stats (base_hp, base_attack, base_defense, base_special_attack, base_special_defense, base_speed, fk_generation, fk_form)
VALUES (35, 55, 40, 45, 40, 60, 5, 711);
INSERT INTO pokemon.form_has_type_per_generation (fk_form, fk_type, fk_generation, is_primary)
VALUES (711, 13, 5, True);

INSERT INTO pokemon.pokemon_species (name, pokedex_index, is_baby, is_legendary, is_mythical, evolves_from)
VALUES ('elgyem', 605, False, False, False, None);
INSERT INTO pokemon.form (name, is_default, fk_pokemon_species, height, weight, legacy_cry, latest_cry, artwork, shiny_artwork)
VALUES ('elgyem', True, 566, 5, 90, https://raw.githubusercontent.com/PokeAPI/cries/main/cries/pokemon/legacy/605.ogg, https://raw.githubusercontent.com/PokeAPI/cries/main/cries/pokemon/latest/605.ogg, https://raw.githubusercontent.com/PokeAPI/sprites/master/sprites/pokemon/other/official-artwork/605.png, https://raw.githubusercontent.com/PokeAPI/sprites/master/sprites/pokemon/other/official-artwork/shiny/605.png);
INSERT INTO pokemon.base_stats (base_hp, base_attack, base_defense, base_special_attack, base_special_defense, base_speed, fk_generation, fk_form)
VALUES (55, 55, 55, 85, 55, 30, 5, 712);
INSERT INTO pokemon.form_has_type_per_generation (fk_form, fk_type, fk_generation, is_primary)
VALUES (712, 14, 5, True);

INSERT INTO pokemon.pokemon_species (name, pokedex_index, is_baby, is_legendary, is_mythical, evolves_from)
VALUES ('litwick', 607, False, False, False, None);
INSERT INTO pokemon.form (name, is_default, fk_pokemon_species, height, weight, legacy_cry, latest_cry, artwork, shiny_artwork)
VALUES ('litwick', True, 567, 3, 31, https://raw.githubusercontent.com/PokeAPI/cries/main/cries/pokemon/legacy/607.ogg, https://raw.githubusercontent.com/PokeAPI/cries/main/cries/pokemon/latest/607.ogg, https://raw.githubusercontent.com/PokeAPI/sprites/master/sprites/pokemon/other/official-artwork/607.png, https://raw.githubusercontent.com/PokeAPI/sprites/master/sprites/pokemon/other/official-artwork/shiny/607.png);
INSERT INTO pokemon.base_stats (base_hp, base_attack, base_defense, base_special_attack, base_special_defense, base_speed, fk_generation, fk_form)
VALUES (50, 30, 55, 65, 55, 20, 5, 713);
INSERT INTO pokemon.form_has_type_per_generation (fk_form, fk_type, fk_generation, is_primary)
VALUES (713, 8, 5, True);
INSERT INTO pokemon.form_has_type_per_generation (fk_form, fk_type, fk_generation, is_primary)
VALUES (713, 10, 5, False);

INSERT INTO pokemon.pokemon_species (name, pokedex_index, is_baby, is_legendary, is_mythical, evolves_from)
VALUES ('conkeldurr', 534, False, False, False, gurdurr);
INSERT INTO pokemon.form (name, is_default, fk_pokemon_species, height, weight, legacy_cry, latest_cry, artwork, shiny_artwork)
VALUES ('conkeldurr', True, 568, 14, 870, https://raw.githubusercontent.com/PokeAPI/cries/main/cries/pokemon/legacy/534.ogg, https://raw.githubusercontent.com/PokeAPI/cries/main/cries/pokemon/latest/534.ogg, https://raw.githubusercontent.com/PokeAPI/sprites/master/sprites/pokemon/other/official-artwork/534.png, https://raw.githubusercontent.com/PokeAPI/sprites/master/sprites/pokemon/other/official-artwork/shiny/534.png);
INSERT INTO pokemon.base_stats (base_hp, base_attack, base_defense, base_special_attack, base_special_defense, base_speed, fk_generation, fk_form)
VALUES (105, 140, 95, 55, 65, 45, 5, 714);
INSERT INTO pokemon.form_has_type_per_generation (fk_form, fk_type, fk_generation, is_primary)
VALUES (714, 2, 5, True);

INSERT INTO pokemon.pokemon_species (name, pokedex_index, is_baby, is_legendary, is_mythical, evolves_from)
VALUES ('palpitoad', 536, False, False, False, tympole);
INSERT INTO pokemon.form (name, is_default, fk_pokemon_species, height, weight, legacy_cry, latest_cry, artwork, shiny_artwork)
VALUES ('palpitoad', True, 569, 8, 170, https://raw.githubusercontent.com/PokeAPI/cries/main/cries/pokemon/legacy/536.ogg, https://raw.githubusercontent.com/PokeAPI/cries/main/cries/pokemon/latest/536.ogg, https://raw.githubusercontent.com/PokeAPI/sprites/master/sprites/pokemon/other/official-artwork/536.png, https://raw.githubusercontent.com/PokeAPI/sprites/master/sprites/pokemon/other/official-artwork/shiny/536.png);
INSERT INTO pokemon.base_stats (base_hp, base_attack, base_defense, base_special_attack, base_special_defense, base_speed, fk_generation, fk_form)
VALUES (75, 65, 55, 65, 55, 69, 5, 715);
INSERT INTO pokemon.form_has_type_per_generation (fk_form, fk_type, fk_generation, is_primary)
VALUES (715, 11, 5, True);
INSERT INTO pokemon.form_has_type_per_generation (fk_form, fk_type, fk_generation, is_primary)
VALUES (715, 5, 5, False);

INSERT INTO pokemon.pokemon_species (name, pokedex_index, is_baby, is_legendary, is_mythical, evolves_from)
VALUES ('seismitoad', 537, False, False, False, palpitoad);
INSERT INTO pokemon.form (name, is_default, fk_pokemon_species, height, weight, legacy_cry, latest_cry, artwork, shiny_artwork)
VALUES ('seismitoad', True, 570, 15, 620, https://raw.githubusercontent.com/PokeAPI/cries/main/cries/pokemon/legacy/537.ogg, https://raw.githubusercontent.com/PokeAPI/cries/main/cries/pokemon/latest/537.ogg, https://raw.githubusercontent.com/PokeAPI/sprites/master/sprites/pokemon/other/official-artwork/537.png, https://raw.githubusercontent.com/PokeAPI/sprites/master/sprites/pokemon/other/official-artwork/shiny/537.png);
INSERT INTO pokemon.base_stats (base_hp, base_attack, base_defense, base_special_attack, base_special_defense, base_speed, fk_generation, fk_form)
VALUES (105, 95, 75, 85, 75, 74, 5, 716);
INSERT INTO pokemon.form_has_type_per_generation (fk_form, fk_type, fk_generation, is_primary)
VALUES (716, 11, 5, True);
INSERT INTO pokemon.form_has_type_per_generation (fk_form, fk_type, fk_generation, is_primary)
VALUES (716, 5, 5, False);

INSERT INTO pokemon.pokemon_species (name, pokedex_index, is_baby, is_legendary, is_mythical, evolves_from)
VALUES ('swadloon', 541, False, False, False, sewaddle);
INSERT INTO pokemon.form (name, is_default, fk_pokemon_species, height, weight, legacy_cry, latest_cry, artwork, shiny_artwork)
VALUES ('swadloon', True, 571, 5, 73, https://raw.githubusercontent.com/PokeAPI/cries/main/cries/pokemon/legacy/541.ogg, https://raw.githubusercontent.com/PokeAPI/cries/main/cries/pokemon/latest/541.ogg, https://raw.githubusercontent.com/PokeAPI/sprites/master/sprites/pokemon/other/official-artwork/541.png, https://raw.githubusercontent.com/PokeAPI/sprites/master/sprites/pokemon/other/official-artwork/shiny/541.png);
INSERT INTO pokemon.base_stats (base_hp, base_attack, base_defense, base_special_attack, base_special_defense, base_speed, fk_generation, fk_form)
VALUES (55, 63, 90, 50, 80, 42, 5, 717);
INSERT INTO pokemon.form_has_type_per_generation (fk_form, fk_type, fk_generation, is_primary)
VALUES (717, 7, 5, True);
INSERT INTO pokemon.form_has_type_per_generation (fk_form, fk_type, fk_generation, is_primary)
VALUES (717, 12, 5, False);

INSERT INTO pokemon.pokemon_species (name, pokedex_index, is_baby, is_legendary, is_mythical, evolves_from)
VALUES ('leavanny', 542, False, False, False, swadloon);
INSERT INTO pokemon.form (name, is_default, fk_pokemon_species, height, weight, legacy_cry, latest_cry, artwork, shiny_artwork)
VALUES ('leavanny', True, 572, 12, 205, https://raw.githubusercontent.com/PokeAPI/cries/main/cries/pokemon/legacy/542.ogg, https://raw.githubusercontent.com/PokeAPI/cries/main/cries/pokemon/latest/542.ogg, https://raw.githubusercontent.com/PokeAPI/sprites/master/sprites/pokemon/other/official-artwork/542.png, https://raw.githubusercontent.com/PokeAPI/sprites/master/sprites/pokemon/other/official-artwork/shiny/542.png);
INSERT INTO pokemon.base_stats (base_hp, base_attack, base_defense, base_special_attack, base_special_defense, base_speed, fk_generation, fk_form)
VALUES (75, 103, 80, 70, 80, 92, 5, 718);
INSERT INTO pokemon.form_has_type_per_generation (fk_form, fk_type, fk_generation, is_primary)
VALUES (718, 7, 5, True);
INSERT INTO pokemon.form_has_type_per_generation (fk_form, fk_type, fk_generation, is_primary)
VALUES (718, 12, 5, False);

INSERT INTO pokemon.pokemon_species (name, pokedex_index, is_baby, is_legendary, is_mythical, evolves_from)
VALUES ('whirlipede', 544, False, False, False, venipede);
INSERT INTO pokemon.form (name, is_default, fk_pokemon_species, height, weight, legacy_cry, latest_cry, artwork, shiny_artwork)
VALUES ('whirlipede', True, 573, 12, 585, https://raw.githubusercontent.com/PokeAPI/cries/main/cries/pokemon/legacy/544.ogg, https://raw.githubusercontent.com/PokeAPI/cries/main/cries/pokemon/latest/544.ogg, https://raw.githubusercontent.com/PokeAPI/sprites/master/sprites/pokemon/other/official-artwork/544.png, https://raw.githubusercontent.com/PokeAPI/sprites/master/sprites/pokemon/other/official-artwork/shiny/544.png);
INSERT INTO pokemon.base_stats (base_hp, base_attack, base_defense, base_special_attack, base_special_defense, base_speed, fk_generation, fk_form)
VALUES (40, 55, 99, 40, 79, 47, 5, 719);
INSERT INTO pokemon.form_has_type_per_generation (fk_form, fk_type, fk_generation, is_primary)
VALUES (719, 7, 5, True);
INSERT INTO pokemon.form_has_type_per_generation (fk_form, fk_type, fk_generation, is_primary)
VALUES (719, 4, 5, False);

INSERT INTO pokemon.pokemon_species (name, pokedex_index, is_baby, is_legendary, is_mythical, evolves_from)
VALUES ('scolipede', 545, False, False, False, whirlipede);
INSERT INTO pokemon.form (name, is_default, fk_pokemon_species, height, weight, legacy_cry, latest_cry, artwork, shiny_artwork)
VALUES ('scolipede', True, 574, 25, 2005, https://raw.githubusercontent.com/PokeAPI/cries/main/cries/pokemon/legacy/545.ogg, https://raw.githubusercontent.com/PokeAPI/cries/main/cries/pokemon/latest/545.ogg, https://raw.githubusercontent.com/PokeAPI/sprites/master/sprites/pokemon/other/official-artwork/545.png, https://raw.githubusercontent.com/PokeAPI/sprites/master/sprites/pokemon/other/official-artwork/shiny/545.png);
INSERT INTO pokemon.base_stats (base_hp, base_attack, base_defense, base_special_attack, base_special_defense, base_speed, fk_generation, fk_form)
VALUES (60, 100, 89, 55, 69, 112, 5, 720);
INSERT INTO pokemon.form_has_type_per_generation (fk_form, fk_type, fk_generation, is_primary)
VALUES (720, 7, 5, True);
INSERT INTO pokemon.form_has_type_per_generation (fk_form, fk_type, fk_generation, is_primary)
VALUES (720, 4, 5, False);

INSERT INTO pokemon.pokemon_species (name, pokedex_index, is_baby, is_legendary, is_mythical, evolves_from)
VALUES ('whimsicott', 547, False, False, False, cottonee);
INSERT INTO pokemon.form (name, is_default, fk_pokemon_species, height, weight, legacy_cry, latest_cry, artwork, shiny_artwork)
VALUES ('whimsicott', True, 575, 7, 66, https://raw.githubusercontent.com/PokeAPI/cries/main/cries/pokemon/legacy/547.ogg, https://raw.githubusercontent.com/PokeAPI/cries/main/cries/pokemon/latest/547.ogg, https://raw.githubusercontent.com/PokeAPI/sprites/master/sprites/pokemon/other/official-artwork/547.png, https://raw.githubusercontent.com/PokeAPI/sprites/master/sprites/pokemon/other/official-artwork/shiny/547.png);
INSERT INTO pokemon.base_stats (base_hp, base_attack, base_defense, base_special_attack, base_special_defense, base_speed, fk_generation, fk_form)
VALUES (60, 67, 85, 77, 75, 116, 5, 721);
INSERT INTO pokemon.form_has_type_per_generation (fk_form, fk_type, fk_generation, is_primary)
VALUES (721, 12, 5, True);
INSERT INTO pokemon.form_has_type_per_generation (fk_form, fk_type, fk_generation, is_primary)
VALUES (721, 18, 5, False);

INSERT INTO pokemon.pokemon_species (name, pokedex_index, is_baby, is_legendary, is_mythical, evolves_from)
VALUES ('lilligant', 549, False, False, False, petilil);
INSERT INTO pokemon.form (name, is_default, fk_pokemon_species, height, weight, legacy_cry, latest_cry, artwork, shiny_artwork)
VALUES ('lilligant', True, 576, 11, 163, https://raw.githubusercontent.com/PokeAPI/cries/main/cries/pokemon/legacy/549.ogg, https://raw.githubusercontent.com/PokeAPI/cries/main/cries/pokemon/latest/549.ogg, https://raw.githubusercontent.com/PokeAPI/sprites/master/sprites/pokemon/other/official-artwork/549.png, https://raw.githubusercontent.com/PokeAPI/sprites/master/sprites/pokemon/other/official-artwork/shiny/549.png);
INSERT INTO pokemon.base_stats (base_hp, base_attack, base_defense, base_special_attack, base_special_defense, base_speed, fk_generation, fk_form)
VALUES (70, 60, 75, 110, 75, 90, 5, 722);
INSERT INTO pokemon.form_has_type_per_generation (fk_form, fk_type, fk_generation, is_primary)
VALUES (722, 12, 5, True);

INSERT INTO pokemon.form (name, is_default, fk_pokemon_species, height, weight, legacy_cry, latest_cry, artwork, shiny_artwork)
VALUES ('lilligant-hisui', False, 576, 12, 192, None, https://raw.githubusercontent.com/PokeAPI/cries/main/cries/pokemon/latest/10237.ogg, https://raw.githubusercontent.com/PokeAPI/sprites/master/sprites/pokemon/other/official-artwork/10237.png, https://raw.githubusercontent.com/PokeAPI/sprites/master/sprites/pokemon/other/official-artwork/shiny/10237.png);
INSERT INTO pokemon.base_stats (base_hp, base_attack, base_defense, base_special_attack, base_special_defense, base_speed, fk_generation, fk_form)
VALUES (70, 105, 75, 50, 75, 105, 8, 723);
INSERT INTO pokemon.form_has_type_per_generation (fk_form, fk_type, fk_generation, is_primary)
VALUES (723, 12, 8, True);
INSERT INTO pokemon.form_has_type_per_generation (fk_form, fk_type, fk_generation, is_primary)
VALUES (723, 2, 8, False);

INSERT INTO pokemon.pokemon_species (name, pokedex_index, is_baby, is_legendary, is_mythical, evolves_from)
VALUES ('krokorok', 552, False, False, False, sandile);
INSERT INTO pokemon.form (name, is_default, fk_pokemon_species, height, weight, legacy_cry, latest_cry, artwork, shiny_artwork)
VALUES ('krokorok', True, 577, 10, 334, https://raw.githubusercontent.com/PokeAPI/cries/main/cries/pokemon/legacy/552.ogg, https://raw.githubusercontent.com/PokeAPI/cries/main/cries/pokemon/latest/552.ogg, https://raw.githubusercontent.com/PokeAPI/sprites/master/sprites/pokemon/other/official-artwork/552.png, https://raw.githubusercontent.com/PokeAPI/sprites/master/sprites/pokemon/other/official-artwork/shiny/552.png);
INSERT INTO pokemon.base_stats (base_hp, base_attack, base_defense, base_special_attack, base_special_defense, base_speed, fk_generation, fk_form)
VALUES (60, 82, 45, 45, 45, 74, 5, 724);
INSERT INTO pokemon.form_has_type_per_generation (fk_form, fk_type, fk_generation, is_primary)
VALUES (724, 5, 5, True);
INSERT INTO pokemon.form_has_type_per_generation (fk_form, fk_type, fk_generation, is_primary)
VALUES (724, 17, 5, False);

INSERT INTO pokemon.pokemon_species (name, pokedex_index, is_baby, is_legendary, is_mythical, evolves_from)
VALUES ('krookodile', 553, False, False, False, krokorok);
INSERT INTO pokemon.form (name, is_default, fk_pokemon_species, height, weight, legacy_cry, latest_cry, artwork, shiny_artwork)
VALUES ('krookodile', True, 578, 15, 963, https://raw.githubusercontent.com/PokeAPI/cries/main/cries/pokemon/legacy/553.ogg, https://raw.githubusercontent.com/PokeAPI/cries/main/cries/pokemon/latest/553.ogg, https://raw.githubusercontent.com/PokeAPI/sprites/master/sprites/pokemon/other/official-artwork/553.png, https://raw.githubusercontent.com/PokeAPI/sprites/master/sprites/pokemon/other/official-artwork/shiny/553.png);
INSERT INTO pokemon.base_stats (base_hp, base_attack, base_defense, base_special_attack, base_special_defense, base_speed, fk_generation, fk_form)
VALUES (95, 117, 80, 65, 70, 92, 5, 725);
INSERT INTO pokemon.form_has_type_per_generation (fk_form, fk_type, fk_generation, is_primary)
VALUES (725, 5, 5, True);
INSERT INTO pokemon.form_has_type_per_generation (fk_form, fk_type, fk_generation, is_primary)
VALUES (725, 17, 5, False);

INSERT INTO pokemon.pokemon_species (name, pokedex_index, is_baby, is_legendary, is_mythical, evolves_from)
VALUES ('darmanitan', 555, False, False, False, darumaka);
INSERT INTO pokemon.form (name, is_default, fk_pokemon_species, height, weight, legacy_cry, latest_cry, artwork, shiny_artwork)
VALUES ('darmanitan-standard', False, 579, 13, 929, https://raw.githubusercontent.com/PokeAPI/cries/main/cries/pokemon/legacy/555.ogg, https://raw.githubusercontent.com/PokeAPI/cries/main/cries/pokemon/latest/555.ogg, https://raw.githubusercontent.com/PokeAPI/sprites/master/sprites/pokemon/other/official-artwork/555.png, https://raw.githubusercontent.com/PokeAPI/sprites/master/sprites/pokemon/other/official-artwork/shiny/555.png);
INSERT INTO pokemon.base_stats (base_hp, base_attack, base_defense, base_special_attack, base_special_defense, base_speed, fk_generation, fk_form)
VALUES (105, 140, 55, 30, 55, 95, 5, 726);
INSERT INTO pokemon.form_has_type_per_generation (fk_form, fk_type, fk_generation, is_primary)
VALUES (726, 10, 5, True);

INSERT INTO pokemon.form (name, is_default, fk_pokemon_species, height, weight, legacy_cry, latest_cry, artwork, shiny_artwork)
VALUES ('darmanitan-zen', False, 579, 13, 929, None, https://raw.githubusercontent.com/PokeAPI/cries/main/cries/pokemon/latest/10017.ogg, https://raw.githubusercontent.com/PokeAPI/sprites/master/sprites/pokemon/other/official-artwork/10017.png, https://raw.githubusercontent.com/PokeAPI/sprites/master/sprites/pokemon/other/official-artwork/shiny/10017.png);
INSERT INTO pokemon.base_stats (base_hp, base_attack, base_defense, base_special_attack, base_special_defense, base_speed, fk_generation, fk_form)
VALUES (105, 30, 105, 140, 105, 55, 5, 727);
INSERT INTO pokemon.form_has_type_per_generation (fk_form, fk_type, fk_generation, is_primary)
VALUES (727, 10, 5, True);
INSERT INTO pokemon.form_has_type_per_generation (fk_form, fk_type, fk_generation, is_primary)
VALUES (727, 14, 5, False);

INSERT INTO pokemon.form (name, is_default, fk_pokemon_species, height, weight, legacy_cry, latest_cry, artwork, shiny_artwork)
VALUES ('darmanitan-galar-standard', False, 579, 17, 1200, None, https://raw.githubusercontent.com/PokeAPI/cries/main/cries/pokemon/latest/10177.ogg, https://raw.githubusercontent.com/PokeAPI/sprites/master/sprites/pokemon/other/official-artwork/10177.png, https://raw.githubusercontent.com/PokeAPI/sprites/master/sprites/pokemon/other/official-artwork/shiny/10177.png);
INSERT INTO pokemon.base_stats (base_hp, base_attack, base_defense, base_special_attack, base_special_defense, base_speed, fk_generation, fk_form)
VALUES (105, 140, 55, 30, 55, 95, 8, 728);
INSERT INTO pokemon.form_has_type_per_generation (fk_form, fk_type, fk_generation, is_primary)
VALUES (728, 15, 8, True);

INSERT INTO pokemon.form (name, is_default, fk_pokemon_species, height, weight, legacy_cry, latest_cry, artwork, shiny_artwork)
VALUES ('darmanitan-galar-zen', False, 579, 17, 1200, None, https://raw.githubusercontent.com/PokeAPI/cries/main/cries/pokemon/latest/10178.ogg, https://raw.githubusercontent.com/PokeAPI/sprites/master/sprites/pokemon/other/official-artwork/10178.png, https://raw.githubusercontent.com/PokeAPI/sprites/master/sprites/pokemon/other/official-artwork/shiny/10178.png);
INSERT INTO pokemon.base_stats (base_hp, base_attack, base_defense, base_special_attack, base_special_defense, base_speed, fk_generation, fk_form)
VALUES (105, 160, 55, 30, 55, 135, 8, 729);
INSERT INTO pokemon.form_has_type_per_generation (fk_form, fk_type, fk_generation, is_primary)
VALUES (729, 15, 8, True);
INSERT INTO pokemon.form_has_type_per_generation (fk_form, fk_type, fk_generation, is_primary)
VALUES (729, 10, 8, False);

INSERT INTO pokemon.pokemon_species (name, pokedex_index, is_baby, is_legendary, is_mythical, evolves_from)
VALUES ('crustle', 558, False, False, False, dwebble);
INSERT INTO pokemon.form (name, is_default, fk_pokemon_species, height, weight, legacy_cry, latest_cry, artwork, shiny_artwork)
VALUES ('crustle', True, 580, 14, 2000, https://raw.githubusercontent.com/PokeAPI/cries/main/cries/pokemon/legacy/558.ogg, https://raw.githubusercontent.com/PokeAPI/cries/main/cries/pokemon/latest/558.ogg, https://raw.githubusercontent.com/PokeAPI/sprites/master/sprites/pokemon/other/official-artwork/558.png, https://raw.githubusercontent.com/PokeAPI/sprites/master/sprites/pokemon/other/official-artwork/shiny/558.png);
INSERT INTO pokemon.base_stats (base_hp, base_attack, base_defense, base_special_attack, base_special_defense, base_speed, fk_generation, fk_form)
VALUES (70, 105, 125, 65, 75, 45, 5, 730);
INSERT INTO pokemon.form_has_type_per_generation (fk_form, fk_type, fk_generation, is_primary)
VALUES (730, 7, 5, True);
INSERT INTO pokemon.form_has_type_per_generation (fk_form, fk_type, fk_generation, is_primary)
VALUES (730, 6, 5, False);

INSERT INTO pokemon.pokemon_species (name, pokedex_index, is_baby, is_legendary, is_mythical, evolves_from)
VALUES ('scrafty', 560, False, False, False, scraggy);
INSERT INTO pokemon.form (name, is_default, fk_pokemon_species, height, weight, legacy_cry, latest_cry, artwork, shiny_artwork)
VALUES ('scrafty', True, 581, 11, 300, https://raw.githubusercontent.com/PokeAPI/cries/main/cries/pokemon/legacy/560.ogg, https://raw.githubusercontent.com/PokeAPI/cries/main/cries/pokemon/latest/560.ogg, https://raw.githubusercontent.com/PokeAPI/sprites/master/sprites/pokemon/other/official-artwork/560.png, https://raw.githubusercontent.com/PokeAPI/sprites/master/sprites/pokemon/other/official-artwork/shiny/560.png);
INSERT INTO pokemon.base_stats (base_hp, base_attack, base_defense, base_special_attack, base_special_defense, base_speed, fk_generation, fk_form)
VALUES (65, 90, 115, 45, 115, 58, 5, 731);
INSERT INTO pokemon.form_has_type_per_generation (fk_form, fk_type, fk_generation, is_primary)
VALUES (731, 17, 5, True);
INSERT INTO pokemon.form_has_type_per_generation (fk_form, fk_type, fk_generation, is_primary)
VALUES (731, 2, 5, False);

INSERT INTO pokemon.pokemon_species (name, pokedex_index, is_baby, is_legendary, is_mythical, evolves_from)
VALUES ('carracosta', 565, False, False, False, tirtouga);
INSERT INTO pokemon.form (name, is_default, fk_pokemon_species, height, weight, legacy_cry, latest_cry, artwork, shiny_artwork)
VALUES ('carracosta', True, 582, 12, 810, https://raw.githubusercontent.com/PokeAPI/cries/main/cries/pokemon/legacy/565.ogg, https://raw.githubusercontent.com/PokeAPI/cries/main/cries/pokemon/latest/565.ogg, https://raw.githubusercontent.com/PokeAPI/sprites/master/sprites/pokemon/other/official-artwork/565.png, https://raw.githubusercontent.com/PokeAPI/sprites/master/sprites/pokemon/other/official-artwork/shiny/565.png);
INSERT INTO pokemon.base_stats (base_hp, base_attack, base_defense, base_special_attack, base_special_defense, base_speed, fk_generation, fk_form)
VALUES (74, 108, 133, 83, 65, 32, 5, 732);
INSERT INTO pokemon.form_has_type_per_generation (fk_form, fk_type, fk_generation, is_primary)
VALUES (732, 11, 5, True);
INSERT INTO pokemon.form_has_type_per_generation (fk_form, fk_type, fk_generation, is_primary)
VALUES (732, 6, 5, False);

INSERT INTO pokemon.pokemon_species (name, pokedex_index, is_baby, is_legendary, is_mythical, evolves_from)
VALUES ('archeops', 567, False, False, False, archen);
INSERT INTO pokemon.form (name, is_default, fk_pokemon_species, height, weight, legacy_cry, latest_cry, artwork, shiny_artwork)
VALUES ('archeops', True, 583, 14, 320, https://raw.githubusercontent.com/PokeAPI/cries/main/cries/pokemon/legacy/567.ogg, https://raw.githubusercontent.com/PokeAPI/cries/main/cries/pokemon/latest/567.ogg, https://raw.githubusercontent.com/PokeAPI/sprites/master/sprites/pokemon/other/official-artwork/567.png, https://raw.githubusercontent.com/PokeAPI/sprites/master/sprites/pokemon/other/official-artwork/shiny/567.png);
INSERT INTO pokemon.base_stats (base_hp, base_attack, base_defense, base_special_attack, base_special_defense, base_speed, fk_generation, fk_form)
VALUES (75, 140, 65, 112, 65, 110, 5, 733);
INSERT INTO pokemon.form_has_type_per_generation (fk_form, fk_type, fk_generation, is_primary)
VALUES (733, 6, 5, True);
INSERT INTO pokemon.form_has_type_per_generation (fk_form, fk_type, fk_generation, is_primary)
VALUES (733, 3, 5, False);

INSERT INTO pokemon.pokemon_species (name, pokedex_index, is_baby, is_legendary, is_mythical, evolves_from)
VALUES ('garbodor', 569, False, False, False, trubbish);
INSERT INTO pokemon.form (name, is_default, fk_pokemon_species, height, weight, legacy_cry, latest_cry, artwork, shiny_artwork)
VALUES ('garbodor', True, 584, 19, 1073, https://raw.githubusercontent.com/PokeAPI/cries/main/cries/pokemon/legacy/569.ogg, https://raw.githubusercontent.com/PokeAPI/cries/main/cries/pokemon/latest/569.ogg, https://raw.githubusercontent.com/PokeAPI/sprites/master/sprites/pokemon/other/official-artwork/569.png, https://raw.githubusercontent.com/PokeAPI/sprites/master/sprites/pokemon/other/official-artwork/shiny/569.png);
INSERT INTO pokemon.base_stats (base_hp, base_attack, base_defense, base_special_attack, base_special_defense, base_speed, fk_generation, fk_form)
VALUES (80, 95, 82, 60, 82, 75, 5, 734);
INSERT INTO pokemon.form_has_type_per_generation (fk_form, fk_type, fk_generation, is_primary)
VALUES (734, 4, 5, True);

INSERT INTO pokemon.form (name, is_default, fk_pokemon_species, height, weight, legacy_cry, latest_cry, artwork, shiny_artwork)
VALUES ('garbodor-gmax', False, 584, 210, 10000, None, https://raw.githubusercontent.com/PokeAPI/cries/main/cries/pokemon/latest/10207.ogg, https://raw.githubusercontent.com/PokeAPI/sprites/master/sprites/pokemon/other/official-artwork/10207.png, https://raw.githubusercontent.com/PokeAPI/sprites/master/sprites/pokemon/other/official-artwork/shiny/10207.png);
INSERT INTO pokemon.base_stats (base_hp, base_attack, base_defense, base_special_attack, base_special_defense, base_speed, fk_generation, fk_form)
VALUES (80, 95, 82, 60, 82, 75, 8, 735);
INSERT INTO pokemon.form_has_type_per_generation (fk_form, fk_type, fk_generation, is_primary)
VALUES (735, 4, 8, True);

INSERT INTO pokemon.pokemon_species (name, pokedex_index, is_baby, is_legendary, is_mythical, evolves_from)
VALUES ('zoroark', 571, False, False, False, zorua);
INSERT INTO pokemon.form (name, is_default, fk_pokemon_species, height, weight, legacy_cry, latest_cry, artwork, shiny_artwork)
VALUES ('zoroark', True, 585, 16, 811, https://raw.githubusercontent.com/PokeAPI/cries/main/cries/pokemon/legacy/571.ogg, https://raw.githubusercontent.com/PokeAPI/cries/main/cries/pokemon/latest/571.ogg, https://raw.githubusercontent.com/PokeAPI/sprites/master/sprites/pokemon/other/official-artwork/571.png, https://raw.githubusercontent.com/PokeAPI/sprites/master/sprites/pokemon/other/official-artwork/shiny/571.png);
INSERT INTO pokemon.base_stats (base_hp, base_attack, base_defense, base_special_attack, base_special_defense, base_speed, fk_generation, fk_form)
VALUES (60, 105, 60, 120, 60, 105, 5, 736);
INSERT INTO pokemon.form_has_type_per_generation (fk_form, fk_type, fk_generation, is_primary)
VALUES (736, 17, 5, True);

INSERT INTO pokemon.form (name, is_default, fk_pokemon_species, height, weight, legacy_cry, latest_cry, artwork, shiny_artwork)
VALUES ('zoroark-hisui', False, 585, 16, 730, None, https://raw.githubusercontent.com/PokeAPI/cries/main/cries/pokemon/latest/10239.ogg, https://raw.githubusercontent.com/PokeAPI/sprites/master/sprites/pokemon/other/official-artwork/10239.png, https://raw.githubusercontent.com/PokeAPI/sprites/master/sprites/pokemon/other/official-artwork/shiny/10239.png);
INSERT INTO pokemon.base_stats (base_hp, base_attack, base_defense, base_special_attack, base_special_defense, base_speed, fk_generation, fk_form)
VALUES (55, 100, 60, 125, 60, 110, 8, 737);
INSERT INTO pokemon.form_has_type_per_generation (fk_form, fk_type, fk_generation, is_primary)
VALUES (737, 1, 8, True);
INSERT INTO pokemon.form_has_type_per_generation (fk_form, fk_type, fk_generation, is_primary)
VALUES (737, 8, 8, False);

INSERT INTO pokemon.pokemon_species (name, pokedex_index, is_baby, is_legendary, is_mythical, evolves_from)
VALUES ('cinccino', 573, False, False, False, minccino);
INSERT INTO pokemon.form (name, is_default, fk_pokemon_species, height, weight, legacy_cry, latest_cry, artwork, shiny_artwork)
VALUES ('cinccino', True, 586, 5, 75, https://raw.githubusercontent.com/PokeAPI/cries/main/cries/pokemon/legacy/573.ogg, https://raw.githubusercontent.com/PokeAPI/cries/main/cries/pokemon/latest/573.ogg, https://raw.githubusercontent.com/PokeAPI/sprites/master/sprites/pokemon/other/official-artwork/573.png, https://raw.githubusercontent.com/PokeAPI/sprites/master/sprites/pokemon/other/official-artwork/shiny/573.png);
INSERT INTO pokemon.base_stats (base_hp, base_attack, base_defense, base_special_attack, base_special_defense, base_speed, fk_generation, fk_form)
VALUES (75, 95, 60, 65, 60, 115, 5, 738);
INSERT INTO pokemon.form_has_type_per_generation (fk_form, fk_type, fk_generation, is_primary)
VALUES (738, 1, 5, True);

INSERT INTO pokemon.pokemon_species (name, pokedex_index, is_baby, is_legendary, is_mythical, evolves_from)
VALUES ('gothorita', 575, False, False, False, gothita);
INSERT INTO pokemon.form (name, is_default, fk_pokemon_species, height, weight, legacy_cry, latest_cry, artwork, shiny_artwork)
VALUES ('gothorita', True, 587, 7, 180, https://raw.githubusercontent.com/PokeAPI/cries/main/cries/pokemon/legacy/575.ogg, https://raw.githubusercontent.com/PokeAPI/cries/main/cries/pokemon/latest/575.ogg, https://raw.githubusercontent.com/PokeAPI/sprites/master/sprites/pokemon/other/official-artwork/575.png, https://raw.githubusercontent.com/PokeAPI/sprites/master/sprites/pokemon/other/official-artwork/shiny/575.png);
INSERT INTO pokemon.base_stats (base_hp, base_attack, base_defense, base_special_attack, base_special_defense, base_speed, fk_generation, fk_form)
VALUES (60, 45, 70, 75, 85, 55, 5, 739);
INSERT INTO pokemon.form_has_type_per_generation (fk_form, fk_type, fk_generation, is_primary)
VALUES (739, 14, 5, True);

INSERT INTO pokemon.pokemon_species (name, pokedex_index, is_baby, is_legendary, is_mythical, evolves_from)
VALUES ('gothitelle', 576, False, False, False, gothorita);
INSERT INTO pokemon.form (name, is_default, fk_pokemon_species, height, weight, legacy_cry, latest_cry, artwork, shiny_artwork)
VALUES ('gothitelle', True, 588, 15, 440, https://raw.githubusercontent.com/PokeAPI/cries/main/cries/pokemon/legacy/576.ogg, https://raw.githubusercontent.com/PokeAPI/cries/main/cries/pokemon/latest/576.ogg, https://raw.githubusercontent.com/PokeAPI/sprites/master/sprites/pokemon/other/official-artwork/576.png, https://raw.githubusercontent.com/PokeAPI/sprites/master/sprites/pokemon/other/official-artwork/shiny/576.png);
INSERT INTO pokemon.base_stats (base_hp, base_attack, base_defense, base_special_attack, base_special_defense, base_speed, fk_generation, fk_form)
VALUES (70, 55, 95, 95, 110, 65, 5, 740);
INSERT INTO pokemon.form_has_type_per_generation (fk_form, fk_type, fk_generation, is_primary)
VALUES (740, 14, 5, True);

INSERT INTO pokemon.pokemon_species (name, pokedex_index, is_baby, is_legendary, is_mythical, evolves_from)
VALUES ('duosion', 578, False, False, False, solosis);
INSERT INTO pokemon.form (name, is_default, fk_pokemon_species, height, weight, legacy_cry, latest_cry, artwork, shiny_artwork)
VALUES ('duosion', True, 589, 6, 80, https://raw.githubusercontent.com/PokeAPI/cries/main/cries/pokemon/legacy/578.ogg, https://raw.githubusercontent.com/PokeAPI/cries/main/cries/pokemon/latest/578.ogg, https://raw.githubusercontent.com/PokeAPI/sprites/master/sprites/pokemon/other/official-artwork/578.png, https://raw.githubusercontent.com/PokeAPI/sprites/master/sprites/pokemon/other/official-artwork/shiny/578.png);
INSERT INTO pokemon.base_stats (base_hp, base_attack, base_defense, base_special_attack, base_special_defense, base_speed, fk_generation, fk_form)
VALUES (65, 40, 50, 125, 60, 30, 5, 741);
INSERT INTO pokemon.form_has_type_per_generation (fk_form, fk_type, fk_generation, is_primary)
VALUES (741, 14, 5, True);

INSERT INTO pokemon.pokemon_species (name, pokedex_index, is_baby, is_legendary, is_mythical, evolves_from)
VALUES ('reuniclus', 579, False, False, False, duosion);
INSERT INTO pokemon.form (name, is_default, fk_pokemon_species, height, weight, legacy_cry, latest_cry, artwork, shiny_artwork)
VALUES ('reuniclus', True, 590, 10, 201, https://raw.githubusercontent.com/PokeAPI/cries/main/cries/pokemon/legacy/579.ogg, https://raw.githubusercontent.com/PokeAPI/cries/main/cries/pokemon/latest/579.ogg, https://raw.githubusercontent.com/PokeAPI/sprites/master/sprites/pokemon/other/official-artwork/579.png, https://raw.githubusercontent.com/PokeAPI/sprites/master/sprites/pokemon/other/official-artwork/shiny/579.png);
INSERT INTO pokemon.base_stats (base_hp, base_attack, base_defense, base_special_attack, base_special_defense, base_speed, fk_generation, fk_form)
VALUES (110, 65, 75, 125, 85, 30, 5, 742);
INSERT INTO pokemon.form_has_type_per_generation (fk_form, fk_type, fk_generation, is_primary)
VALUES (742, 14, 5, True);

INSERT INTO pokemon.pokemon_species (name, pokedex_index, is_baby, is_legendary, is_mythical, evolves_from)
VALUES ('swanna', 581, False, False, False, ducklett);
INSERT INTO pokemon.form (name, is_default, fk_pokemon_species, height, weight, legacy_cry, latest_cry, artwork, shiny_artwork)
VALUES ('swanna', True, 591, 13, 242, https://raw.githubusercontent.com/PokeAPI/cries/main/cries/pokemon/legacy/581.ogg, https://raw.githubusercontent.com/PokeAPI/cries/main/cries/pokemon/latest/581.ogg, https://raw.githubusercontent.com/PokeAPI/sprites/master/sprites/pokemon/other/official-artwork/581.png, https://raw.githubusercontent.com/PokeAPI/sprites/master/sprites/pokemon/other/official-artwork/shiny/581.png);
INSERT INTO pokemon.base_stats (base_hp, base_attack, base_defense, base_special_attack, base_special_defense, base_speed, fk_generation, fk_form)
VALUES (75, 87, 63, 87, 63, 98, 5, 743);
INSERT INTO pokemon.form_has_type_per_generation (fk_form, fk_type, fk_generation, is_primary)
VALUES (743, 11, 5, True);
INSERT INTO pokemon.form_has_type_per_generation (fk_form, fk_type, fk_generation, is_primary)
VALUES (743, 3, 5, False);

INSERT INTO pokemon.pokemon_species (name, pokedex_index, is_baby, is_legendary, is_mythical, evolves_from)
VALUES ('vanillish', 583, False, False, False, vanillite);
INSERT INTO pokemon.form (name, is_default, fk_pokemon_species, height, weight, legacy_cry, latest_cry, artwork, shiny_artwork)
VALUES ('vanillish', True, 592, 11, 410, https://raw.githubusercontent.com/PokeAPI/cries/main/cries/pokemon/legacy/583.ogg, https://raw.githubusercontent.com/PokeAPI/cries/main/cries/pokemon/latest/583.ogg, https://raw.githubusercontent.com/PokeAPI/sprites/master/sprites/pokemon/other/official-artwork/583.png, https://raw.githubusercontent.com/PokeAPI/sprites/master/sprites/pokemon/other/official-artwork/shiny/583.png);
INSERT INTO pokemon.base_stats (base_hp, base_attack, base_defense, base_special_attack, base_special_defense, base_speed, fk_generation, fk_form)
VALUES (51, 65, 65, 80, 75, 59, 5, 744);
INSERT INTO pokemon.form_has_type_per_generation (fk_form, fk_type, fk_generation, is_primary)
VALUES (744, 15, 5, True);

INSERT INTO pokemon.pokemon_species (name, pokedex_index, is_baby, is_legendary, is_mythical, evolves_from)
VALUES ('vanilluxe', 584, False, False, False, vanillish);
INSERT INTO pokemon.form (name, is_default, fk_pokemon_species, height, weight, legacy_cry, latest_cry, artwork, shiny_artwork)
VALUES ('vanilluxe', True, 593, 13, 575, https://raw.githubusercontent.com/PokeAPI/cries/main/cries/pokemon/legacy/584.ogg, https://raw.githubusercontent.com/PokeAPI/cries/main/cries/pokemon/latest/584.ogg, https://raw.githubusercontent.com/PokeAPI/sprites/master/sprites/pokemon/other/official-artwork/584.png, https://raw.githubusercontent.com/PokeAPI/sprites/master/sprites/pokemon/other/official-artwork/shiny/584.png);
INSERT INTO pokemon.base_stats (base_hp, base_attack, base_defense, base_special_attack, base_special_defense, base_speed, fk_generation, fk_form)
VALUES (71, 95, 85, 110, 95, 79, 5, 745);
INSERT INTO pokemon.form_has_type_per_generation (fk_form, fk_type, fk_generation, is_primary)
VALUES (745, 15, 5, True);

INSERT INTO pokemon.pokemon_species (name, pokedex_index, is_baby, is_legendary, is_mythical, evolves_from)
VALUES ('sawsbuck', 586, False, False, False, deerling);
INSERT INTO pokemon.form (name, is_default, fk_pokemon_species, height, weight, legacy_cry, latest_cry, artwork, shiny_artwork)
VALUES ('sawsbuck', True, 594, 19, 925, https://raw.githubusercontent.com/PokeAPI/cries/main/cries/pokemon/legacy/586.ogg, https://raw.githubusercontent.com/PokeAPI/cries/main/cries/pokemon/latest/586.ogg, https://raw.githubusercontent.com/PokeAPI/sprites/master/sprites/pokemon/other/official-artwork/586.png, https://raw.githubusercontent.com/PokeAPI/sprites/master/sprites/pokemon/other/official-artwork/shiny/586.png);
INSERT INTO pokemon.base_stats (base_hp, base_attack, base_defense, base_special_attack, base_special_defense, base_speed, fk_generation, fk_form)
VALUES (80, 100, 70, 60, 70, 95, 5, 746);
INSERT INTO pokemon.form_has_type_per_generation (fk_form, fk_type, fk_generation, is_primary)
VALUES (746, 1, 5, True);
INSERT INTO pokemon.form_has_type_per_generation (fk_form, fk_type, fk_generation, is_primary)
VALUES (746, 12, 5, False);

INSERT INTO pokemon.pokemon_species (name, pokedex_index, is_baby, is_legendary, is_mythical, evolves_from)
VALUES ('escavalier', 589, False, False, False, karrablast);
INSERT INTO pokemon.form (name, is_default, fk_pokemon_species, height, weight, legacy_cry, latest_cry, artwork, shiny_artwork)
VALUES ('escavalier', True, 595, 10, 330, https://raw.githubusercontent.com/PokeAPI/cries/main/cries/pokemon/legacy/589.ogg, https://raw.githubusercontent.com/PokeAPI/cries/main/cries/pokemon/latest/589.ogg, https://raw.githubusercontent.com/PokeAPI/sprites/master/sprites/pokemon/other/official-artwork/589.png, https://raw.githubusercontent.com/PokeAPI/sprites/master/sprites/pokemon/other/official-artwork/shiny/589.png);
INSERT INTO pokemon.base_stats (base_hp, base_attack, base_defense, base_special_attack, base_special_defense, base_speed, fk_generation, fk_form)
VALUES (70, 135, 105, 60, 105, 20, 5, 747);
INSERT INTO pokemon.form_has_type_per_generation (fk_form, fk_type, fk_generation, is_primary)
VALUES (747, 7, 5, True);
INSERT INTO pokemon.form_has_type_per_generation (fk_form, fk_type, fk_generation, is_primary)
VALUES (747, 9, 5, False);

INSERT INTO pokemon.pokemon_species (name, pokedex_index, is_baby, is_legendary, is_mythical, evolves_from)
VALUES ('amoonguss', 591, False, False, False, foongus);
INSERT INTO pokemon.form (name, is_default, fk_pokemon_species, height, weight, legacy_cry, latest_cry, artwork, shiny_artwork)
VALUES ('amoonguss', True, 596, 6, 105, https://raw.githubusercontent.com/PokeAPI/cries/main/cries/pokemon/legacy/591.ogg, https://raw.githubusercontent.com/PokeAPI/cries/main/cries/pokemon/latest/591.ogg, https://raw.githubusercontent.com/PokeAPI/sprites/master/sprites/pokemon/other/official-artwork/591.png, https://raw.githubusercontent.com/PokeAPI/sprites/master/sprites/pokemon/other/official-artwork/shiny/591.png);
INSERT INTO pokemon.base_stats (base_hp, base_attack, base_defense, base_special_attack, base_special_defense, base_speed, fk_generation, fk_form)
VALUES (114, 85, 70, 85, 80, 30, 5, 748);
INSERT INTO pokemon.form_has_type_per_generation (fk_form, fk_type, fk_generation, is_primary)
VALUES (748, 12, 5, True);
INSERT INTO pokemon.form_has_type_per_generation (fk_form, fk_type, fk_generation, is_primary)
VALUES (748, 4, 5, False);

INSERT INTO pokemon.pokemon_species (name, pokedex_index, is_baby, is_legendary, is_mythical, evolves_from)
VALUES ('jellicent', 593, False, False, False, frillish);
INSERT INTO pokemon.form (name, is_default, fk_pokemon_species, height, weight, legacy_cry, latest_cry, artwork, shiny_artwork)
VALUES ('jellicent', True, 597, 22, 1350, https://raw.githubusercontent.com/PokeAPI/cries/main/cries/pokemon/legacy/593.ogg, https://raw.githubusercontent.com/PokeAPI/cries/main/cries/pokemon/latest/593.ogg, https://raw.githubusercontent.com/PokeAPI/sprites/master/sprites/pokemon/other/official-artwork/593.png, https://raw.githubusercontent.com/PokeAPI/sprites/master/sprites/pokemon/other/official-artwork/shiny/593.png);
INSERT INTO pokemon.base_stats (base_hp, base_attack, base_defense, base_special_attack, base_special_defense, base_speed, fk_generation, fk_form)
VALUES (100, 60, 70, 85, 105, 60, 5, 749);
INSERT INTO pokemon.form_has_type_per_generation (fk_form, fk_type, fk_generation, is_primary)
VALUES (749, 11, 5, True);
INSERT INTO pokemon.form_has_type_per_generation (fk_form, fk_type, fk_generation, is_primary)
VALUES (749, 8, 5, False);

INSERT INTO pokemon.pokemon_species (name, pokedex_index, is_baby, is_legendary, is_mythical, evolves_from)
VALUES ('galvantula', 596, False, False, False, joltik);
INSERT INTO pokemon.form (name, is_default, fk_pokemon_species, height, weight, legacy_cry, latest_cry, artwork, shiny_artwork)
VALUES ('galvantula', True, 598, 8, 143, https://raw.githubusercontent.com/PokeAPI/cries/main/cries/pokemon/legacy/596.ogg, https://raw.githubusercontent.com/PokeAPI/cries/main/cries/pokemon/latest/596.ogg, https://raw.githubusercontent.com/PokeAPI/sprites/master/sprites/pokemon/other/official-artwork/596.png, https://raw.githubusercontent.com/PokeAPI/sprites/master/sprites/pokemon/other/official-artwork/shiny/596.png);
INSERT INTO pokemon.base_stats (base_hp, base_attack, base_defense, base_special_attack, base_special_defense, base_speed, fk_generation, fk_form)
VALUES (70, 77, 60, 97, 60, 108, 5, 750);
INSERT INTO pokemon.form_has_type_per_generation (fk_form, fk_type, fk_generation, is_primary)
VALUES (750, 7, 5, True);
INSERT INTO pokemon.form_has_type_per_generation (fk_form, fk_type, fk_generation, is_primary)
VALUES (750, 13, 5, False);

INSERT INTO pokemon.pokemon_species (name, pokedex_index, is_baby, is_legendary, is_mythical, evolves_from)
VALUES ('ferrothorn', 598, False, False, False, ferroseed);
INSERT INTO pokemon.form (name, is_default, fk_pokemon_species, height, weight, legacy_cry, latest_cry, artwork, shiny_artwork)
VALUES ('ferrothorn', True, 599, 10, 1100, https://raw.githubusercontent.com/PokeAPI/cries/main/cries/pokemon/legacy/598.ogg, https://raw.githubusercontent.com/PokeAPI/cries/main/cries/pokemon/latest/598.ogg, https://raw.githubusercontent.com/PokeAPI/sprites/master/sprites/pokemon/other/official-artwork/598.png, https://raw.githubusercontent.com/PokeAPI/sprites/master/sprites/pokemon/other/official-artwork/shiny/598.png);
INSERT INTO pokemon.base_stats (base_hp, base_attack, base_defense, base_special_attack, base_special_defense, base_speed, fk_generation, fk_form)
VALUES (74, 94, 131, 54, 116, 20, 5, 751);
INSERT INTO pokemon.form_has_type_per_generation (fk_form, fk_type, fk_generation, is_primary)
VALUES (751, 12, 5, True);
INSERT INTO pokemon.form_has_type_per_generation (fk_form, fk_type, fk_generation, is_primary)
VALUES (751, 9, 5, False);

INSERT INTO pokemon.pokemon_species (name, pokedex_index, is_baby, is_legendary, is_mythical, evolves_from)
VALUES ('klang', 600, False, False, False, klink);
INSERT INTO pokemon.form (name, is_default, fk_pokemon_species, height, weight, legacy_cry, latest_cry, artwork, shiny_artwork)
VALUES ('klang', True, 600, 6, 510, https://raw.githubusercontent.com/PokeAPI/cries/main/cries/pokemon/legacy/600.ogg, https://raw.githubusercontent.com/PokeAPI/cries/main/cries/pokemon/latest/600.ogg, https://raw.githubusercontent.com/PokeAPI/sprites/master/sprites/pokemon/other/official-artwork/600.png, https://raw.githubusercontent.com/PokeAPI/sprites/master/sprites/pokemon/other/official-artwork/shiny/600.png);
INSERT INTO pokemon.base_stats (base_hp, base_attack, base_defense, base_special_attack, base_special_defense, base_speed, fk_generation, fk_form)
VALUES (60, 80, 95, 70, 85, 50, 5, 752);
INSERT INTO pokemon.form_has_type_per_generation (fk_form, fk_type, fk_generation, is_primary)
VALUES (752, 9, 5, True);

INSERT INTO pokemon.pokemon_species (name, pokedex_index, is_baby, is_legendary, is_mythical, evolves_from)
VALUES ('eelektrik', 603, False, False, False, tynamo);
INSERT INTO pokemon.form (name, is_default, fk_pokemon_species, height, weight, legacy_cry, latest_cry, artwork, shiny_artwork)
VALUES ('eelektrik', True, 601, 12, 220, https://raw.githubusercontent.com/PokeAPI/cries/main/cries/pokemon/legacy/603.ogg, https://raw.githubusercontent.com/PokeAPI/cries/main/cries/pokemon/latest/603.ogg, https://raw.githubusercontent.com/PokeAPI/sprites/master/sprites/pokemon/other/official-artwork/603.png, https://raw.githubusercontent.com/PokeAPI/sprites/master/sprites/pokemon/other/official-artwork/shiny/603.png);
INSERT INTO pokemon.base_stats (base_hp, base_attack, base_defense, base_special_attack, base_special_defense, base_speed, fk_generation, fk_form)
VALUES (65, 85, 70, 75, 70, 40, 5, 753);
INSERT INTO pokemon.form_has_type_per_generation (fk_form, fk_type, fk_generation, is_primary)
VALUES (753, 13, 5, True);

INSERT INTO pokemon.pokemon_species (name, pokedex_index, is_baby, is_legendary, is_mythical, evolves_from)
VALUES ('eelektross', 604, False, False, False, eelektrik);
INSERT INTO pokemon.form (name, is_default, fk_pokemon_species, height, weight, legacy_cry, latest_cry, artwork, shiny_artwork)
VALUES ('eelektross', True, 602, 21, 805, https://raw.githubusercontent.com/PokeAPI/cries/main/cries/pokemon/legacy/604.ogg, https://raw.githubusercontent.com/PokeAPI/cries/main/cries/pokemon/latest/604.ogg, https://raw.githubusercontent.com/PokeAPI/sprites/master/sprites/pokemon/other/official-artwork/604.png, https://raw.githubusercontent.com/PokeAPI/sprites/master/sprites/pokemon/other/official-artwork/shiny/604.png);
INSERT INTO pokemon.base_stats (base_hp, base_attack, base_defense, base_special_attack, base_special_defense, base_speed, fk_generation, fk_form)
VALUES (85, 115, 80, 105, 80, 50, 5, 754);
INSERT INTO pokemon.form_has_type_per_generation (fk_form, fk_type, fk_generation, is_primary)
VALUES (754, 13, 5, True);

INSERT INTO pokemon.pokemon_species (name, pokedex_index, is_baby, is_legendary, is_mythical, evolves_from)
VALUES ('beheeyem', 606, False, False, False, elgyem);
INSERT INTO pokemon.form (name, is_default, fk_pokemon_species, height, weight, legacy_cry, latest_cry, artwork, shiny_artwork)
VALUES ('beheeyem', True, 603, 10, 345, https://raw.githubusercontent.com/PokeAPI/cries/main/cries/pokemon/legacy/606.ogg, https://raw.githubusercontent.com/PokeAPI/cries/main/cries/pokemon/latest/606.ogg, https://raw.githubusercontent.com/PokeAPI/sprites/master/sprites/pokemon/other/official-artwork/606.png, https://raw.githubusercontent.com/PokeAPI/sprites/master/sprites/pokemon/other/official-artwork/shiny/606.png);
INSERT INTO pokemon.base_stats (base_hp, base_attack, base_defense, base_special_attack, base_special_defense, base_speed, fk_generation, fk_form)
VALUES (75, 75, 75, 125, 95, 40, 5, 755);
INSERT INTO pokemon.form_has_type_per_generation (fk_form, fk_type, fk_generation, is_primary)
VALUES (755, 14, 5, True);

INSERT INTO pokemon.pokemon_species (name, pokedex_index, is_baby, is_legendary, is_mythical, evolves_from)
VALUES ('lampent', 608, False, False, False, litwick);
INSERT INTO pokemon.form (name, is_default, fk_pokemon_species, height, weight, legacy_cry, latest_cry, artwork, shiny_artwork)
VALUES ('lampent', True, 604, 6, 130, https://raw.githubusercontent.com/PokeAPI/cries/main/cries/pokemon/legacy/608.ogg, https://raw.githubusercontent.com/PokeAPI/cries/main/cries/pokemon/latest/608.ogg, https://raw.githubusercontent.com/PokeAPI/sprites/master/sprites/pokemon/other/official-artwork/608.png, https://raw.githubusercontent.com/PokeAPI/sprites/master/sprites/pokemon/other/official-artwork/shiny/608.png);
INSERT INTO pokemon.base_stats (base_hp, base_attack, base_defense, base_special_attack, base_special_defense, base_speed, fk_generation, fk_form)
VALUES (60, 40, 60, 95, 60, 55, 5, 756);
INSERT INTO pokemon.form_has_type_per_generation (fk_form, fk_type, fk_generation, is_primary)
VALUES (756, 8, 5, True);
INSERT INTO pokemon.form_has_type_per_generation (fk_form, fk_type, fk_generation, is_primary)
VALUES (756, 10, 5, False);

INSERT INTO pokemon.pokemon_species (name, pokedex_index, is_baby, is_legendary, is_mythical, evolves_from)
VALUES ('axew', 610, False, False, False, None);
INSERT INTO pokemon.form (name, is_default, fk_pokemon_species, height, weight, legacy_cry, latest_cry, artwork, shiny_artwork)
VALUES ('axew', True, 605, 6, 180, https://raw.githubusercontent.com/PokeAPI/cries/main/cries/pokemon/legacy/610.ogg, https://raw.githubusercontent.com/PokeAPI/cries/main/cries/pokemon/latest/610.ogg, https://raw.githubusercontent.com/PokeAPI/sprites/master/sprites/pokemon/other/official-artwork/610.png, https://raw.githubusercontent.com/PokeAPI/sprites/master/sprites/pokemon/other/official-artwork/shiny/610.png);
INSERT INTO pokemon.base_stats (base_hp, base_attack, base_defense, base_special_attack, base_special_defense, base_speed, fk_generation, fk_form)
VALUES (46, 87, 60, 30, 40, 57, 5, 757);
INSERT INTO pokemon.form_has_type_per_generation (fk_form, fk_type, fk_generation, is_primary)
VALUES (757, 16, 5, True);

INSERT INTO pokemon.pokemon_species (name, pokedex_index, is_baby, is_legendary, is_mythical, evolves_from)
VALUES ('cubchoo', 613, False, False, False, None);
INSERT INTO pokemon.form (name, is_default, fk_pokemon_species, height, weight, legacy_cry, latest_cry, artwork, shiny_artwork)
VALUES ('cubchoo', True, 606, 5, 85, https://raw.githubusercontent.com/PokeAPI/cries/main/cries/pokemon/legacy/613.ogg, https://raw.githubusercontent.com/PokeAPI/cries/main/cries/pokemon/latest/613.ogg, https://raw.githubusercontent.com/PokeAPI/sprites/master/sprites/pokemon/other/official-artwork/613.png, https://raw.githubusercontent.com/PokeAPI/sprites/master/sprites/pokemon/other/official-artwork/shiny/613.png);
INSERT INTO pokemon.base_stats (base_hp, base_attack, base_defense, base_special_attack, base_special_defense, base_speed, fk_generation, fk_form)
VALUES (55, 70, 40, 60, 40, 40, 5, 758);
INSERT INTO pokemon.form_has_type_per_generation (fk_form, fk_type, fk_generation, is_primary)
VALUES (758, 15, 5, True);

INSERT INTO pokemon.pokemon_species (name, pokedex_index, is_baby, is_legendary, is_mythical, evolves_from)
VALUES ('cryogonal', 615, False, False, False, None);
INSERT INTO pokemon.form (name, is_default, fk_pokemon_species, height, weight, legacy_cry, latest_cry, artwork, shiny_artwork)
VALUES ('cryogonal', True, 607, 11, 1480, https://raw.githubusercontent.com/PokeAPI/cries/main/cries/pokemon/legacy/615.ogg, https://raw.githubusercontent.com/PokeAPI/cries/main/cries/pokemon/latest/615.ogg, https://raw.githubusercontent.com/PokeAPI/sprites/master/sprites/pokemon/other/official-artwork/615.png, https://raw.githubusercontent.com/PokeAPI/sprites/master/sprites/pokemon/other/official-artwork/shiny/615.png);
INSERT INTO pokemon.base_stats (base_hp, base_attack, base_defense, base_special_attack, base_special_defense, base_speed, fk_generation, fk_form)
VALUES (80, 50, 50, 95, 135, 105, 5, 759);
INSERT INTO pokemon.form_has_type_per_generation (fk_form, fk_type, fk_generation, is_primary)
VALUES (759, 15, 5, True);

INSERT INTO pokemon.pokemon_species (name, pokedex_index, is_baby, is_legendary, is_mythical, evolves_from)
VALUES ('shelmet', 616, False, False, False, None);
INSERT INTO pokemon.form (name, is_default, fk_pokemon_species, height, weight, legacy_cry, latest_cry, artwork, shiny_artwork)
VALUES ('shelmet', True, 608, 4, 77, https://raw.githubusercontent.com/PokeAPI/cries/main/cries/pokemon/legacy/616.ogg, https://raw.githubusercontent.com/PokeAPI/cries/main/cries/pokemon/latest/616.ogg, https://raw.githubusercontent.com/PokeAPI/sprites/master/sprites/pokemon/other/official-artwork/616.png, https://raw.githubusercontent.com/PokeAPI/sprites/master/sprites/pokemon/other/official-artwork/shiny/616.png);
INSERT INTO pokemon.base_stats (base_hp, base_attack, base_defense, base_special_attack, base_special_defense, base_speed, fk_generation, fk_form)
VALUES (50, 40, 85, 40, 65, 25, 5, 760);
INSERT INTO pokemon.form_has_type_per_generation (fk_form, fk_type, fk_generation, is_primary)
VALUES (760, 7, 5, True);

INSERT INTO pokemon.pokemon_species (name, pokedex_index, is_baby, is_legendary, is_mythical, evolves_from)
VALUES ('stunfisk', 618, False, False, False, None);
INSERT INTO pokemon.form (name, is_default, fk_pokemon_species, height, weight, legacy_cry, latest_cry, artwork, shiny_artwork)
VALUES ('stunfisk', True, 609, 7, 110, https://raw.githubusercontent.com/PokeAPI/cries/main/cries/pokemon/legacy/618.ogg, https://raw.githubusercontent.com/PokeAPI/cries/main/cries/pokemon/latest/618.ogg, https://raw.githubusercontent.com/PokeAPI/sprites/master/sprites/pokemon/other/official-artwork/618.png, https://raw.githubusercontent.com/PokeAPI/sprites/master/sprites/pokemon/other/official-artwork/shiny/618.png);
INSERT INTO pokemon.base_stats (base_hp, base_attack, base_defense, base_special_attack, base_special_defense, base_speed, fk_generation, fk_form)
VALUES (109, 66, 84, 81, 99, 32, 5, 761);
INSERT INTO pokemon.form_has_type_per_generation (fk_form, fk_type, fk_generation, is_primary)
VALUES (761, 5, 5, True);
INSERT INTO pokemon.form_has_type_per_generation (fk_form, fk_type, fk_generation, is_primary)
VALUES (761, 13, 5, False);

INSERT INTO pokemon.form (name, is_default, fk_pokemon_species, height, weight, legacy_cry, latest_cry, artwork, shiny_artwork)
VALUES ('stunfisk-galar', False, 609, 7, 205, None, https://raw.githubusercontent.com/PokeAPI/cries/main/cries/pokemon/latest/10180.ogg, https://raw.githubusercontent.com/PokeAPI/sprites/master/sprites/pokemon/other/official-artwork/10180.png, https://raw.githubusercontent.com/PokeAPI/sprites/master/sprites/pokemon/other/official-artwork/shiny/10180.png);
INSERT INTO pokemon.base_stats (base_hp, base_attack, base_defense, base_special_attack, base_special_defense, base_speed, fk_generation, fk_form)
VALUES (109, 81, 99, 66, 84, 32, 8, 762);
INSERT INTO pokemon.form_has_type_per_generation (fk_form, fk_type, fk_generation, is_primary)
VALUES (762, 5, 8, True);
INSERT INTO pokemon.form_has_type_per_generation (fk_form, fk_type, fk_generation, is_primary)
VALUES (762, 9, 8, False);

INSERT INTO pokemon.pokemon_species (name, pokedex_index, is_baby, is_legendary, is_mythical, evolves_from)
VALUES ('mienfoo', 619, False, False, False, None);
INSERT INTO pokemon.form (name, is_default, fk_pokemon_species, height, weight, legacy_cry, latest_cry, artwork, shiny_artwork)
VALUES ('mienfoo', True, 610, 9, 200, https://raw.githubusercontent.com/PokeAPI/cries/main/cries/pokemon/legacy/619.ogg, https://raw.githubusercontent.com/PokeAPI/cries/main/cries/pokemon/latest/619.ogg, https://raw.githubusercontent.com/PokeAPI/sprites/master/sprites/pokemon/other/official-artwork/619.png, https://raw.githubusercontent.com/PokeAPI/sprites/master/sprites/pokemon/other/official-artwork/shiny/619.png);
INSERT INTO pokemon.base_stats (base_hp, base_attack, base_defense, base_special_attack, base_special_defense, base_speed, fk_generation, fk_form)
VALUES (45, 85, 50, 55, 50, 65, 5, 763);
INSERT INTO pokemon.form_has_type_per_generation (fk_form, fk_type, fk_generation, is_primary)
VALUES (763, 2, 5, True);

INSERT INTO pokemon.pokemon_species (name, pokedex_index, is_baby, is_legendary, is_mythical, evolves_from)
VALUES ('druddigon', 621, False, False, False, None);
INSERT INTO pokemon.form (name, is_default, fk_pokemon_species, height, weight, legacy_cry, latest_cry, artwork, shiny_artwork)
VALUES ('druddigon', True, 611, 16, 1390, https://raw.githubusercontent.com/PokeAPI/cries/main/cries/pokemon/legacy/621.ogg, https://raw.githubusercontent.com/PokeAPI/cries/main/cries/pokemon/latest/621.ogg, https://raw.githubusercontent.com/PokeAPI/sprites/master/sprites/pokemon/other/official-artwork/621.png, https://raw.githubusercontent.com/PokeAPI/sprites/master/sprites/pokemon/other/official-artwork/shiny/621.png);
INSERT INTO pokemon.base_stats (base_hp, base_attack, base_defense, base_special_attack, base_special_defense, base_speed, fk_generation, fk_form)
VALUES (77, 120, 90, 60, 90, 48, 5, 764);
INSERT INTO pokemon.form_has_type_per_generation (fk_form, fk_type, fk_generation, is_primary)
VALUES (764, 16, 5, True);

INSERT INTO pokemon.pokemon_species (name, pokedex_index, is_baby, is_legendary, is_mythical, evolves_from)
VALUES ('golett', 622, False, False, False, None);
INSERT INTO pokemon.form (name, is_default, fk_pokemon_species, height, weight, legacy_cry, latest_cry, artwork, shiny_artwork)
VALUES ('golett', True, 612, 10, 920, https://raw.githubusercontent.com/PokeAPI/cries/main/cries/pokemon/legacy/622.ogg, https://raw.githubusercontent.com/PokeAPI/cries/main/cries/pokemon/latest/622.ogg, https://raw.githubusercontent.com/PokeAPI/sprites/master/sprites/pokemon/other/official-artwork/622.png, https://raw.githubusercontent.com/PokeAPI/sprites/master/sprites/pokemon/other/official-artwork/shiny/622.png);
INSERT INTO pokemon.base_stats (base_hp, base_attack, base_defense, base_special_attack, base_special_defense, base_speed, fk_generation, fk_form)
VALUES (59, 74, 50, 35, 50, 35, 5, 765);
INSERT INTO pokemon.form_has_type_per_generation (fk_form, fk_type, fk_generation, is_primary)
VALUES (765, 5, 5, True);
INSERT INTO pokemon.form_has_type_per_generation (fk_form, fk_type, fk_generation, is_primary)
VALUES (765, 8, 5, False);

INSERT INTO pokemon.pokemon_species (name, pokedex_index, is_baby, is_legendary, is_mythical, evolves_from)
VALUES ('pawniard', 624, False, False, False, None);
INSERT INTO pokemon.form (name, is_default, fk_pokemon_species, height, weight, legacy_cry, latest_cry, artwork, shiny_artwork)
VALUES ('pawniard', True, 613, 5, 102, https://raw.githubusercontent.com/PokeAPI/cries/main/cries/pokemon/legacy/624.ogg, https://raw.githubusercontent.com/PokeAPI/cries/main/cries/pokemon/latest/624.ogg, https://raw.githubusercontent.com/PokeAPI/sprites/master/sprites/pokemon/other/official-artwork/624.png, https://raw.githubusercontent.com/PokeAPI/sprites/master/sprites/pokemon/other/official-artwork/shiny/624.png);
INSERT INTO pokemon.base_stats (base_hp, base_attack, base_defense, base_special_attack, base_special_defense, base_speed, fk_generation, fk_form)
VALUES (45, 85, 70, 40, 40, 60, 5, 766);
INSERT INTO pokemon.form_has_type_per_generation (fk_form, fk_type, fk_generation, is_primary)
VALUES (766, 17, 5, True);
INSERT INTO pokemon.form_has_type_per_generation (fk_form, fk_type, fk_generation, is_primary)
VALUES (766, 9, 5, False);

INSERT INTO pokemon.pokemon_species (name, pokedex_index, is_baby, is_legendary, is_mythical, evolves_from)
VALUES ('bouffalant', 626, False, False, False, None);
INSERT INTO pokemon.form (name, is_default, fk_pokemon_species, height, weight, legacy_cry, latest_cry, artwork, shiny_artwork)
VALUES ('bouffalant', True, 614, 16, 946, https://raw.githubusercontent.com/PokeAPI/cries/main/cries/pokemon/legacy/626.ogg, https://raw.githubusercontent.com/PokeAPI/cries/main/cries/pokemon/latest/626.ogg, https://raw.githubusercontent.com/PokeAPI/sprites/master/sprites/pokemon/other/official-artwork/626.png, https://raw.githubusercontent.com/PokeAPI/sprites/master/sprites/pokemon/other/official-artwork/shiny/626.png);
INSERT INTO pokemon.base_stats (base_hp, base_attack, base_defense, base_special_attack, base_special_defense, base_speed, fk_generation, fk_form)
VALUES (95, 110, 95, 40, 95, 55, 5, 767);
INSERT INTO pokemon.form_has_type_per_generation (fk_form, fk_type, fk_generation, is_primary)
VALUES (767, 1, 5, True);

INSERT INTO pokemon.pokemon_species (name, pokedex_index, is_baby, is_legendary, is_mythical, evolves_from)
VALUES ('rufflet', 627, False, False, False, None);
INSERT INTO pokemon.form (name, is_default, fk_pokemon_species, height, weight, legacy_cry, latest_cry, artwork, shiny_artwork)
VALUES ('rufflet', True, 615, 5, 105, https://raw.githubusercontent.com/PokeAPI/cries/main/cries/pokemon/legacy/627.ogg, https://raw.githubusercontent.com/PokeAPI/cries/main/cries/pokemon/latest/627.ogg, https://raw.githubusercontent.com/PokeAPI/sprites/master/sprites/pokemon/other/official-artwork/627.png, https://raw.githubusercontent.com/PokeAPI/sprites/master/sprites/pokemon/other/official-artwork/shiny/627.png);
INSERT INTO pokemon.base_stats (base_hp, base_attack, base_defense, base_special_attack, base_special_defense, base_speed, fk_generation, fk_form)
VALUES (70, 83, 50, 37, 50, 60, 5, 768);
INSERT INTO pokemon.form_has_type_per_generation (fk_form, fk_type, fk_generation, is_primary)
VALUES (768, 1, 5, True);
INSERT INTO pokemon.form_has_type_per_generation (fk_form, fk_type, fk_generation, is_primary)
VALUES (768, 3, 5, False);

INSERT INTO pokemon.pokemon_species (name, pokedex_index, is_baby, is_legendary, is_mythical, evolves_from)
VALUES ('vullaby', 629, False, False, False, None);
INSERT INTO pokemon.form (name, is_default, fk_pokemon_species, height, weight, legacy_cry, latest_cry, artwork, shiny_artwork)
VALUES ('vullaby', True, 616, 5, 90, https://raw.githubusercontent.com/PokeAPI/cries/main/cries/pokemon/legacy/629.ogg, https://raw.githubusercontent.com/PokeAPI/cries/main/cries/pokemon/latest/629.ogg, https://raw.githubusercontent.com/PokeAPI/sprites/master/sprites/pokemon/other/official-artwork/629.png, https://raw.githubusercontent.com/PokeAPI/sprites/master/sprites/pokemon/other/official-artwork/shiny/629.png);
INSERT INTO pokemon.base_stats (base_hp, base_attack, base_defense, base_special_attack, base_special_defense, base_speed, fk_generation, fk_form)
VALUES (70, 55, 75, 45, 65, 60, 5, 769);
INSERT INTO pokemon.form_has_type_per_generation (fk_form, fk_type, fk_generation, is_primary)
VALUES (769, 17, 5, True);
INSERT INTO pokemon.form_has_type_per_generation (fk_form, fk_type, fk_generation, is_primary)
VALUES (769, 3, 5, False);

INSERT INTO pokemon.pokemon_species (name, pokedex_index, is_baby, is_legendary, is_mythical, evolves_from)
VALUES ('heatmor', 631, False, False, False, None);
INSERT INTO pokemon.form (name, is_default, fk_pokemon_species, height, weight, legacy_cry, latest_cry, artwork, shiny_artwork)
VALUES ('heatmor', True, 617, 14, 580, https://raw.githubusercontent.com/PokeAPI/cries/main/cries/pokemon/legacy/631.ogg, https://raw.githubusercontent.com/PokeAPI/cries/main/cries/pokemon/latest/631.ogg, https://raw.githubusercontent.com/PokeAPI/sprites/master/sprites/pokemon/other/official-artwork/631.png, https://raw.githubusercontent.com/PokeAPI/sprites/master/sprites/pokemon/other/official-artwork/shiny/631.png);
INSERT INTO pokemon.base_stats (base_hp, base_attack, base_defense, base_special_attack, base_special_defense, base_speed, fk_generation, fk_form)
VALUES (85, 97, 66, 105, 66, 65, 5, 770);
INSERT INTO pokemon.form_has_type_per_generation (fk_form, fk_type, fk_generation, is_primary)
VALUES (770, 10, 5, True);

INSERT INTO pokemon.pokemon_species (name, pokedex_index, is_baby, is_legendary, is_mythical, evolves_from)
VALUES ('durant', 632, False, False, False, None);
INSERT INTO pokemon.form (name, is_default, fk_pokemon_species, height, weight, legacy_cry, latest_cry, artwork, shiny_artwork)
VALUES ('durant', True, 618, 3, 330, https://raw.githubusercontent.com/PokeAPI/cries/main/cries/pokemon/legacy/632.ogg, https://raw.githubusercontent.com/PokeAPI/cries/main/cries/pokemon/latest/632.ogg, https://raw.githubusercontent.com/PokeAPI/sprites/master/sprites/pokemon/other/official-artwork/632.png, https://raw.githubusercontent.com/PokeAPI/sprites/master/sprites/pokemon/other/official-artwork/shiny/632.png);
INSERT INTO pokemon.base_stats (base_hp, base_attack, base_defense, base_special_attack, base_special_defense, base_speed, fk_generation, fk_form)
VALUES (58, 109, 112, 48, 48, 109, 5, 771);
INSERT INTO pokemon.form_has_type_per_generation (fk_form, fk_type, fk_generation, is_primary)
VALUES (771, 7, 5, True);
INSERT INTO pokemon.form_has_type_per_generation (fk_form, fk_type, fk_generation, is_primary)
VALUES (771, 9, 5, False);

INSERT INTO pokemon.pokemon_species (name, pokedex_index, is_baby, is_legendary, is_mythical, evolves_from)
VALUES ('deino', 633, False, False, False, None);
INSERT INTO pokemon.form (name, is_default, fk_pokemon_species, height, weight, legacy_cry, latest_cry, artwork, shiny_artwork)
VALUES ('deino', True, 619, 8, 173, https://raw.githubusercontent.com/PokeAPI/cries/main/cries/pokemon/legacy/633.ogg, https://raw.githubusercontent.com/PokeAPI/cries/main/cries/pokemon/latest/633.ogg, https://raw.githubusercontent.com/PokeAPI/sprites/master/sprites/pokemon/other/official-artwork/633.png, https://raw.githubusercontent.com/PokeAPI/sprites/master/sprites/pokemon/other/official-artwork/shiny/633.png);
INSERT INTO pokemon.base_stats (base_hp, base_attack, base_defense, base_special_attack, base_special_defense, base_speed, fk_generation, fk_form)
VALUES (52, 65, 50, 45, 50, 38, 5, 772);
INSERT INTO pokemon.form_has_type_per_generation (fk_form, fk_type, fk_generation, is_primary)
VALUES (772, 17, 5, True);
INSERT INTO pokemon.form_has_type_per_generation (fk_form, fk_type, fk_generation, is_primary)
VALUES (772, 16, 5, False);

INSERT INTO pokemon.pokemon_species (name, pokedex_index, is_baby, is_legendary, is_mythical, evolves_from)
VALUES ('larvesta', 636, False, False, False, None);
INSERT INTO pokemon.form (name, is_default, fk_pokemon_species, height, weight, legacy_cry, latest_cry, artwork, shiny_artwork)
VALUES ('larvesta', True, 620, 11, 288, https://raw.githubusercontent.com/PokeAPI/cries/main/cries/pokemon/legacy/636.ogg, https://raw.githubusercontent.com/PokeAPI/cries/main/cries/pokemon/latest/636.ogg, https://raw.githubusercontent.com/PokeAPI/sprites/master/sprites/pokemon/other/official-artwork/636.png, https://raw.githubusercontent.com/PokeAPI/sprites/master/sprites/pokemon/other/official-artwork/shiny/636.png);
INSERT INTO pokemon.base_stats (base_hp, base_attack, base_defense, base_special_attack, base_special_defense, base_speed, fk_generation, fk_form)
VALUES (55, 85, 55, 50, 55, 60, 5, 773);
INSERT INTO pokemon.form_has_type_per_generation (fk_form, fk_type, fk_generation, is_primary)
VALUES (773, 7, 5, True);
INSERT INTO pokemon.form_has_type_per_generation (fk_form, fk_type, fk_generation, is_primary)
VALUES (773, 10, 5, False);

INSERT INTO pokemon.pokemon_species (name, pokedex_index, is_baby, is_legendary, is_mythical, evolves_from)
VALUES ('cobalion', 638, False, True, False, None);
INSERT INTO pokemon.form (name, is_default, fk_pokemon_species, height, weight, legacy_cry, latest_cry, artwork, shiny_artwork)
VALUES ('cobalion', True, 621, 21, 2500, https://raw.githubusercontent.com/PokeAPI/cries/main/cries/pokemon/legacy/638.ogg, https://raw.githubusercontent.com/PokeAPI/cries/main/cries/pokemon/latest/638.ogg, https://raw.githubusercontent.com/PokeAPI/sprites/master/sprites/pokemon/other/official-artwork/638.png, https://raw.githubusercontent.com/PokeAPI/sprites/master/sprites/pokemon/other/official-artwork/shiny/638.png);
INSERT INTO pokemon.base_stats (base_hp, base_attack, base_defense, base_special_attack, base_special_defense, base_speed, fk_generation, fk_form)
VALUES (91, 90, 129, 90, 72, 108, 5, 774);
INSERT INTO pokemon.form_has_type_per_generation (fk_form, fk_type, fk_generation, is_primary)
VALUES (774, 9, 5, True);
INSERT INTO pokemon.form_has_type_per_generation (fk_form, fk_type, fk_generation, is_primary)
VALUES (774, 2, 5, False);

INSERT INTO pokemon.pokemon_species (name, pokedex_index, is_baby, is_legendary, is_mythical, evolves_from)
VALUES ('terrakion', 639, False, True, False, None);
INSERT INTO pokemon.form (name, is_default, fk_pokemon_species, height, weight, legacy_cry, latest_cry, artwork, shiny_artwork)
VALUES ('terrakion', True, 622, 19, 2600, https://raw.githubusercontent.com/PokeAPI/cries/main/cries/pokemon/legacy/639.ogg, https://raw.githubusercontent.com/PokeAPI/cries/main/cries/pokemon/latest/639.ogg, https://raw.githubusercontent.com/PokeAPI/sprites/master/sprites/pokemon/other/official-artwork/639.png, https://raw.githubusercontent.com/PokeAPI/sprites/master/sprites/pokemon/other/official-artwork/shiny/639.png);
INSERT INTO pokemon.base_stats (base_hp, base_attack, base_defense, base_special_attack, base_special_defense, base_speed, fk_generation, fk_form)
VALUES (91, 129, 90, 72, 90, 108, 5, 775);
INSERT INTO pokemon.form_has_type_per_generation (fk_form, fk_type, fk_generation, is_primary)
VALUES (775, 6, 5, True);
INSERT INTO pokemon.form_has_type_per_generation (fk_form, fk_type, fk_generation, is_primary)
VALUES (775, 2, 5, False);

INSERT INTO pokemon.pokemon_species (name, pokedex_index, is_baby, is_legendary, is_mythical, evolves_from)
VALUES ('virizion', 640, False, True, False, None);
INSERT INTO pokemon.form (name, is_default, fk_pokemon_species, height, weight, legacy_cry, latest_cry, artwork, shiny_artwork)
VALUES ('virizion', True, 623, 20, 2000, https://raw.githubusercontent.com/PokeAPI/cries/main/cries/pokemon/legacy/640.ogg, https://raw.githubusercontent.com/PokeAPI/cries/main/cries/pokemon/latest/640.ogg, https://raw.githubusercontent.com/PokeAPI/sprites/master/sprites/pokemon/other/official-artwork/640.png, https://raw.githubusercontent.com/PokeAPI/sprites/master/sprites/pokemon/other/official-artwork/shiny/640.png);
INSERT INTO pokemon.base_stats (base_hp, base_attack, base_defense, base_special_attack, base_special_defense, base_speed, fk_generation, fk_form)
VALUES (91, 90, 72, 90, 129, 108, 5, 776);
INSERT INTO pokemon.form_has_type_per_generation (fk_form, fk_type, fk_generation, is_primary)
VALUES (776, 12, 5, True);
INSERT INTO pokemon.form_has_type_per_generation (fk_form, fk_type, fk_generation, is_primary)
VALUES (776, 2, 5, False);

INSERT INTO pokemon.pokemon_species (name, pokedex_index, is_baby, is_legendary, is_mythical, evolves_from)
VALUES ('tornadus', 641, False, True, False, None);
INSERT INTO pokemon.form (name, is_default, fk_pokemon_species, height, weight, legacy_cry, latest_cry, artwork, shiny_artwork)
VALUES ('tornadus-incarnate', False, 624, 15, 630, https://raw.githubusercontent.com/PokeAPI/cries/main/cries/pokemon/legacy/641.ogg, https://raw.githubusercontent.com/PokeAPI/cries/main/cries/pokemon/latest/641.ogg, https://raw.githubusercontent.com/PokeAPI/sprites/master/sprites/pokemon/other/official-artwork/641.png, https://raw.githubusercontent.com/PokeAPI/sprites/master/sprites/pokemon/other/official-artwork/shiny/641.png);
INSERT INTO pokemon.base_stats (base_hp, base_attack, base_defense, base_special_attack, base_special_defense, base_speed, fk_generation, fk_form)
VALUES (79, 115, 70, 125, 80, 111, 5, 777);
INSERT INTO pokemon.form_has_type_per_generation (fk_form, fk_type, fk_generation, is_primary)
VALUES (777, 3, 5, True);

INSERT INTO pokemon.form (name, is_default, fk_pokemon_species, height, weight, legacy_cry, latest_cry, artwork, shiny_artwork)
VALUES ('tornadus-therian', False, 624, 14, 630, None, https://raw.githubusercontent.com/PokeAPI/cries/main/cries/pokemon/latest/10019.ogg, https://raw.githubusercontent.com/PokeAPI/sprites/master/sprites/pokemon/other/official-artwork/10019.png, https://raw.githubusercontent.com/PokeAPI/sprites/master/sprites/pokemon/other/official-artwork/shiny/10019.png);
INSERT INTO pokemon.base_stats (base_hp, base_attack, base_defense, base_special_attack, base_special_defense, base_speed, fk_generation, fk_form)
VALUES (79, 100, 80, 110, 90, 121, 5, 778);
INSERT INTO pokemon.form_has_type_per_generation (fk_form, fk_type, fk_generation, is_primary)
VALUES (778, 3, 5, True);

INSERT INTO pokemon.pokemon_species (name, pokedex_index, is_baby, is_legendary, is_mythical, evolves_from)
VALUES ('thundurus', 642, False, True, False, None);
INSERT INTO pokemon.form (name, is_default, fk_pokemon_species, height, weight, legacy_cry, latest_cry, artwork, shiny_artwork)
VALUES ('thundurus-incarnate', False, 625, 15, 610, https://raw.githubusercontent.com/PokeAPI/cries/main/cries/pokemon/legacy/642.ogg, https://raw.githubusercontent.com/PokeAPI/cries/main/cries/pokemon/latest/642.ogg, https://raw.githubusercontent.com/PokeAPI/sprites/master/sprites/pokemon/other/official-artwork/642.png, https://raw.githubusercontent.com/PokeAPI/sprites/master/sprites/pokemon/other/official-artwork/shiny/642.png);
INSERT INTO pokemon.base_stats (base_hp, base_attack, base_defense, base_special_attack, base_special_defense, base_speed, fk_generation, fk_form)
VALUES (79, 115, 70, 125, 80, 111, 5, 779);
INSERT INTO pokemon.form_has_type_per_generation (fk_form, fk_type, fk_generation, is_primary)
VALUES (779, 13, 5, True);
INSERT INTO pokemon.form_has_type_per_generation (fk_form, fk_type, fk_generation, is_primary)
VALUES (779, 3, 5, False);

INSERT INTO pokemon.form (name, is_default, fk_pokemon_species, height, weight, legacy_cry, latest_cry, artwork, shiny_artwork)
VALUES ('thundurus-therian', False, 625, 30, 610, None, https://raw.githubusercontent.com/PokeAPI/cries/main/cries/pokemon/latest/10020.ogg, https://raw.githubusercontent.com/PokeAPI/sprites/master/sprites/pokemon/other/official-artwork/10020.png, https://raw.githubusercontent.com/PokeAPI/sprites/master/sprites/pokemon/other/official-artwork/shiny/10020.png);
INSERT INTO pokemon.base_stats (base_hp, base_attack, base_defense, base_special_attack, base_special_defense, base_speed, fk_generation, fk_form)
VALUES (79, 105, 70, 145, 80, 101, 5, 780);
INSERT INTO pokemon.form_has_type_per_generation (fk_form, fk_type, fk_generation, is_primary)
VALUES (780, 13, 5, True);
INSERT INTO pokemon.form_has_type_per_generation (fk_form, fk_type, fk_generation, is_primary)
VALUES (780, 3, 5, False);

INSERT INTO pokemon.pokemon_species (name, pokedex_index, is_baby, is_legendary, is_mythical, evolves_from)
VALUES ('reshiram', 643, False, True, False, None);
INSERT INTO pokemon.form (name, is_default, fk_pokemon_species, height, weight, legacy_cry, latest_cry, artwork, shiny_artwork)
VALUES ('reshiram', True, 626, 32, 3300, https://raw.githubusercontent.com/PokeAPI/cries/main/cries/pokemon/legacy/643.ogg, https://raw.githubusercontent.com/PokeAPI/cries/main/cries/pokemon/latest/643.ogg, https://raw.githubusercontent.com/PokeAPI/sprites/master/sprites/pokemon/other/official-artwork/643.png, https://raw.githubusercontent.com/PokeAPI/sprites/master/sprites/pokemon/other/official-artwork/shiny/643.png);
INSERT INTO pokemon.base_stats (base_hp, base_attack, base_defense, base_special_attack, base_special_defense, base_speed, fk_generation, fk_form)
VALUES (100, 120, 100, 150, 120, 90, 5, 781);
INSERT INTO pokemon.form_has_type_per_generation (fk_form, fk_type, fk_generation, is_primary)
VALUES (781, 16, 5, True);
INSERT INTO pokemon.form_has_type_per_generation (fk_form, fk_type, fk_generation, is_primary)
VALUES (781, 10, 5, False);

INSERT INTO pokemon.pokemon_species (name, pokedex_index, is_baby, is_legendary, is_mythical, evolves_from)
VALUES ('zekrom', 644, False, True, False, None);
INSERT INTO pokemon.form (name, is_default, fk_pokemon_species, height, weight, legacy_cry, latest_cry, artwork, shiny_artwork)
VALUES ('zekrom', True, 627, 29, 3450, https://raw.githubusercontent.com/PokeAPI/cries/main/cries/pokemon/legacy/644.ogg, https://raw.githubusercontent.com/PokeAPI/cries/main/cries/pokemon/latest/644.ogg, https://raw.githubusercontent.com/PokeAPI/sprites/master/sprites/pokemon/other/official-artwork/644.png, https://raw.githubusercontent.com/PokeAPI/sprites/master/sprites/pokemon/other/official-artwork/shiny/644.png);
INSERT INTO pokemon.base_stats (base_hp, base_attack, base_defense, base_special_attack, base_special_defense, base_speed, fk_generation, fk_form)
VALUES (100, 150, 120, 120, 100, 90, 5, 782);
INSERT INTO pokemon.form_has_type_per_generation (fk_form, fk_type, fk_generation, is_primary)
VALUES (782, 16, 5, True);
INSERT INTO pokemon.form_has_type_per_generation (fk_form, fk_type, fk_generation, is_primary)
VALUES (782, 13, 5, False);

INSERT INTO pokemon.pokemon_species (name, pokedex_index, is_baby, is_legendary, is_mythical, evolves_from)
VALUES ('landorus', 645, False, True, False, None);
INSERT INTO pokemon.form (name, is_default, fk_pokemon_species, height, weight, legacy_cry, latest_cry, artwork, shiny_artwork)
VALUES ('landorus-incarnate', False, 628, 15, 680, https://raw.githubusercontent.com/PokeAPI/cries/main/cries/pokemon/legacy/645.ogg, https://raw.githubusercontent.com/PokeAPI/cries/main/cries/pokemon/latest/645.ogg, https://raw.githubusercontent.com/PokeAPI/sprites/master/sprites/pokemon/other/official-artwork/645.png, https://raw.githubusercontent.com/PokeAPI/sprites/master/sprites/pokemon/other/official-artwork/shiny/645.png);
INSERT INTO pokemon.base_stats (base_hp, base_attack, base_defense, base_special_attack, base_special_defense, base_speed, fk_generation, fk_form)
VALUES (89, 125, 90, 115, 80, 101, 5, 783);
INSERT INTO pokemon.form_has_type_per_generation (fk_form, fk_type, fk_generation, is_primary)
VALUES (783, 5, 5, True);
INSERT INTO pokemon.form_has_type_per_generation (fk_form, fk_type, fk_generation, is_primary)
VALUES (783, 3, 5, False);

INSERT INTO pokemon.form (name, is_default, fk_pokemon_species, height, weight, legacy_cry, latest_cry, artwork, shiny_artwork)
VALUES ('landorus-therian', False, 628, 13, 680, None, https://raw.githubusercontent.com/PokeAPI/cries/main/cries/pokemon/latest/10021.ogg, https://raw.githubusercontent.com/PokeAPI/sprites/master/sprites/pokemon/other/official-artwork/10021.png, https://raw.githubusercontent.com/PokeAPI/sprites/master/sprites/pokemon/other/official-artwork/shiny/10021.png);
INSERT INTO pokemon.base_stats (base_hp, base_attack, base_defense, base_special_attack, base_special_defense, base_speed, fk_generation, fk_form)
VALUES (89, 145, 90, 105, 80, 91, 5, 784);
INSERT INTO pokemon.form_has_type_per_generation (fk_form, fk_type, fk_generation, is_primary)
VALUES (784, 5, 5, True);
INSERT INTO pokemon.form_has_type_per_generation (fk_form, fk_type, fk_generation, is_primary)
VALUES (784, 3, 5, False);

INSERT INTO pokemon.pokemon_species (name, pokedex_index, is_baby, is_legendary, is_mythical, evolves_from)
VALUES ('kyurem', 646, False, True, False, None);
INSERT INTO pokemon.form (name, is_default, fk_pokemon_species, height, weight, legacy_cry, latest_cry, artwork, shiny_artwork)
VALUES ('kyurem', True, 629, 30, 3250, https://raw.githubusercontent.com/PokeAPI/cries/main/cries/pokemon/legacy/646.ogg, https://raw.githubusercontent.com/PokeAPI/cries/main/cries/pokemon/latest/646.ogg, https://raw.githubusercontent.com/PokeAPI/sprites/master/sprites/pokemon/other/official-artwork/646.png, https://raw.githubusercontent.com/PokeAPI/sprites/master/sprites/pokemon/other/official-artwork/shiny/646.png);
INSERT INTO pokemon.base_stats (base_hp, base_attack, base_defense, base_special_attack, base_special_defense, base_speed, fk_generation, fk_form)
VALUES (125, 130, 90, 130, 90, 95, 5, 785);
INSERT INTO pokemon.form_has_type_per_generation (fk_form, fk_type, fk_generation, is_primary)
VALUES (785, 16, 5, True);
INSERT INTO pokemon.form_has_type_per_generation (fk_form, fk_type, fk_generation, is_primary)
VALUES (785, 15, 5, False);

INSERT INTO pokemon.form (name, is_default, fk_pokemon_species, height, weight, legacy_cry, latest_cry, artwork, shiny_artwork)
VALUES ('kyurem-black', False, 629, 33, 3250, None, https://raw.githubusercontent.com/PokeAPI/cries/main/cries/pokemon/latest/10022.ogg, https://raw.githubusercontent.com/PokeAPI/sprites/master/sprites/pokemon/other/official-artwork/10022.png, https://raw.githubusercontent.com/PokeAPI/sprites/master/sprites/pokemon/other/official-artwork/shiny/10022.png);
INSERT INTO pokemon.base_stats (base_hp, base_attack, base_defense, base_special_attack, base_special_defense, base_speed, fk_generation, fk_form)
VALUES (125, 170, 100, 120, 90, 95, 5, 786);
INSERT INTO pokemon.form_has_type_per_generation (fk_form, fk_type, fk_generation, is_primary)
VALUES (786, 16, 5, True);
INSERT INTO pokemon.form_has_type_per_generation (fk_form, fk_type, fk_generation, is_primary)
VALUES (786, 15, 5, False);

INSERT INTO pokemon.form (name, is_default, fk_pokemon_species, height, weight, legacy_cry, latest_cry, artwork, shiny_artwork)
VALUES ('kyurem-white', False, 629, 36, 3250, None, https://raw.githubusercontent.com/PokeAPI/cries/main/cries/pokemon/latest/10023.ogg, https://raw.githubusercontent.com/PokeAPI/sprites/master/sprites/pokemon/other/official-artwork/10023.png, https://raw.githubusercontent.com/PokeAPI/sprites/master/sprites/pokemon/other/official-artwork/shiny/10023.png);
INSERT INTO pokemon.base_stats (base_hp, base_attack, base_defense, base_special_attack, base_special_defense, base_speed, fk_generation, fk_form)
VALUES (125, 120, 90, 170, 100, 95, 5, 787);
INSERT INTO pokemon.form_has_type_per_generation (fk_form, fk_type, fk_generation, is_primary)
VALUES (787, 16, 5, True);
INSERT INTO pokemon.form_has_type_per_generation (fk_form, fk_type, fk_generation, is_primary)
VALUES (787, 15, 5, False);

INSERT INTO pokemon.pokemon_species (name, pokedex_index, is_baby, is_legendary, is_mythical, evolves_from)
VALUES ('keldeo', 647, False, False, True, None);
INSERT INTO pokemon.form (name, is_default, fk_pokemon_species, height, weight, legacy_cry, latest_cry, artwork, shiny_artwork)
VALUES ('keldeo-ordinary', False, 630, 14, 485, https://raw.githubusercontent.com/PokeAPI/cries/main/cries/pokemon/legacy/647.ogg, https://raw.githubusercontent.com/PokeAPI/cries/main/cries/pokemon/latest/647.ogg, https://raw.githubusercontent.com/PokeAPI/sprites/master/sprites/pokemon/other/official-artwork/647.png, https://raw.githubusercontent.com/PokeAPI/sprites/master/sprites/pokemon/other/official-artwork/shiny/647.png);
INSERT INTO pokemon.base_stats (base_hp, base_attack, base_defense, base_special_attack, base_special_defense, base_speed, fk_generation, fk_form)
VALUES (91, 72, 90, 129, 90, 108, 5, 788);
INSERT INTO pokemon.form_has_type_per_generation (fk_form, fk_type, fk_generation, is_primary)
VALUES (788, 11, 5, True);
INSERT INTO pokemon.form_has_type_per_generation (fk_form, fk_type, fk_generation, is_primary)
VALUES (788, 2, 5, False);

INSERT INTO pokemon.form (name, is_default, fk_pokemon_species, height, weight, legacy_cry, latest_cry, artwork, shiny_artwork)
VALUES ('keldeo-resolute', False, 630, 14, 485, None, https://raw.githubusercontent.com/PokeAPI/cries/main/cries/pokemon/latest/10024.ogg, https://raw.githubusercontent.com/PokeAPI/sprites/master/sprites/pokemon/other/official-artwork/10024.png, https://raw.githubusercontent.com/PokeAPI/sprites/master/sprites/pokemon/other/official-artwork/shiny/10024.png);
INSERT INTO pokemon.base_stats (base_hp, base_attack, base_defense, base_special_attack, base_special_defense, base_speed, fk_generation, fk_form)
VALUES (91, 72, 90, 129, 90, 108, 5, 789);
INSERT INTO pokemon.form_has_type_per_generation (fk_form, fk_type, fk_generation, is_primary)
VALUES (789, 11, 5, True);
INSERT INTO pokemon.form_has_type_per_generation (fk_form, fk_type, fk_generation, is_primary)
VALUES (789, 2, 5, False);

INSERT INTO pokemon.pokemon_species (name, pokedex_index, is_baby, is_legendary, is_mythical, evolves_from)
VALUES ('meloetta', 648, False, False, True, None);
INSERT INTO pokemon.form (name, is_default, fk_pokemon_species, height, weight, legacy_cry, latest_cry, artwork, shiny_artwork)
VALUES ('meloetta-aria', False, 631, 6, 65, https://raw.githubusercontent.com/PokeAPI/cries/main/cries/pokemon/legacy/648.ogg, https://raw.githubusercontent.com/PokeAPI/cries/main/cries/pokemon/latest/648.ogg, https://raw.githubusercontent.com/PokeAPI/sprites/master/sprites/pokemon/other/official-artwork/648.png, https://raw.githubusercontent.com/PokeAPI/sprites/master/sprites/pokemon/other/official-artwork/shiny/648.png);
INSERT INTO pokemon.base_stats (base_hp, base_attack, base_defense, base_special_attack, base_special_defense, base_speed, fk_generation, fk_form)
VALUES (100, 77, 77, 128, 128, 90, 5, 790);
INSERT INTO pokemon.form_has_type_per_generation (fk_form, fk_type, fk_generation, is_primary)
VALUES (790, 1, 5, True);
INSERT INTO pokemon.form_has_type_per_generation (fk_form, fk_type, fk_generation, is_primary)
VALUES (790, 14, 5, False);

INSERT INTO pokemon.form (name, is_default, fk_pokemon_species, height, weight, legacy_cry, latest_cry, artwork, shiny_artwork)
VALUES ('meloetta-pirouette', False, 631, 6, 65, None, https://raw.githubusercontent.com/PokeAPI/cries/main/cries/pokemon/latest/10018.ogg, https://raw.githubusercontent.com/PokeAPI/sprites/master/sprites/pokemon/other/official-artwork/10018.png, https://raw.githubusercontent.com/PokeAPI/sprites/master/sprites/pokemon/other/official-artwork/shiny/10018.png);
INSERT INTO pokemon.base_stats (base_hp, base_attack, base_defense, base_special_attack, base_special_defense, base_speed, fk_generation, fk_form)
VALUES (100, 128, 90, 77, 77, 128, 5, 791);
INSERT INTO pokemon.form_has_type_per_generation (fk_form, fk_type, fk_generation, is_primary)
VALUES (791, 1, 5, True);
INSERT INTO pokemon.form_has_type_per_generation (fk_form, fk_type, fk_generation, is_primary)
VALUES (791, 2, 5, False);

INSERT INTO pokemon.pokemon_species (name, pokedex_index, is_baby, is_legendary, is_mythical, evolves_from)
VALUES ('genesect', 649, False, False, True, None);
INSERT INTO pokemon.form (name, is_default, fk_pokemon_species, height, weight, legacy_cry, latest_cry, artwork, shiny_artwork)
VALUES ('genesect', True, 632, 15, 825, https://raw.githubusercontent.com/PokeAPI/cries/main/cries/pokemon/legacy/649.ogg, https://raw.githubusercontent.com/PokeAPI/cries/main/cries/pokemon/latest/649.ogg, https://raw.githubusercontent.com/PokeAPI/sprites/master/sprites/pokemon/other/official-artwork/649.png, https://raw.githubusercontent.com/PokeAPI/sprites/master/sprites/pokemon/other/official-artwork/shiny/649.png);
INSERT INTO pokemon.base_stats (base_hp, base_attack, base_defense, base_special_attack, base_special_defense, base_speed, fk_generation, fk_form)
VALUES (71, 120, 95, 120, 95, 99, 5, 792);
INSERT INTO pokemon.form_has_type_per_generation (fk_form, fk_type, fk_generation, is_primary)
VALUES (792, 7, 5, True);
INSERT INTO pokemon.form_has_type_per_generation (fk_form, fk_type, fk_generation, is_primary)
VALUES (792, 9, 5, False);

INSERT INTO pokemon.pokemon_species (name, pokedex_index, is_baby, is_legendary, is_mythical, evolves_from)
VALUES ('fraxure', 611, False, False, False, axew);
INSERT INTO pokemon.form (name, is_default, fk_pokemon_species, height, weight, legacy_cry, latest_cry, artwork, shiny_artwork)
VALUES ('fraxure', True, 633, 10, 360, https://raw.githubusercontent.com/PokeAPI/cries/main/cries/pokemon/legacy/611.ogg, https://raw.githubusercontent.com/PokeAPI/cries/main/cries/pokemon/latest/611.ogg, https://raw.githubusercontent.com/PokeAPI/sprites/master/sprites/pokemon/other/official-artwork/611.png, https://raw.githubusercontent.com/PokeAPI/sprites/master/sprites/pokemon/other/official-artwork/shiny/611.png);
INSERT INTO pokemon.base_stats (base_hp, base_attack, base_defense, base_special_attack, base_special_defense, base_speed, fk_generation, fk_form)
VALUES (66, 117, 70, 40, 50, 67, 5, 793);
INSERT INTO pokemon.form_has_type_per_generation (fk_form, fk_type, fk_generation, is_primary)
VALUES (793, 16, 5, True);

INSERT INTO pokemon.pokemon_species (name, pokedex_index, is_baby, is_legendary, is_mythical, evolves_from)
VALUES ('haxorus', 612, False, False, False, fraxure);
INSERT INTO pokemon.form (name, is_default, fk_pokemon_species, height, weight, legacy_cry, latest_cry, artwork, shiny_artwork)
VALUES ('haxorus', True, 634, 18, 1055, https://raw.githubusercontent.com/PokeAPI/cries/main/cries/pokemon/legacy/612.ogg, https://raw.githubusercontent.com/PokeAPI/cries/main/cries/pokemon/latest/612.ogg, https://raw.githubusercontent.com/PokeAPI/sprites/master/sprites/pokemon/other/official-artwork/612.png, https://raw.githubusercontent.com/PokeAPI/sprites/master/sprites/pokemon/other/official-artwork/shiny/612.png);
INSERT INTO pokemon.base_stats (base_hp, base_attack, base_defense, base_special_attack, base_special_defense, base_speed, fk_generation, fk_form)
VALUES (76, 147, 90, 60, 70, 97, 5, 794);
INSERT INTO pokemon.form_has_type_per_generation (fk_form, fk_type, fk_generation, is_primary)
VALUES (794, 16, 5, True);

INSERT INTO pokemon.pokemon_species (name, pokedex_index, is_baby, is_legendary, is_mythical, evolves_from)
VALUES ('beartic', 614, False, False, False, cubchoo);
INSERT INTO pokemon.form (name, is_default, fk_pokemon_species, height, weight, legacy_cry, latest_cry, artwork, shiny_artwork)
VALUES ('beartic', True, 635, 26, 2600, https://raw.githubusercontent.com/PokeAPI/cries/main/cries/pokemon/legacy/614.ogg, https://raw.githubusercontent.com/PokeAPI/cries/main/cries/pokemon/latest/614.ogg, https://raw.githubusercontent.com/PokeAPI/sprites/master/sprites/pokemon/other/official-artwork/614.png, https://raw.githubusercontent.com/PokeAPI/sprites/master/sprites/pokemon/other/official-artwork/shiny/614.png);
INSERT INTO pokemon.base_stats (base_hp, base_attack, base_defense, base_special_attack, base_special_defense, base_speed, fk_generation, fk_form)
VALUES (95, 130, 80, 70, 80, 50, 5, 795);
INSERT INTO pokemon.form_has_type_per_generation (fk_form, fk_type, fk_generation, is_primary)
VALUES (795, 15, 5, True);

INSERT INTO pokemon.pokemon_species (name, pokedex_index, is_baby, is_legendary, is_mythical, evolves_from)
VALUES ('accelgor', 617, False, False, False, shelmet);
INSERT INTO pokemon.form (name, is_default, fk_pokemon_species, height, weight, legacy_cry, latest_cry, artwork, shiny_artwork)
VALUES ('accelgor', True, 636, 8, 253, https://raw.githubusercontent.com/PokeAPI/cries/main/cries/pokemon/legacy/617.ogg, https://raw.githubusercontent.com/PokeAPI/cries/main/cries/pokemon/latest/617.ogg, https://raw.githubusercontent.com/PokeAPI/sprites/master/sprites/pokemon/other/official-artwork/617.png, https://raw.githubusercontent.com/PokeAPI/sprites/master/sprites/pokemon/other/official-artwork/shiny/617.png);
INSERT INTO pokemon.base_stats (base_hp, base_attack, base_defense, base_special_attack, base_special_defense, base_speed, fk_generation, fk_form)
VALUES (80, 70, 40, 100, 60, 145, 5, 796);
INSERT INTO pokemon.form_has_type_per_generation (fk_form, fk_type, fk_generation, is_primary)
VALUES (796, 7, 5, True);

INSERT INTO pokemon.pokemon_species (name, pokedex_index, is_baby, is_legendary, is_mythical, evolves_from)
VALUES ('golurk', 623, False, False, False, golett);
INSERT INTO pokemon.form (name, is_default, fk_pokemon_species, height, weight, legacy_cry, latest_cry, artwork, shiny_artwork)
VALUES ('golurk', True, 637, 28, 3300, https://raw.githubusercontent.com/PokeAPI/cries/main/cries/pokemon/legacy/623.ogg, https://raw.githubusercontent.com/PokeAPI/cries/main/cries/pokemon/latest/623.ogg, https://raw.githubusercontent.com/PokeAPI/sprites/master/sprites/pokemon/other/official-artwork/623.png, https://raw.githubusercontent.com/PokeAPI/sprites/master/sprites/pokemon/other/official-artwork/shiny/623.png);
INSERT INTO pokemon.base_stats (base_hp, base_attack, base_defense, base_special_attack, base_special_defense, base_speed, fk_generation, fk_form)
VALUES (89, 124, 80, 55, 80, 55, 5, 797);
INSERT INTO pokemon.form_has_type_per_generation (fk_form, fk_type, fk_generation, is_primary)
VALUES (797, 5, 5, True);
INSERT INTO pokemon.form_has_type_per_generation (fk_form, fk_type, fk_generation, is_primary)
VALUES (797, 8, 5, False);

INSERT INTO pokemon.pokemon_species (name, pokedex_index, is_baby, is_legendary, is_mythical, evolves_from)
VALUES ('bisharp', 625, False, False, False, pawniard);
INSERT INTO pokemon.form (name, is_default, fk_pokemon_species, height, weight, legacy_cry, latest_cry, artwork, shiny_artwork)
VALUES ('bisharp', True, 638, 16, 700, https://raw.githubusercontent.com/PokeAPI/cries/main/cries/pokemon/legacy/625.ogg, https://raw.githubusercontent.com/PokeAPI/cries/main/cries/pokemon/latest/625.ogg, https://raw.githubusercontent.com/PokeAPI/sprites/master/sprites/pokemon/other/official-artwork/625.png, https://raw.githubusercontent.com/PokeAPI/sprites/master/sprites/pokemon/other/official-artwork/shiny/625.png);
INSERT INTO pokemon.base_stats (base_hp, base_attack, base_defense, base_special_attack, base_special_defense, base_speed, fk_generation, fk_form)
VALUES (65, 125, 100, 60, 70, 70, 5, 798);
INSERT INTO pokemon.form_has_type_per_generation (fk_form, fk_type, fk_generation, is_primary)
VALUES (798, 17, 5, True);
INSERT INTO pokemon.form_has_type_per_generation (fk_form, fk_type, fk_generation, is_primary)
VALUES (798, 9, 5, False);

INSERT INTO pokemon.pokemon_species (name, pokedex_index, is_baby, is_legendary, is_mythical, evolves_from)
VALUES ('braviary', 628, False, False, False, rufflet);
INSERT INTO pokemon.form (name, is_default, fk_pokemon_species, height, weight, legacy_cry, latest_cry, artwork, shiny_artwork)
VALUES ('braviary', True, 639, 15, 410, https://raw.githubusercontent.com/PokeAPI/cries/main/cries/pokemon/legacy/628.ogg, https://raw.githubusercontent.com/PokeAPI/cries/main/cries/pokemon/latest/628.ogg, https://raw.githubusercontent.com/PokeAPI/sprites/master/sprites/pokemon/other/official-artwork/628.png, https://raw.githubusercontent.com/PokeAPI/sprites/master/sprites/pokemon/other/official-artwork/shiny/628.png);
INSERT INTO pokemon.base_stats (base_hp, base_attack, base_defense, base_special_attack, base_special_defense, base_speed, fk_generation, fk_form)
VALUES (100, 123, 75, 57, 75, 80, 5, 799);
INSERT INTO pokemon.form_has_type_per_generation (fk_form, fk_type, fk_generation, is_primary)
VALUES (799, 1, 5, True);
INSERT INTO pokemon.form_has_type_per_generation (fk_form, fk_type, fk_generation, is_primary)
VALUES (799, 3, 5, False);

INSERT INTO pokemon.form (name, is_default, fk_pokemon_species, height, weight, legacy_cry, latest_cry, artwork, shiny_artwork)
VALUES ('braviary-hisui', False, 639, 17, 434, None, https://raw.githubusercontent.com/PokeAPI/cries/main/cries/pokemon/latest/10240.ogg, https://raw.githubusercontent.com/PokeAPI/sprites/master/sprites/pokemon/other/official-artwork/10240.png, https://raw.githubusercontent.com/PokeAPI/sprites/master/sprites/pokemon/other/official-artwork/shiny/10240.png);
INSERT INTO pokemon.base_stats (base_hp, base_attack, base_defense, base_special_attack, base_special_defense, base_speed, fk_generation, fk_form)
VALUES (110, 83, 70, 112, 70, 65, 8, 800);
INSERT INTO pokemon.form_has_type_per_generation (fk_form, fk_type, fk_generation, is_primary)
VALUES (800, 14, 8, True);
INSERT INTO pokemon.form_has_type_per_generation (fk_form, fk_type, fk_generation, is_primary)
VALUES (800, 3, 8, False);

INSERT INTO pokemon.pokemon_species (name, pokedex_index, is_baby, is_legendary, is_mythical, evolves_from)
VALUES ('mandibuzz', 630, False, False, False, vullaby);
INSERT INTO pokemon.form (name, is_default, fk_pokemon_species, height, weight, legacy_cry, latest_cry, artwork, shiny_artwork)
VALUES ('mandibuzz', True, 640, 12, 395, https://raw.githubusercontent.com/PokeAPI/cries/main/cries/pokemon/legacy/630.ogg, https://raw.githubusercontent.com/PokeAPI/cries/main/cries/pokemon/latest/630.ogg, https://raw.githubusercontent.com/PokeAPI/sprites/master/sprites/pokemon/other/official-artwork/630.png, https://raw.githubusercontent.com/PokeAPI/sprites/master/sprites/pokemon/other/official-artwork/shiny/630.png);
INSERT INTO pokemon.base_stats (base_hp, base_attack, base_defense, base_special_attack, base_special_defense, base_speed, fk_generation, fk_form)
VALUES (110, 65, 105, 55, 95, 80, 5, 801);
INSERT INTO pokemon.form_has_type_per_generation (fk_form, fk_type, fk_generation, is_primary)
VALUES (801, 17, 5, True);
INSERT INTO pokemon.form_has_type_per_generation (fk_form, fk_type, fk_generation, is_primary)
VALUES (801, 3, 5, False);

INSERT INTO pokemon.pokemon_species (name, pokedex_index, is_baby, is_legendary, is_mythical, evolves_from)
VALUES ('zweilous', 634, False, False, False, deino);
INSERT INTO pokemon.form (name, is_default, fk_pokemon_species, height, weight, legacy_cry, latest_cry, artwork, shiny_artwork)
VALUES ('zweilous', True, 641, 14, 500, https://raw.githubusercontent.com/PokeAPI/cries/main/cries/pokemon/legacy/634.ogg, https://raw.githubusercontent.com/PokeAPI/cries/main/cries/pokemon/latest/634.ogg, https://raw.githubusercontent.com/PokeAPI/sprites/master/sprites/pokemon/other/official-artwork/634.png, https://raw.githubusercontent.com/PokeAPI/sprites/master/sprites/pokemon/other/official-artwork/shiny/634.png);
INSERT INTO pokemon.base_stats (base_hp, base_attack, base_defense, base_special_attack, base_special_defense, base_speed, fk_generation, fk_form)
VALUES (72, 85, 70, 65, 70, 58, 5, 802);
INSERT INTO pokemon.form_has_type_per_generation (fk_form, fk_type, fk_generation, is_primary)
VALUES (802, 17, 5, True);
INSERT INTO pokemon.form_has_type_per_generation (fk_form, fk_type, fk_generation, is_primary)
VALUES (802, 16, 5, False);

INSERT INTO pokemon.pokemon_species (name, pokedex_index, is_baby, is_legendary, is_mythical, evolves_from)
VALUES ('hydreigon', 635, False, False, False, zweilous);
INSERT INTO pokemon.form (name, is_default, fk_pokemon_species, height, weight, legacy_cry, latest_cry, artwork, shiny_artwork)
VALUES ('hydreigon', True, 642, 18, 1600, https://raw.githubusercontent.com/PokeAPI/cries/main/cries/pokemon/legacy/635.ogg, https://raw.githubusercontent.com/PokeAPI/cries/main/cries/pokemon/latest/635.ogg, https://raw.githubusercontent.com/PokeAPI/sprites/master/sprites/pokemon/other/official-artwork/635.png, https://raw.githubusercontent.com/PokeAPI/sprites/master/sprites/pokemon/other/official-artwork/shiny/635.png);
INSERT INTO pokemon.base_stats (base_hp, base_attack, base_defense, base_special_attack, base_special_defense, base_speed, fk_generation, fk_form)
VALUES (92, 105, 90, 125, 90, 98, 5, 803);
INSERT INTO pokemon.form_has_type_per_generation (fk_form, fk_type, fk_generation, is_primary)
VALUES (803, 17, 5, True);
INSERT INTO pokemon.form_has_type_per_generation (fk_form, fk_type, fk_generation, is_primary)
VALUES (803, 16, 5, False);

INSERT INTO pokemon.pokemon_species (name, pokedex_index, is_baby, is_legendary, is_mythical, evolves_from)
VALUES ('volcarona', 637, False, False, False, larvesta);
INSERT INTO pokemon.form (name, is_default, fk_pokemon_species, height, weight, legacy_cry, latest_cry, artwork, shiny_artwork)
VALUES ('volcarona', True, 643, 16, 460, https://raw.githubusercontent.com/PokeAPI/cries/main/cries/pokemon/legacy/637.ogg, https://raw.githubusercontent.com/PokeAPI/cries/main/cries/pokemon/latest/637.ogg, https://raw.githubusercontent.com/PokeAPI/sprites/master/sprites/pokemon/other/official-artwork/637.png, https://raw.githubusercontent.com/PokeAPI/sprites/master/sprites/pokemon/other/official-artwork/shiny/637.png);
INSERT INTO pokemon.base_stats (base_hp, base_attack, base_defense, base_special_attack, base_special_defense, base_speed, fk_generation, fk_form)
VALUES (85, 60, 65, 135, 105, 100, 5, 804);
INSERT INTO pokemon.form_has_type_per_generation (fk_form, fk_type, fk_generation, is_primary)
VALUES (804, 7, 5, True);
INSERT INTO pokemon.form_has_type_per_generation (fk_form, fk_type, fk_generation, is_primary)
VALUES (804, 10, 5, False);

INSERT INTO pokemon.pokemon_species (name, pokedex_index, is_baby, is_legendary, is_mythical, evolves_from)
VALUES ('herdier', 507, False, False, False, lillipup);
INSERT INTO pokemon.form (name, is_default, fk_pokemon_species, height, weight, legacy_cry, latest_cry, artwork, shiny_artwork)
VALUES ('herdier', True, 644, 9, 147, https://raw.githubusercontent.com/PokeAPI/cries/main/cries/pokemon/legacy/507.ogg, https://raw.githubusercontent.com/PokeAPI/cries/main/cries/pokemon/latest/507.ogg, https://raw.githubusercontent.com/PokeAPI/sprites/master/sprites/pokemon/other/official-artwork/507.png, https://raw.githubusercontent.com/PokeAPI/sprites/master/sprites/pokemon/other/official-artwork/shiny/507.png);
INSERT INTO pokemon.base_stats (base_hp, base_attack, base_defense, base_special_attack, base_special_defense, base_speed, fk_generation, fk_form)
VALUES (65, 80, 65, 35, 65, 60, 5, 805);
INSERT INTO pokemon.form_has_type_per_generation (fk_form, fk_type, fk_generation, is_primary)
VALUES (805, 1, 5, True);

INSERT INTO pokemon.pokemon_species (name, pokedex_index, is_baby, is_legendary, is_mythical, evolves_from)
VALUES ('gurdurr', 533, False, False, False, timburr);
INSERT INTO pokemon.form (name, is_default, fk_pokemon_species, height, weight, legacy_cry, latest_cry, artwork, shiny_artwork)
VALUES ('gurdurr', True, 645, 12, 400, https://raw.githubusercontent.com/PokeAPI/cries/main/cries/pokemon/legacy/533.ogg, https://raw.githubusercontent.com/PokeAPI/cries/main/cries/pokemon/latest/533.ogg, https://raw.githubusercontent.com/PokeAPI/sprites/master/sprites/pokemon/other/official-artwork/533.png, https://raw.githubusercontent.com/PokeAPI/sprites/master/sprites/pokemon/other/official-artwork/shiny/533.png);
INSERT INTO pokemon.base_stats (base_hp, base_attack, base_defense, base_special_attack, base_special_defense, base_speed, fk_generation, fk_form)
VALUES (85, 105, 85, 40, 50, 40, 5, 806);
INSERT INTO pokemon.form_has_type_per_generation (fk_form, fk_type, fk_generation, is_primary)
VALUES (806, 2, 5, True);

INSERT INTO pokemon.pokemon_species (name, pokedex_index, is_baby, is_legendary, is_mythical, evolves_from)
VALUES ('cofagrigus', 563, False, False, False, yamask);
INSERT INTO pokemon.form (name, is_default, fk_pokemon_species, height, weight, legacy_cry, latest_cry, artwork, shiny_artwork)
VALUES ('cofagrigus', True, 646, 17, 765, https://raw.githubusercontent.com/PokeAPI/cries/main/cries/pokemon/legacy/563.ogg, https://raw.githubusercontent.com/PokeAPI/cries/main/cries/pokemon/latest/563.ogg, https://raw.githubusercontent.com/PokeAPI/sprites/master/sprites/pokemon/other/official-artwork/563.png, https://raw.githubusercontent.com/PokeAPI/sprites/master/sprites/pokemon/other/official-artwork/shiny/563.png);
INSERT INTO pokemon.base_stats (base_hp, base_attack, base_defense, base_special_attack, base_special_defense, base_speed, fk_generation, fk_form)
VALUES (58, 50, 145, 95, 105, 30, 5, 807);
INSERT INTO pokemon.form_has_type_per_generation (fk_form, fk_type, fk_generation, is_primary)
VALUES (807, 8, 5, True);

INSERT INTO pokemon.pokemon_species (name, pokedex_index, is_baby, is_legendary, is_mythical, evolves_from)
VALUES ('klinklang', 601, False, False, False, klang);
INSERT INTO pokemon.form (name, is_default, fk_pokemon_species, height, weight, legacy_cry, latest_cry, artwork, shiny_artwork)
VALUES ('klinklang', True, 647, 6, 810, https://raw.githubusercontent.com/PokeAPI/cries/main/cries/pokemon/legacy/601.ogg, https://raw.githubusercontent.com/PokeAPI/cries/main/cries/pokemon/latest/601.ogg, https://raw.githubusercontent.com/PokeAPI/sprites/master/sprites/pokemon/other/official-artwork/601.png, https://raw.githubusercontent.com/PokeAPI/sprites/master/sprites/pokemon/other/official-artwork/shiny/601.png);
INSERT INTO pokemon.base_stats (base_hp, base_attack, base_defense, base_special_attack, base_special_defense, base_speed, fk_generation, fk_form)
VALUES (60, 100, 115, 70, 85, 90, 5, 808);
INSERT INTO pokemon.form_has_type_per_generation (fk_form, fk_type, fk_generation, is_primary)
VALUES (808, 9, 5, True);

INSERT INTO pokemon.pokemon_species (name, pokedex_index, is_baby, is_legendary, is_mythical, evolves_from)
VALUES ('chandelure', 609, False, False, False, lampent);
INSERT INTO pokemon.form (name, is_default, fk_pokemon_species, height, weight, legacy_cry, latest_cry, artwork, shiny_artwork)
VALUES ('chandelure', True, 648, 10, 343, https://raw.githubusercontent.com/PokeAPI/cries/main/cries/pokemon/legacy/609.ogg, https://raw.githubusercontent.com/PokeAPI/cries/main/cries/pokemon/latest/609.ogg, https://raw.githubusercontent.com/PokeAPI/sprites/master/sprites/pokemon/other/official-artwork/609.png, https://raw.githubusercontent.com/PokeAPI/sprites/master/sprites/pokemon/other/official-artwork/shiny/609.png);
INSERT INTO pokemon.base_stats (base_hp, base_attack, base_defense, base_special_attack, base_special_defense, base_speed, fk_generation, fk_form)
VALUES (60, 55, 90, 145, 90, 80, 5, 809);
INSERT INTO pokemon.form_has_type_per_generation (fk_form, fk_type, fk_generation, is_primary)
VALUES (809, 8, 5, True);
INSERT INTO pokemon.form_has_type_per_generation (fk_form, fk_type, fk_generation, is_primary)
VALUES (809, 10, 5, False);

INSERT INTO pokemon.pokemon_species (name, pokedex_index, is_baby, is_legendary, is_mythical, evolves_from)
VALUES ('mienshao', 620, False, False, False, mienfoo);
INSERT INTO pokemon.form (name, is_default, fk_pokemon_species, height, weight, legacy_cry, latest_cry, artwork, shiny_artwork)
VALUES ('mienshao', True, 649, 14, 355, https://raw.githubusercontent.com/PokeAPI/cries/main/cries/pokemon/legacy/620.ogg, https://raw.githubusercontent.com/PokeAPI/cries/main/cries/pokemon/latest/620.ogg, https://raw.githubusercontent.com/PokeAPI/sprites/master/sprites/pokemon/other/official-artwork/620.png, https://raw.githubusercontent.com/PokeAPI/sprites/master/sprites/pokemon/other/official-artwork/shiny/620.png);
INSERT INTO pokemon.base_stats (base_hp, base_attack, base_defense, base_special_attack, base_special_defense, base_speed, fk_generation, fk_form)
VALUES (65, 125, 60, 95, 60, 105, 5, 810);
INSERT INTO pokemon.form_has_type_per_generation (fk_form, fk_type, fk_generation, is_primary)
VALUES (810, 2, 5, True);



-- POKEMON-SPECIES, FORMS, ITS TYPES AND BASE_STATS
-- POKEMON-SPECIES, FORMS, ITS TYPES AND BASE_STATS
-- POKEMON-SPECIES, FORMS, ITS TYPES AND BASE_STATS
INSERT INTO pokemon.pokemon_species (name, pokedex_index, is_baby, is_legendary, is_mythical, evolves_from)
VALUES ('chespin', 650, False, False, False, None);
INSERT INTO pokemon.form (name, is_default, fk_pokemon_species, height, weight, legacy_cry, latest_cry, artwork, shiny_artwork)
VALUES ('chespin', True, 650, 4, 90, None, https://raw.githubusercontent.com/PokeAPI/cries/main/cries/pokemon/latest/650.ogg, https://raw.githubusercontent.com/PokeAPI/sprites/master/sprites/pokemon/other/official-artwork/650.png, https://raw.githubusercontent.com/PokeAPI/sprites/master/sprites/pokemon/other/official-artwork/shiny/650.png);
INSERT INTO pokemon.base_stats (base_hp, base_attack, base_defense, base_special_attack, base_special_defense, base_speed, fk_generation, fk_form)
VALUES (56, 61, 65, 48, 45, 38, 6, 811);
INSERT INTO pokemon.form_has_type_per_generation (fk_form, fk_type, fk_generation, is_primary)
VALUES (811, 12, 6, True);

INSERT INTO pokemon.pokemon_species (name, pokedex_index, is_baby, is_legendary, is_mythical, evolves_from)
VALUES ('fennekin', 653, False, False, False, None);
INSERT INTO pokemon.form (name, is_default, fk_pokemon_species, height, weight, legacy_cry, latest_cry, artwork, shiny_artwork)
VALUES ('fennekin', True, 651, 4, 94, None, https://raw.githubusercontent.com/PokeAPI/cries/main/cries/pokemon/latest/653.ogg, https://raw.githubusercontent.com/PokeAPI/sprites/master/sprites/pokemon/other/official-artwork/653.png, https://raw.githubusercontent.com/PokeAPI/sprites/master/sprites/pokemon/other/official-artwork/shiny/653.png);
INSERT INTO pokemon.base_stats (base_hp, base_attack, base_defense, base_special_attack, base_special_defense, base_speed, fk_generation, fk_form)
VALUES (40, 45, 40, 62, 60, 60, 6, 812);
INSERT INTO pokemon.form_has_type_per_generation (fk_form, fk_type, fk_generation, is_primary)
VALUES (812, 10, 6, True);

INSERT INTO pokemon.pokemon_species (name, pokedex_index, is_baby, is_legendary, is_mythical, evolves_from)
VALUES ('froakie', 656, False, False, False, None);
INSERT INTO pokemon.form (name, is_default, fk_pokemon_species, height, weight, legacy_cry, latest_cry, artwork, shiny_artwork)
VALUES ('froakie', True, 652, 3, 70, None, https://raw.githubusercontent.com/PokeAPI/cries/main/cries/pokemon/latest/656.ogg, https://raw.githubusercontent.com/PokeAPI/sprites/master/sprites/pokemon/other/official-artwork/656.png, https://raw.githubusercontent.com/PokeAPI/sprites/master/sprites/pokemon/other/official-artwork/shiny/656.png);
INSERT INTO pokemon.base_stats (base_hp, base_attack, base_defense, base_special_attack, base_special_defense, base_speed, fk_generation, fk_form)
VALUES (41, 56, 40, 62, 44, 71, 6, 813);
INSERT INTO pokemon.form_has_type_per_generation (fk_form, fk_type, fk_generation, is_primary)
VALUES (813, 11, 6, True);

INSERT INTO pokemon.pokemon_species (name, pokedex_index, is_baby, is_legendary, is_mythical, evolves_from)
VALUES ('bunnelby', 659, False, False, False, None);
INSERT INTO pokemon.form (name, is_default, fk_pokemon_species, height, weight, legacy_cry, latest_cry, artwork, shiny_artwork)
VALUES ('bunnelby', True, 653, 4, 50, None, https://raw.githubusercontent.com/PokeAPI/cries/main/cries/pokemon/latest/659.ogg, https://raw.githubusercontent.com/PokeAPI/sprites/master/sprites/pokemon/other/official-artwork/659.png, https://raw.githubusercontent.com/PokeAPI/sprites/master/sprites/pokemon/other/official-artwork/shiny/659.png);
INSERT INTO pokemon.base_stats (base_hp, base_attack, base_defense, base_special_attack, base_special_defense, base_speed, fk_generation, fk_form)
VALUES (38, 36, 38, 32, 36, 57, 6, 814);
INSERT INTO pokemon.form_has_type_per_generation (fk_form, fk_type, fk_generation, is_primary)
VALUES (814, 1, 6, True);

INSERT INTO pokemon.pokemon_species (name, pokedex_index, is_baby, is_legendary, is_mythical, evolves_from)
VALUES ('fletchling', 661, False, False, False, None);
INSERT INTO pokemon.form (name, is_default, fk_pokemon_species, height, weight, legacy_cry, latest_cry, artwork, shiny_artwork)
VALUES ('fletchling', True, 654, 3, 17, None, https://raw.githubusercontent.com/PokeAPI/cries/main/cries/pokemon/latest/661.ogg, https://raw.githubusercontent.com/PokeAPI/sprites/master/sprites/pokemon/other/official-artwork/661.png, https://raw.githubusercontent.com/PokeAPI/sprites/master/sprites/pokemon/other/official-artwork/shiny/661.png);
INSERT INTO pokemon.base_stats (base_hp, base_attack, base_defense, base_special_attack, base_special_defense, base_speed, fk_generation, fk_form)
VALUES (45, 50, 43, 40, 38, 62, 6, 815);
INSERT INTO pokemon.form_has_type_per_generation (fk_form, fk_type, fk_generation, is_primary)
VALUES (815, 1, 6, True);
INSERT INTO pokemon.form_has_type_per_generation (fk_form, fk_type, fk_generation, is_primary)
VALUES (815, 3, 6, False);

INSERT INTO pokemon.pokemon_species (name, pokedex_index, is_baby, is_legendary, is_mythical, evolves_from)
VALUES ('scatterbug', 664, False, False, False, None);
INSERT INTO pokemon.form (name, is_default, fk_pokemon_species, height, weight, legacy_cry, latest_cry, artwork, shiny_artwork)
VALUES ('scatterbug', True, 655, 3, 25, None, https://raw.githubusercontent.com/PokeAPI/cries/main/cries/pokemon/latest/664.ogg, https://raw.githubusercontent.com/PokeAPI/sprites/master/sprites/pokemon/other/official-artwork/664.png, https://raw.githubusercontent.com/PokeAPI/sprites/master/sprites/pokemon/other/official-artwork/shiny/664.png);
INSERT INTO pokemon.base_stats (base_hp, base_attack, base_defense, base_special_attack, base_special_defense, base_speed, fk_generation, fk_form)
VALUES (38, 35, 40, 27, 25, 35, 6, 816);
INSERT INTO pokemon.form_has_type_per_generation (fk_form, fk_type, fk_generation, is_primary)
VALUES (816, 7, 6, True);

INSERT INTO pokemon.pokemon_species (name, pokedex_index, is_baby, is_legendary, is_mythical, evolves_from)
VALUES ('litleo', 667, False, False, False, None);
INSERT INTO pokemon.form (name, is_default, fk_pokemon_species, height, weight, legacy_cry, latest_cry, artwork, shiny_artwork)
VALUES ('litleo', True, 656, 6, 135, None, https://raw.githubusercontent.com/PokeAPI/cries/main/cries/pokemon/latest/667.ogg, https://raw.githubusercontent.com/PokeAPI/sprites/master/sprites/pokemon/other/official-artwork/667.png, https://raw.githubusercontent.com/PokeAPI/sprites/master/sprites/pokemon/other/official-artwork/shiny/667.png);
INSERT INTO pokemon.base_stats (base_hp, base_attack, base_defense, base_special_attack, base_special_defense, base_speed, fk_generation, fk_form)
VALUES (62, 50, 58, 73, 54, 72, 6, 817);
INSERT INTO pokemon.form_has_type_per_generation (fk_form, fk_type, fk_generation, is_primary)
VALUES (817, 10, 6, True);
INSERT INTO pokemon.form_has_type_per_generation (fk_form, fk_type, fk_generation, is_primary)
VALUES (817, 1, 6, False);

INSERT INTO pokemon.pokemon_species (name, pokedex_index, is_baby, is_legendary, is_mythical, evolves_from)
VALUES ('flabebe', 669, False, False, False, None);
INSERT INTO pokemon.form (name, is_default, fk_pokemon_species, height, weight, legacy_cry, latest_cry, artwork, shiny_artwork)
VALUES ('flabebe', True, 657, 1, 1, None, https://raw.githubusercontent.com/PokeAPI/cries/main/cries/pokemon/latest/669.ogg, https://raw.githubusercontent.com/PokeAPI/sprites/master/sprites/pokemon/other/official-artwork/669.png, https://raw.githubusercontent.com/PokeAPI/sprites/master/sprites/pokemon/other/official-artwork/shiny/669.png);
INSERT INTO pokemon.base_stats (base_hp, base_attack, base_defense, base_special_attack, base_special_defense, base_speed, fk_generation, fk_form)
VALUES (44, 38, 39, 61, 79, 42, 6, 818);
INSERT INTO pokemon.form_has_type_per_generation (fk_form, fk_type, fk_generation, is_primary)
VALUES (818, 18, 6, True);

INSERT INTO pokemon.pokemon_species (name, pokedex_index, is_baby, is_legendary, is_mythical, evolves_from)
VALUES ('skiddo', 672, False, False, False, None);
INSERT INTO pokemon.form (name, is_default, fk_pokemon_species, height, weight, legacy_cry, latest_cry, artwork, shiny_artwork)
VALUES ('skiddo', True, 658, 9, 310, None, https://raw.githubusercontent.com/PokeAPI/cries/main/cries/pokemon/latest/672.ogg, https://raw.githubusercontent.com/PokeAPI/sprites/master/sprites/pokemon/other/official-artwork/672.png, https://raw.githubusercontent.com/PokeAPI/sprites/master/sprites/pokemon/other/official-artwork/shiny/672.png);
INSERT INTO pokemon.base_stats (base_hp, base_attack, base_defense, base_special_attack, base_special_defense, base_speed, fk_generation, fk_form)
VALUES (66, 65, 48, 62, 57, 52, 6, 819);
INSERT INTO pokemon.form_has_type_per_generation (fk_form, fk_type, fk_generation, is_primary)
VALUES (819, 12, 6, True);

INSERT INTO pokemon.pokemon_species (name, pokedex_index, is_baby, is_legendary, is_mythical, evolves_from)
VALUES ('pancham', 674, False, False, False, None);
INSERT INTO pokemon.form (name, is_default, fk_pokemon_species, height, weight, legacy_cry, latest_cry, artwork, shiny_artwork)
VALUES ('pancham', True, 659, 6, 80, None, https://raw.githubusercontent.com/PokeAPI/cries/main/cries/pokemon/latest/674.ogg, https://raw.githubusercontent.com/PokeAPI/sprites/master/sprites/pokemon/other/official-artwork/674.png, https://raw.githubusercontent.com/PokeAPI/sprites/master/sprites/pokemon/other/official-artwork/shiny/674.png);
INSERT INTO pokemon.base_stats (base_hp, base_attack, base_defense, base_special_attack, base_special_defense, base_speed, fk_generation, fk_form)
VALUES (67, 82, 62, 46, 48, 43, 6, 820);
INSERT INTO pokemon.form_has_type_per_generation (fk_form, fk_type, fk_generation, is_primary)
VALUES (820, 2, 6, True);

INSERT INTO pokemon.pokemon_species (name, pokedex_index, is_baby, is_legendary, is_mythical, evolves_from)
VALUES ('furfrou', 676, False, False, False, None);
INSERT INTO pokemon.form (name, is_default, fk_pokemon_species, height, weight, legacy_cry, latest_cry, artwork, shiny_artwork)
VALUES ('furfrou', True, 660, 12, 280, None, https://raw.githubusercontent.com/PokeAPI/cries/main/cries/pokemon/latest/676.ogg, https://raw.githubusercontent.com/PokeAPI/sprites/master/sprites/pokemon/other/official-artwork/676.png, https://raw.githubusercontent.com/PokeAPI/sprites/master/sprites/pokemon/other/official-artwork/shiny/676.png);
INSERT INTO pokemon.base_stats (base_hp, base_attack, base_defense, base_special_attack, base_special_defense, base_speed, fk_generation, fk_form)
VALUES (75, 80, 60, 65, 90, 102, 6, 821);
INSERT INTO pokemon.form_has_type_per_generation (fk_form, fk_type, fk_generation, is_primary)
VALUES (821, 1, 6, True);

INSERT INTO pokemon.pokemon_species (name, pokedex_index, is_baby, is_legendary, is_mythical, evolves_from)
VALUES ('espurr', 677, False, False, False, None);
INSERT INTO pokemon.form (name, is_default, fk_pokemon_species, height, weight, legacy_cry, latest_cry, artwork, shiny_artwork)
VALUES ('espurr', True, 661, 3, 35, None, https://raw.githubusercontent.com/PokeAPI/cries/main/cries/pokemon/latest/677.ogg, https://raw.githubusercontent.com/PokeAPI/sprites/master/sprites/pokemon/other/official-artwork/677.png, https://raw.githubusercontent.com/PokeAPI/sprites/master/sprites/pokemon/other/official-artwork/shiny/677.png);
INSERT INTO pokemon.base_stats (base_hp, base_attack, base_defense, base_special_attack, base_special_defense, base_speed, fk_generation, fk_form)
VALUES (62, 48, 54, 63, 60, 68, 6, 822);
INSERT INTO pokemon.form_has_type_per_generation (fk_form, fk_type, fk_generation, is_primary)
VALUES (822, 14, 6, True);

INSERT INTO pokemon.pokemon_species (name, pokedex_index, is_baby, is_legendary, is_mythical, evolves_from)
VALUES ('honedge', 679, False, False, False, None);
INSERT INTO pokemon.form (name, is_default, fk_pokemon_species, height, weight, legacy_cry, latest_cry, artwork, shiny_artwork)
VALUES ('honedge', True, 662, 8, 20, None, https://raw.githubusercontent.com/PokeAPI/cries/main/cries/pokemon/latest/679.ogg, https://raw.githubusercontent.com/PokeAPI/sprites/master/sprites/pokemon/other/official-artwork/679.png, https://raw.githubusercontent.com/PokeAPI/sprites/master/sprites/pokemon/other/official-artwork/shiny/679.png);
INSERT INTO pokemon.base_stats (base_hp, base_attack, base_defense, base_special_attack, base_special_defense, base_speed, fk_generation, fk_form)
VALUES (45, 80, 100, 35, 37, 28, 6, 823);
INSERT INTO pokemon.form_has_type_per_generation (fk_form, fk_type, fk_generation, is_primary)
VALUES (823, 9, 6, True);
INSERT INTO pokemon.form_has_type_per_generation (fk_form, fk_type, fk_generation, is_primary)
VALUES (823, 8, 6, False);

INSERT INTO pokemon.pokemon_species (name, pokedex_index, is_baby, is_legendary, is_mythical, evolves_from)
VALUES ('spritzee', 682, False, False, False, None);
INSERT INTO pokemon.form (name, is_default, fk_pokemon_species, height, weight, legacy_cry, latest_cry, artwork, shiny_artwork)
VALUES ('spritzee', True, 663, 2, 5, None, https://raw.githubusercontent.com/PokeAPI/cries/main/cries/pokemon/latest/682.ogg, https://raw.githubusercontent.com/PokeAPI/sprites/master/sprites/pokemon/other/official-artwork/682.png, https://raw.githubusercontent.com/PokeAPI/sprites/master/sprites/pokemon/other/official-artwork/shiny/682.png);
INSERT INTO pokemon.base_stats (base_hp, base_attack, base_defense, base_special_attack, base_special_defense, base_speed, fk_generation, fk_form)
VALUES (78, 52, 60, 63, 65, 23, 6, 824);
INSERT INTO pokemon.form_has_type_per_generation (fk_form, fk_type, fk_generation, is_primary)
VALUES (824, 18, 6, True);

INSERT INTO pokemon.pokemon_species (name, pokedex_index, is_baby, is_legendary, is_mythical, evolves_from)
VALUES ('swirlix', 684, False, False, False, None);
INSERT INTO pokemon.form (name, is_default, fk_pokemon_species, height, weight, legacy_cry, latest_cry, artwork, shiny_artwork)
VALUES ('swirlix', True, 664, 4, 35, None, https://raw.githubusercontent.com/PokeAPI/cries/main/cries/pokemon/latest/684.ogg, https://raw.githubusercontent.com/PokeAPI/sprites/master/sprites/pokemon/other/official-artwork/684.png, https://raw.githubusercontent.com/PokeAPI/sprites/master/sprites/pokemon/other/official-artwork/shiny/684.png);
INSERT INTO pokemon.base_stats (base_hp, base_attack, base_defense, base_special_attack, base_special_defense, base_speed, fk_generation, fk_form)
VALUES (62, 48, 66, 59, 57, 49, 6, 825);
INSERT INTO pokemon.form_has_type_per_generation (fk_form, fk_type, fk_generation, is_primary)
VALUES (825, 18, 6, True);

INSERT INTO pokemon.pokemon_species (name, pokedex_index, is_baby, is_legendary, is_mythical, evolves_from)
VALUES ('inkay', 686, False, False, False, None);
INSERT INTO pokemon.form (name, is_default, fk_pokemon_species, height, weight, legacy_cry, latest_cry, artwork, shiny_artwork)
VALUES ('inkay', True, 665, 4, 35, None, https://raw.githubusercontent.com/PokeAPI/cries/main/cries/pokemon/latest/686.ogg, https://raw.githubusercontent.com/PokeAPI/sprites/master/sprites/pokemon/other/official-artwork/686.png, https://raw.githubusercontent.com/PokeAPI/sprites/master/sprites/pokemon/other/official-artwork/shiny/686.png);
INSERT INTO pokemon.base_stats (base_hp, base_attack, base_defense, base_special_attack, base_special_defense, base_speed, fk_generation, fk_form)
VALUES (53, 54, 53, 37, 46, 45, 6, 826);
INSERT INTO pokemon.form_has_type_per_generation (fk_form, fk_type, fk_generation, is_primary)
VALUES (826, 17, 6, True);
INSERT INTO pokemon.form_has_type_per_generation (fk_form, fk_type, fk_generation, is_primary)
VALUES (826, 14, 6, False);

INSERT INTO pokemon.pokemon_species (name, pokedex_index, is_baby, is_legendary, is_mythical, evolves_from)
VALUES ('quilladin', 651, False, False, False, chespin);
INSERT INTO pokemon.form (name, is_default, fk_pokemon_species, height, weight, legacy_cry, latest_cry, artwork, shiny_artwork)
VALUES ('quilladin', True, 666, 7, 290, None, https://raw.githubusercontent.com/PokeAPI/cries/main/cries/pokemon/latest/651.ogg, https://raw.githubusercontent.com/PokeAPI/sprites/master/sprites/pokemon/other/official-artwork/651.png, https://raw.githubusercontent.com/PokeAPI/sprites/master/sprites/pokemon/other/official-artwork/shiny/651.png);
INSERT INTO pokemon.base_stats (base_hp, base_attack, base_defense, base_special_attack, base_special_defense, base_speed, fk_generation, fk_form)
VALUES (61, 78, 95, 56, 58, 57, 6, 827);
INSERT INTO pokemon.form_has_type_per_generation (fk_form, fk_type, fk_generation, is_primary)
VALUES (827, 12, 6, True);

INSERT INTO pokemon.pokemon_species (name, pokedex_index, is_baby, is_legendary, is_mythical, evolves_from)
VALUES ('chesnaught', 652, False, False, False, quilladin);
INSERT INTO pokemon.form (name, is_default, fk_pokemon_species, height, weight, legacy_cry, latest_cry, artwork, shiny_artwork)
VALUES ('chesnaught', True, 667, 16, 900, None, https://raw.githubusercontent.com/PokeAPI/cries/main/cries/pokemon/latest/652.ogg, https://raw.githubusercontent.com/PokeAPI/sprites/master/sprites/pokemon/other/official-artwork/652.png, https://raw.githubusercontent.com/PokeAPI/sprites/master/sprites/pokemon/other/official-artwork/shiny/652.png);
INSERT INTO pokemon.base_stats (base_hp, base_attack, base_defense, base_special_attack, base_special_defense, base_speed, fk_generation, fk_form)
VALUES (88, 107, 122, 74, 75, 64, 6, 828);
INSERT INTO pokemon.form_has_type_per_generation (fk_form, fk_type, fk_generation, is_primary)
VALUES (828, 12, 6, True);
INSERT INTO pokemon.form_has_type_per_generation (fk_form, fk_type, fk_generation, is_primary)
VALUES (828, 2, 6, False);

INSERT INTO pokemon.pokemon_species (name, pokedex_index, is_baby, is_legendary, is_mythical, evolves_from)
VALUES ('braixen', 654, False, False, False, fennekin);
INSERT INTO pokemon.form (name, is_default, fk_pokemon_species, height, weight, legacy_cry, latest_cry, artwork, shiny_artwork)
VALUES ('braixen', True, 668, 10, 145, None, https://raw.githubusercontent.com/PokeAPI/cries/main/cries/pokemon/latest/654.ogg, https://raw.githubusercontent.com/PokeAPI/sprites/master/sprites/pokemon/other/official-artwork/654.png, https://raw.githubusercontent.com/PokeAPI/sprites/master/sprites/pokemon/other/official-artwork/shiny/654.png);
INSERT INTO pokemon.base_stats (base_hp, base_attack, base_defense, base_special_attack, base_special_defense, base_speed, fk_generation, fk_form)
VALUES (59, 59, 58, 90, 70, 73, 6, 829);
INSERT INTO pokemon.form_has_type_per_generation (fk_form, fk_type, fk_generation, is_primary)
VALUES (829, 10, 6, True);

INSERT INTO pokemon.pokemon_species (name, pokedex_index, is_baby, is_legendary, is_mythical, evolves_from)
VALUES ('delphox', 655, False, False, False, braixen);
INSERT INTO pokemon.form (name, is_default, fk_pokemon_species, height, weight, legacy_cry, latest_cry, artwork, shiny_artwork)
VALUES ('delphox', True, 669, 15, 390, None, https://raw.githubusercontent.com/PokeAPI/cries/main/cries/pokemon/latest/655.ogg, https://raw.githubusercontent.com/PokeAPI/sprites/master/sprites/pokemon/other/official-artwork/655.png, https://raw.githubusercontent.com/PokeAPI/sprites/master/sprites/pokemon/other/official-artwork/shiny/655.png);
INSERT INTO pokemon.base_stats (base_hp, base_attack, base_defense, base_special_attack, base_special_defense, base_speed, fk_generation, fk_form)
VALUES (75, 69, 72, 114, 100, 104, 6, 830);
INSERT INTO pokemon.form_has_type_per_generation (fk_form, fk_type, fk_generation, is_primary)
VALUES (830, 10, 6, True);
INSERT INTO pokemon.form_has_type_per_generation (fk_form, fk_type, fk_generation, is_primary)
VALUES (830, 14, 6, False);

INSERT INTO pokemon.pokemon_species (name, pokedex_index, is_baby, is_legendary, is_mythical, evolves_from)
VALUES ('frogadier', 657, False, False, False, froakie);
INSERT INTO pokemon.form (name, is_default, fk_pokemon_species, height, weight, legacy_cry, latest_cry, artwork, shiny_artwork)
VALUES ('frogadier', True, 670, 6, 109, None, https://raw.githubusercontent.com/PokeAPI/cries/main/cries/pokemon/latest/657.ogg, https://raw.githubusercontent.com/PokeAPI/sprites/master/sprites/pokemon/other/official-artwork/657.png, https://raw.githubusercontent.com/PokeAPI/sprites/master/sprites/pokemon/other/official-artwork/shiny/657.png);
INSERT INTO pokemon.base_stats (base_hp, base_attack, base_defense, base_special_attack, base_special_defense, base_speed, fk_generation, fk_form)
VALUES (54, 63, 52, 83, 56, 97, 6, 831);
INSERT INTO pokemon.form_has_type_per_generation (fk_form, fk_type, fk_generation, is_primary)
VALUES (831, 11, 6, True);

INSERT INTO pokemon.pokemon_species (name, pokedex_index, is_baby, is_legendary, is_mythical, evolves_from)
VALUES ('greninja', 658, False, False, False, frogadier);
INSERT INTO pokemon.form (name, is_default, fk_pokemon_species, height, weight, legacy_cry, latest_cry, artwork, shiny_artwork)
VALUES ('greninja', True, 671, 15, 400, None, https://raw.githubusercontent.com/PokeAPI/cries/main/cries/pokemon/latest/658.ogg, https://raw.githubusercontent.com/PokeAPI/sprites/master/sprites/pokemon/other/official-artwork/658.png, https://raw.githubusercontent.com/PokeAPI/sprites/master/sprites/pokemon/other/official-artwork/shiny/658.png);
INSERT INTO pokemon.base_stats (base_hp, base_attack, base_defense, base_special_attack, base_special_defense, base_speed, fk_generation, fk_form)
VALUES (72, 95, 67, 103, 71, 122, 6, 832);
INSERT INTO pokemon.form_has_type_per_generation (fk_form, fk_type, fk_generation, is_primary)
VALUES (832, 11, 6, True);
INSERT INTO pokemon.form_has_type_per_generation (fk_form, fk_type, fk_generation, is_primary)
VALUES (832, 17, 6, False);

INSERT INTO pokemon.form (name, is_default, fk_pokemon_species, height, weight, legacy_cry, latest_cry, artwork, shiny_artwork)
VALUES ('greninja-battle-bond', False, 671, 15, 400, None, https://raw.githubusercontent.com/PokeAPI/cries/main/cries/pokemon/latest/10116.ogg, https://raw.githubusercontent.com/PokeAPI/sprites/master/sprites/pokemon/other/official-artwork/10116.png, None);
INSERT INTO pokemon.base_stats (base_hp, base_attack, base_defense, base_special_attack, base_special_defense, base_speed, fk_generation, fk_form)
VALUES (72, 95, 67, 103, 71, 122, 6, 833);
INSERT INTO pokemon.form_has_type_per_generation (fk_form, fk_type, fk_generation, is_primary)
VALUES (833, 11, 6, True);
INSERT INTO pokemon.form_has_type_per_generation (fk_form, fk_type, fk_generation, is_primary)
VALUES (833, 17, 6, False);

INSERT INTO pokemon.form (name, is_default, fk_pokemon_species, height, weight, legacy_cry, latest_cry, artwork, shiny_artwork)
VALUES ('greninja-ash', False, 671, 15, 400, None, https://raw.githubusercontent.com/PokeAPI/cries/main/cries/pokemon/latest/10117.ogg, https://raw.githubusercontent.com/PokeAPI/sprites/master/sprites/pokemon/other/official-artwork/10117.png, https://raw.githubusercontent.com/PokeAPI/sprites/master/sprites/pokemon/other/official-artwork/shiny/10117.png);
INSERT INTO pokemon.base_stats (base_hp, base_attack, base_defense, base_special_attack, base_special_defense, base_speed, fk_generation, fk_form)
VALUES (72, 145, 67, 153, 71, 132, 6, 834);
INSERT INTO pokemon.form_has_type_per_generation (fk_form, fk_type, fk_generation, is_primary)
VALUES (834, 11, 6, True);
INSERT INTO pokemon.form_has_type_per_generation (fk_form, fk_type, fk_generation, is_primary)
VALUES (834, 17, 6, False);

INSERT INTO pokemon.pokemon_species (name, pokedex_index, is_baby, is_legendary, is_mythical, evolves_from)
VALUES ('diggersby', 660, False, False, False, bunnelby);
INSERT INTO pokemon.form (name, is_default, fk_pokemon_species, height, weight, legacy_cry, latest_cry, artwork, shiny_artwork)
VALUES ('diggersby', True, 672, 10, 424, None, https://raw.githubusercontent.com/PokeAPI/cries/main/cries/pokemon/latest/660.ogg, https://raw.githubusercontent.com/PokeAPI/sprites/master/sprites/pokemon/other/official-artwork/660.png, https://raw.githubusercontent.com/PokeAPI/sprites/master/sprites/pokemon/other/official-artwork/shiny/660.png);
INSERT INTO pokemon.base_stats (base_hp, base_attack, base_defense, base_special_attack, base_special_defense, base_speed, fk_generation, fk_form)
VALUES (85, 56, 77, 50, 77, 78, 6, 835);
INSERT INTO pokemon.form_has_type_per_generation (fk_form, fk_type, fk_generation, is_primary)
VALUES (835, 1, 6, True);
INSERT INTO pokemon.form_has_type_per_generation (fk_form, fk_type, fk_generation, is_primary)
VALUES (835, 5, 6, False);

INSERT INTO pokemon.pokemon_species (name, pokedex_index, is_baby, is_legendary, is_mythical, evolves_from)
VALUES ('fletchinder', 662, False, False, False, fletchling);
INSERT INTO pokemon.form (name, is_default, fk_pokemon_species, height, weight, legacy_cry, latest_cry, artwork, shiny_artwork)
VALUES ('fletchinder', True, 673, 7, 160, None, https://raw.githubusercontent.com/PokeAPI/cries/main/cries/pokemon/latest/662.ogg, https://raw.githubusercontent.com/PokeAPI/sprites/master/sprites/pokemon/other/official-artwork/662.png, https://raw.githubusercontent.com/PokeAPI/sprites/master/sprites/pokemon/other/official-artwork/shiny/662.png);
INSERT INTO pokemon.base_stats (base_hp, base_attack, base_defense, base_special_attack, base_special_defense, base_speed, fk_generation, fk_form)
VALUES (62, 73, 55, 56, 52, 84, 6, 836);
INSERT INTO pokemon.form_has_type_per_generation (fk_form, fk_type, fk_generation, is_primary)
VALUES (836, 10, 6, True);
INSERT INTO pokemon.form_has_type_per_generation (fk_form, fk_type, fk_generation, is_primary)
VALUES (836, 3, 6, False);

INSERT INTO pokemon.pokemon_species (name, pokedex_index, is_baby, is_legendary, is_mythical, evolves_from)
VALUES ('talonflame', 663, False, False, False, fletchinder);
INSERT INTO pokemon.form (name, is_default, fk_pokemon_species, height, weight, legacy_cry, latest_cry, artwork, shiny_artwork)
VALUES ('talonflame', True, 674, 12, 245, None, https://raw.githubusercontent.com/PokeAPI/cries/main/cries/pokemon/latest/663.ogg, https://raw.githubusercontent.com/PokeAPI/sprites/master/sprites/pokemon/other/official-artwork/663.png, https://raw.githubusercontent.com/PokeAPI/sprites/master/sprites/pokemon/other/official-artwork/shiny/663.png);
INSERT INTO pokemon.base_stats (base_hp, base_attack, base_defense, base_special_attack, base_special_defense, base_speed, fk_generation, fk_form)
VALUES (78, 81, 71, 74, 69, 126, 6, 837);
INSERT INTO pokemon.form_has_type_per_generation (fk_form, fk_type, fk_generation, is_primary)
VALUES (837, 10, 6, True);
INSERT INTO pokemon.form_has_type_per_generation (fk_form, fk_type, fk_generation, is_primary)
VALUES (837, 3, 6, False);

INSERT INTO pokemon.pokemon_species (name, pokedex_index, is_baby, is_legendary, is_mythical, evolves_from)
VALUES ('spewpa', 665, False, False, False, scatterbug);
INSERT INTO pokemon.form (name, is_default, fk_pokemon_species, height, weight, legacy_cry, latest_cry, artwork, shiny_artwork)
VALUES ('spewpa', True, 675, 3, 84, None, https://raw.githubusercontent.com/PokeAPI/cries/main/cries/pokemon/latest/665.ogg, https://raw.githubusercontent.com/PokeAPI/sprites/master/sprites/pokemon/other/official-artwork/665.png, https://raw.githubusercontent.com/PokeAPI/sprites/master/sprites/pokemon/other/official-artwork/shiny/665.png);
INSERT INTO pokemon.base_stats (base_hp, base_attack, base_defense, base_special_attack, base_special_defense, base_speed, fk_generation, fk_form)
VALUES (45, 22, 60, 27, 30, 29, 6, 838);
INSERT INTO pokemon.form_has_type_per_generation (fk_form, fk_type, fk_generation, is_primary)
VALUES (838, 7, 6, True);

INSERT INTO pokemon.pokemon_species (name, pokedex_index, is_baby, is_legendary, is_mythical, evolves_from)
VALUES ('pyroar', 668, False, False, False, litleo);
INSERT INTO pokemon.form (name, is_default, fk_pokemon_species, height, weight, legacy_cry, latest_cry, artwork, shiny_artwork)
VALUES ('pyroar', True, 676, 15, 815, None, https://raw.githubusercontent.com/PokeAPI/cries/main/cries/pokemon/latest/668.ogg, https://raw.githubusercontent.com/PokeAPI/sprites/master/sprites/pokemon/other/official-artwork/668.png, https://raw.githubusercontent.com/PokeAPI/sprites/master/sprites/pokemon/other/official-artwork/shiny/668.png);
INSERT INTO pokemon.base_stats (base_hp, base_attack, base_defense, base_special_attack, base_special_defense, base_speed, fk_generation, fk_form)
VALUES (86, 68, 72, 109, 66, 106, 6, 839);
INSERT INTO pokemon.form_has_type_per_generation (fk_form, fk_type, fk_generation, is_primary)
VALUES (839, 10, 6, True);
INSERT INTO pokemon.form_has_type_per_generation (fk_form, fk_type, fk_generation, is_primary)
VALUES (839, 1, 6, False);

INSERT INTO pokemon.pokemon_species (name, pokedex_index, is_baby, is_legendary, is_mythical, evolves_from)
VALUES ('floette', 670, False, False, False, flabebe);
INSERT INTO pokemon.form (name, is_default, fk_pokemon_species, height, weight, legacy_cry, latest_cry, artwork, shiny_artwork)
VALUES ('floette', True, 677, 2, 9, None, https://raw.githubusercontent.com/PokeAPI/cries/main/cries/pokemon/latest/670.ogg, https://raw.githubusercontent.com/PokeAPI/sprites/master/sprites/pokemon/other/official-artwork/670.png, https://raw.githubusercontent.com/PokeAPI/sprites/master/sprites/pokemon/other/official-artwork/shiny/670.png);
INSERT INTO pokemon.base_stats (base_hp, base_attack, base_defense, base_special_attack, base_special_defense, base_speed, fk_generation, fk_form)
VALUES (54, 45, 47, 75, 98, 52, 6, 840);
INSERT INTO pokemon.form_has_type_per_generation (fk_form, fk_type, fk_generation, is_primary)
VALUES (840, 18, 6, True);

INSERT INTO pokemon.form (name, is_default, fk_pokemon_species, height, weight, legacy_cry, latest_cry, artwork, shiny_artwork)
VALUES ('floette-eternal', False, 677, 2, 9, None, https://raw.githubusercontent.com/PokeAPI/cries/main/cries/pokemon/latest/10061.ogg, https://raw.githubusercontent.com/PokeAPI/sprites/master/sprites/pokemon/other/official-artwork/10061.png, https://raw.githubusercontent.com/PokeAPI/sprites/master/sprites/pokemon/other/official-artwork/shiny/10061.png);
INSERT INTO pokemon.base_stats (base_hp, base_attack, base_defense, base_special_attack, base_special_defense, base_speed, fk_generation, fk_form)
VALUES (74, 65, 67, 125, 128, 92, 6, 841);
INSERT INTO pokemon.form_has_type_per_generation (fk_form, fk_type, fk_generation, is_primary)
VALUES (841, 18, 6, True);

INSERT INTO pokemon.pokemon_species (name, pokedex_index, is_baby, is_legendary, is_mythical, evolves_from)
VALUES ('florges', 671, False, False, False, floette);
INSERT INTO pokemon.form (name, is_default, fk_pokemon_species, height, weight, legacy_cry, latest_cry, artwork, shiny_artwork)
VALUES ('florges', True, 678, 11, 100, None, https://raw.githubusercontent.com/PokeAPI/cries/main/cries/pokemon/latest/671.ogg, https://raw.githubusercontent.com/PokeAPI/sprites/master/sprites/pokemon/other/official-artwork/671.png, https://raw.githubusercontent.com/PokeAPI/sprites/master/sprites/pokemon/other/official-artwork/shiny/671.png);
INSERT INTO pokemon.base_stats (base_hp, base_attack, base_defense, base_special_attack, base_special_defense, base_speed, fk_generation, fk_form)
VALUES (78, 65, 68, 112, 154, 75, 6, 842);
INSERT INTO pokemon.form_has_type_per_generation (fk_form, fk_type, fk_generation, is_primary)
VALUES (842, 18, 6, True);

INSERT INTO pokemon.pokemon_species (name, pokedex_index, is_baby, is_legendary, is_mythical, evolves_from)
VALUES ('gogoat', 673, False, False, False, skiddo);
INSERT INTO pokemon.form (name, is_default, fk_pokemon_species, height, weight, legacy_cry, latest_cry, artwork, shiny_artwork)
VALUES ('gogoat', True, 679, 17, 910, None, https://raw.githubusercontent.com/PokeAPI/cries/main/cries/pokemon/latest/673.ogg, https://raw.githubusercontent.com/PokeAPI/sprites/master/sprites/pokemon/other/official-artwork/673.png, https://raw.githubusercontent.com/PokeAPI/sprites/master/sprites/pokemon/other/official-artwork/shiny/673.png);
INSERT INTO pokemon.base_stats (base_hp, base_attack, base_defense, base_special_attack, base_special_defense, base_speed, fk_generation, fk_form)
VALUES (123, 100, 62, 97, 81, 68, 6, 843);
INSERT INTO pokemon.form_has_type_per_generation (fk_form, fk_type, fk_generation, is_primary)
VALUES (843, 12, 6, True);

INSERT INTO pokemon.pokemon_species (name, pokedex_index, is_baby, is_legendary, is_mythical, evolves_from)
VALUES ('pangoro', 675, False, False, False, pancham);
INSERT INTO pokemon.form (name, is_default, fk_pokemon_species, height, weight, legacy_cry, latest_cry, artwork, shiny_artwork)
VALUES ('pangoro', True, 680, 21, 1360, None, https://raw.githubusercontent.com/PokeAPI/cries/main/cries/pokemon/latest/675.ogg, https://raw.githubusercontent.com/PokeAPI/sprites/master/sprites/pokemon/other/official-artwork/675.png, https://raw.githubusercontent.com/PokeAPI/sprites/master/sprites/pokemon/other/official-artwork/shiny/675.png);
INSERT INTO pokemon.base_stats (base_hp, base_attack, base_defense, base_special_attack, base_special_defense, base_speed, fk_generation, fk_form)
VALUES (95, 124, 78, 69, 71, 58, 6, 844);
INSERT INTO pokemon.form_has_type_per_generation (fk_form, fk_type, fk_generation, is_primary)
VALUES (844, 2, 6, True);
INSERT INTO pokemon.form_has_type_per_generation (fk_form, fk_type, fk_generation, is_primary)
VALUES (844, 17, 6, False);

INSERT INTO pokemon.pokemon_species (name, pokedex_index, is_baby, is_legendary, is_mythical, evolves_from)
VALUES ('meowstic', 678, False, False, False, espurr);
INSERT INTO pokemon.form (name, is_default, fk_pokemon_species, height, weight, legacy_cry, latest_cry, artwork, shiny_artwork)
VALUES ('meowstic-male', False, 681, 6, 85, None, https://raw.githubusercontent.com/PokeAPI/cries/main/cries/pokemon/latest/678.ogg, https://raw.githubusercontent.com/PokeAPI/sprites/master/sprites/pokemon/other/official-artwork/678.png, https://raw.githubusercontent.com/PokeAPI/sprites/master/sprites/pokemon/other/official-artwork/shiny/678.png);
INSERT INTO pokemon.base_stats (base_hp, base_attack, base_defense, base_special_attack, base_special_defense, base_speed, fk_generation, fk_form)
VALUES (74, 48, 76, 83, 81, 104, 6, 845);
INSERT INTO pokemon.form_has_type_per_generation (fk_form, fk_type, fk_generation, is_primary)
VALUES (845, 14, 6, True);

INSERT INTO pokemon.form (name, is_default, fk_pokemon_species, height, weight, legacy_cry, latest_cry, artwork, shiny_artwork)
VALUES ('meowstic-female', False, 681, 6, 85, None, https://raw.githubusercontent.com/PokeAPI/cries/main/cries/pokemon/latest/10025.ogg, https://raw.githubusercontent.com/PokeAPI/sprites/master/sprites/pokemon/other/official-artwork/10025.png, None);
INSERT INTO pokemon.base_stats (base_hp, base_attack, base_defense, base_special_attack, base_special_defense, base_speed, fk_generation, fk_form)
VALUES (74, 48, 76, 83, 81, 104, 6, 846);
INSERT INTO pokemon.form_has_type_per_generation (fk_form, fk_type, fk_generation, is_primary)
VALUES (846, 14, 6, True);

INSERT INTO pokemon.pokemon_species (name, pokedex_index, is_baby, is_legendary, is_mythical, evolves_from)
VALUES ('doublade', 680, False, False, False, honedge);
INSERT INTO pokemon.form (name, is_default, fk_pokemon_species, height, weight, legacy_cry, latest_cry, artwork, shiny_artwork)
VALUES ('doublade', True, 682, 8, 45, None, https://raw.githubusercontent.com/PokeAPI/cries/main/cries/pokemon/latest/680.ogg, https://raw.githubusercontent.com/PokeAPI/sprites/master/sprites/pokemon/other/official-artwork/680.png, https://raw.githubusercontent.com/PokeAPI/sprites/master/sprites/pokemon/other/official-artwork/shiny/680.png);
INSERT INTO pokemon.base_stats (base_hp, base_attack, base_defense, base_special_attack, base_special_defense, base_speed, fk_generation, fk_form)
VALUES (59, 110, 150, 45, 49, 35, 6, 847);
INSERT INTO pokemon.form_has_type_per_generation (fk_form, fk_type, fk_generation, is_primary)
VALUES (847, 9, 6, True);
INSERT INTO pokemon.form_has_type_per_generation (fk_form, fk_type, fk_generation, is_primary)
VALUES (847, 8, 6, False);

INSERT INTO pokemon.pokemon_species (name, pokedex_index, is_baby, is_legendary, is_mythical, evolves_from)
VALUES ('aegislash', 681, False, False, False, doublade);
INSERT INTO pokemon.form (name, is_default, fk_pokemon_species, height, weight, legacy_cry, latest_cry, artwork, shiny_artwork)
VALUES ('aegislash-shield', False, 683, 17, 530, None, https://raw.githubusercontent.com/PokeAPI/cries/main/cries/pokemon/latest/681.ogg, https://raw.githubusercontent.com/PokeAPI/sprites/master/sprites/pokemon/other/official-artwork/681.png, https://raw.githubusercontent.com/PokeAPI/sprites/master/sprites/pokemon/other/official-artwork/shiny/681.png);
INSERT INTO pokemon.base_stats (base_hp, base_attack, base_defense, base_special_attack, base_special_defense, base_speed, fk_generation, fk_form)
VALUES (60, 50, 140, 50, 140, 60, 6, 848);
INSERT INTO pokemon.form_has_type_per_generation (fk_form, fk_type, fk_generation, is_primary)
VALUES (848, 9, 6, True);
INSERT INTO pokemon.form_has_type_per_generation (fk_form, fk_type, fk_generation, is_primary)
VALUES (848, 8, 6, False);

INSERT INTO pokemon.form (name, is_default, fk_pokemon_species, height, weight, legacy_cry, latest_cry, artwork, shiny_artwork)
VALUES ('aegislash-blade', False, 683, 17, 530, None, https://raw.githubusercontent.com/PokeAPI/cries/main/cries/pokemon/latest/10026.ogg, https://raw.githubusercontent.com/PokeAPI/sprites/master/sprites/pokemon/other/official-artwork/10026.png, https://raw.githubusercontent.com/PokeAPI/sprites/master/sprites/pokemon/other/official-artwork/shiny/10026.png);
INSERT INTO pokemon.base_stats (base_hp, base_attack, base_defense, base_special_attack, base_special_defense, base_speed, fk_generation, fk_form)
VALUES (60, 140, 50, 140, 50, 60, 6, 849);
INSERT INTO pokemon.form_has_type_per_generation (fk_form, fk_type, fk_generation, is_primary)
VALUES (849, 9, 6, True);
INSERT INTO pokemon.form_has_type_per_generation (fk_form, fk_type, fk_generation, is_primary)
VALUES (849, 8, 6, False);

INSERT INTO pokemon.pokemon_species (name, pokedex_index, is_baby, is_legendary, is_mythical, evolves_from)
VALUES ('aromatisse', 683, False, False, False, spritzee);
INSERT INTO pokemon.form (name, is_default, fk_pokemon_species, height, weight, legacy_cry, latest_cry, artwork, shiny_artwork)
VALUES ('aromatisse', True, 684, 8, 155, None, https://raw.githubusercontent.com/PokeAPI/cries/main/cries/pokemon/latest/683.ogg, https://raw.githubusercontent.com/PokeAPI/sprites/master/sprites/pokemon/other/official-artwork/683.png, https://raw.githubusercontent.com/PokeAPI/sprites/master/sprites/pokemon/other/official-artwork/shiny/683.png);
INSERT INTO pokemon.base_stats (base_hp, base_attack, base_defense, base_special_attack, base_special_defense, base_speed, fk_generation, fk_form)
VALUES (101, 72, 72, 99, 89, 29, 6, 850);
INSERT INTO pokemon.form_has_type_per_generation (fk_form, fk_type, fk_generation, is_primary)
VALUES (850, 18, 6, True);

INSERT INTO pokemon.pokemon_species (name, pokedex_index, is_baby, is_legendary, is_mythical, evolves_from)
VALUES ('slurpuff', 685, False, False, False, swirlix);
INSERT INTO pokemon.form (name, is_default, fk_pokemon_species, height, weight, legacy_cry, latest_cry, artwork, shiny_artwork)
VALUES ('slurpuff', True, 685, 8, 50, None, https://raw.githubusercontent.com/PokeAPI/cries/main/cries/pokemon/latest/685.ogg, https://raw.githubusercontent.com/PokeAPI/sprites/master/sprites/pokemon/other/official-artwork/685.png, https://raw.githubusercontent.com/PokeAPI/sprites/master/sprites/pokemon/other/official-artwork/shiny/685.png);
INSERT INTO pokemon.base_stats (base_hp, base_attack, base_defense, base_special_attack, base_special_defense, base_speed, fk_generation, fk_form)
VALUES (82, 80, 86, 85, 75, 72, 6, 851);
INSERT INTO pokemon.form_has_type_per_generation (fk_form, fk_type, fk_generation, is_primary)
VALUES (851, 18, 6, True);

INSERT INTO pokemon.pokemon_species (name, pokedex_index, is_baby, is_legendary, is_mythical, evolves_from)
VALUES ('binacle', 688, False, False, False, None);
INSERT INTO pokemon.form (name, is_default, fk_pokemon_species, height, weight, legacy_cry, latest_cry, artwork, shiny_artwork)
VALUES ('binacle', True, 686, 5, 310, None, https://raw.githubusercontent.com/PokeAPI/cries/main/cries/pokemon/latest/688.ogg, https://raw.githubusercontent.com/PokeAPI/sprites/master/sprites/pokemon/other/official-artwork/688.png, https://raw.githubusercontent.com/PokeAPI/sprites/master/sprites/pokemon/other/official-artwork/shiny/688.png);
INSERT INTO pokemon.base_stats (base_hp, base_attack, base_defense, base_special_attack, base_special_defense, base_speed, fk_generation, fk_form)
VALUES (42, 52, 67, 39, 56, 50, 6, 852);
INSERT INTO pokemon.form_has_type_per_generation (fk_form, fk_type, fk_generation, is_primary)
VALUES (852, 6, 6, True);
INSERT INTO pokemon.form_has_type_per_generation (fk_form, fk_type, fk_generation, is_primary)
VALUES (852, 11, 6, False);

INSERT INTO pokemon.pokemon_species (name, pokedex_index, is_baby, is_legendary, is_mythical, evolves_from)
VALUES ('skrelp', 690, False, False, False, None);
INSERT INTO pokemon.form (name, is_default, fk_pokemon_species, height, weight, legacy_cry, latest_cry, artwork, shiny_artwork)
VALUES ('skrelp', True, 687, 5, 73, None, https://raw.githubusercontent.com/PokeAPI/cries/main/cries/pokemon/latest/690.ogg, https://raw.githubusercontent.com/PokeAPI/sprites/master/sprites/pokemon/other/official-artwork/690.png, https://raw.githubusercontent.com/PokeAPI/sprites/master/sprites/pokemon/other/official-artwork/shiny/690.png);
INSERT INTO pokemon.base_stats (base_hp, base_attack, base_defense, base_special_attack, base_special_defense, base_speed, fk_generation, fk_form)
VALUES (50, 60, 60, 60, 60, 30, 6, 853);
INSERT INTO pokemon.form_has_type_per_generation (fk_form, fk_type, fk_generation, is_primary)
VALUES (853, 4, 6, True);
INSERT INTO pokemon.form_has_type_per_generation (fk_form, fk_type, fk_generation, is_primary)
VALUES (853, 11, 6, False);

INSERT INTO pokemon.pokemon_species (name, pokedex_index, is_baby, is_legendary, is_mythical, evolves_from)
VALUES ('clauncher', 692, False, False, False, None);
INSERT INTO pokemon.form (name, is_default, fk_pokemon_species, height, weight, legacy_cry, latest_cry, artwork, shiny_artwork)
VALUES ('clauncher', True, 688, 5, 83, None, https://raw.githubusercontent.com/PokeAPI/cries/main/cries/pokemon/latest/692.ogg, https://raw.githubusercontent.com/PokeAPI/sprites/master/sprites/pokemon/other/official-artwork/692.png, https://raw.githubusercontent.com/PokeAPI/sprites/master/sprites/pokemon/other/official-artwork/shiny/692.png);
INSERT INTO pokemon.base_stats (base_hp, base_attack, base_defense, base_special_attack, base_special_defense, base_speed, fk_generation, fk_form)
VALUES (50, 53, 62, 58, 63, 44, 6, 854);
INSERT INTO pokemon.form_has_type_per_generation (fk_form, fk_type, fk_generation, is_primary)
VALUES (854, 11, 6, True);

INSERT INTO pokemon.pokemon_species (name, pokedex_index, is_baby, is_legendary, is_mythical, evolves_from)
VALUES ('helioptile', 694, False, False, False, None);
INSERT INTO pokemon.form (name, is_default, fk_pokemon_species, height, weight, legacy_cry, latest_cry, artwork, shiny_artwork)
VALUES ('helioptile', True, 689, 5, 60, None, https://raw.githubusercontent.com/PokeAPI/cries/main/cries/pokemon/latest/694.ogg, https://raw.githubusercontent.com/PokeAPI/sprites/master/sprites/pokemon/other/official-artwork/694.png, https://raw.githubusercontent.com/PokeAPI/sprites/master/sprites/pokemon/other/official-artwork/shiny/694.png);
INSERT INTO pokemon.base_stats (base_hp, base_attack, base_defense, base_special_attack, base_special_defense, base_speed, fk_generation, fk_form)
VALUES (44, 38, 33, 61, 43, 70, 6, 855);
INSERT INTO pokemon.form_has_type_per_generation (fk_form, fk_type, fk_generation, is_primary)
VALUES (855, 13, 6, True);
INSERT INTO pokemon.form_has_type_per_generation (fk_form, fk_type, fk_generation, is_primary)
VALUES (855, 1, 6, False);

INSERT INTO pokemon.pokemon_species (name, pokedex_index, is_baby, is_legendary, is_mythical, evolves_from)
VALUES ('tyrunt', 696, False, False, False, None);
INSERT INTO pokemon.form (name, is_default, fk_pokemon_species, height, weight, legacy_cry, latest_cry, artwork, shiny_artwork)
VALUES ('tyrunt', True, 690, 8, 260, None, https://raw.githubusercontent.com/PokeAPI/cries/main/cries/pokemon/latest/696.ogg, https://raw.githubusercontent.com/PokeAPI/sprites/master/sprites/pokemon/other/official-artwork/696.png, https://raw.githubusercontent.com/PokeAPI/sprites/master/sprites/pokemon/other/official-artwork/shiny/696.png);
INSERT INTO pokemon.base_stats (base_hp, base_attack, base_defense, base_special_attack, base_special_defense, base_speed, fk_generation, fk_form)
VALUES (58, 89, 77, 45, 45, 48, 6, 856);
INSERT INTO pokemon.form_has_type_per_generation (fk_form, fk_type, fk_generation, is_primary)
VALUES (856, 6, 6, True);
INSERT INTO pokemon.form_has_type_per_generation (fk_form, fk_type, fk_generation, is_primary)
VALUES (856, 16, 6, False);

INSERT INTO pokemon.pokemon_species (name, pokedex_index, is_baby, is_legendary, is_mythical, evolves_from)
VALUES ('amaura', 698, False, False, False, None);
INSERT INTO pokemon.form (name, is_default, fk_pokemon_species, height, weight, legacy_cry, latest_cry, artwork, shiny_artwork)
VALUES ('amaura', True, 691, 13, 252, None, https://raw.githubusercontent.com/PokeAPI/cries/main/cries/pokemon/latest/698.ogg, https://raw.githubusercontent.com/PokeAPI/sprites/master/sprites/pokemon/other/official-artwork/698.png, https://raw.githubusercontent.com/PokeAPI/sprites/master/sprites/pokemon/other/official-artwork/shiny/698.png);
INSERT INTO pokemon.base_stats (base_hp, base_attack, base_defense, base_special_attack, base_special_defense, base_speed, fk_generation, fk_form)
VALUES (77, 59, 50, 67, 63, 46, 6, 857);
INSERT INTO pokemon.form_has_type_per_generation (fk_form, fk_type, fk_generation, is_primary)
VALUES (857, 6, 6, True);
INSERT INTO pokemon.form_has_type_per_generation (fk_form, fk_type, fk_generation, is_primary)
VALUES (857, 15, 6, False);

INSERT INTO pokemon.pokemon_species (name, pokedex_index, is_baby, is_legendary, is_mythical, evolves_from)
VALUES ('hawlucha', 701, False, False, False, None);
INSERT INTO pokemon.form (name, is_default, fk_pokemon_species, height, weight, legacy_cry, latest_cry, artwork, shiny_artwork)
VALUES ('hawlucha', True, 692, 8, 215, None, https://raw.githubusercontent.com/PokeAPI/cries/main/cries/pokemon/latest/701.ogg, https://raw.githubusercontent.com/PokeAPI/sprites/master/sprites/pokemon/other/official-artwork/701.png, https://raw.githubusercontent.com/PokeAPI/sprites/master/sprites/pokemon/other/official-artwork/shiny/701.png);
INSERT INTO pokemon.base_stats (base_hp, base_attack, base_defense, base_special_attack, base_special_defense, base_speed, fk_generation, fk_form)
VALUES (78, 92, 75, 74, 63, 118, 6, 858);
INSERT INTO pokemon.form_has_type_per_generation (fk_form, fk_type, fk_generation, is_primary)
VALUES (858, 2, 6, True);
INSERT INTO pokemon.form_has_type_per_generation (fk_form, fk_type, fk_generation, is_primary)
VALUES (858, 3, 6, False);

INSERT INTO pokemon.pokemon_species (name, pokedex_index, is_baby, is_legendary, is_mythical, evolves_from)
VALUES ('dedenne', 702, False, False, False, None);
INSERT INTO pokemon.form (name, is_default, fk_pokemon_species, height, weight, legacy_cry, latest_cry, artwork, shiny_artwork)
VALUES ('dedenne', True, 693, 2, 22, None, https://raw.githubusercontent.com/PokeAPI/cries/main/cries/pokemon/latest/702.ogg, https://raw.githubusercontent.com/PokeAPI/sprites/master/sprites/pokemon/other/official-artwork/702.png, https://raw.githubusercontent.com/PokeAPI/sprites/master/sprites/pokemon/other/official-artwork/shiny/702.png);
INSERT INTO pokemon.base_stats (base_hp, base_attack, base_defense, base_special_attack, base_special_defense, base_speed, fk_generation, fk_form)
VALUES (67, 58, 57, 81, 67, 101, 6, 859);
INSERT INTO pokemon.form_has_type_per_generation (fk_form, fk_type, fk_generation, is_primary)
VALUES (859, 13, 6, True);
INSERT INTO pokemon.form_has_type_per_generation (fk_form, fk_type, fk_generation, is_primary)
VALUES (859, 18, 6, False);

INSERT INTO pokemon.pokemon_species (name, pokedex_index, is_baby, is_legendary, is_mythical, evolves_from)
VALUES ('carbink', 703, False, False, False, None);
INSERT INTO pokemon.form (name, is_default, fk_pokemon_species, height, weight, legacy_cry, latest_cry, artwork, shiny_artwork)
VALUES ('carbink', True, 694, 3, 57, None, https://raw.githubusercontent.com/PokeAPI/cries/main/cries/pokemon/latest/703.ogg, https://raw.githubusercontent.com/PokeAPI/sprites/master/sprites/pokemon/other/official-artwork/703.png, https://raw.githubusercontent.com/PokeAPI/sprites/master/sprites/pokemon/other/official-artwork/shiny/703.png);
INSERT INTO pokemon.base_stats (base_hp, base_attack, base_defense, base_special_attack, base_special_defense, base_speed, fk_generation, fk_form)
VALUES (50, 50, 150, 50, 150, 50, 6, 860);
INSERT INTO pokemon.form_has_type_per_generation (fk_form, fk_type, fk_generation, is_primary)
VALUES (860, 6, 6, True);
INSERT INTO pokemon.form_has_type_per_generation (fk_form, fk_type, fk_generation, is_primary)
VALUES (860, 18, 6, False);

INSERT INTO pokemon.pokemon_species (name, pokedex_index, is_baby, is_legendary, is_mythical, evolves_from)
VALUES ('goomy', 704, False, False, False, None);
INSERT INTO pokemon.form (name, is_default, fk_pokemon_species, height, weight, legacy_cry, latest_cry, artwork, shiny_artwork)
VALUES ('goomy', True, 695, 3, 28, None, https://raw.githubusercontent.com/PokeAPI/cries/main/cries/pokemon/latest/704.ogg, https://raw.githubusercontent.com/PokeAPI/sprites/master/sprites/pokemon/other/official-artwork/704.png, https://raw.githubusercontent.com/PokeAPI/sprites/master/sprites/pokemon/other/official-artwork/shiny/704.png);
INSERT INTO pokemon.base_stats (base_hp, base_attack, base_defense, base_special_attack, base_special_defense, base_speed, fk_generation, fk_form)
VALUES (45, 50, 35, 55, 75, 40, 6, 861);
INSERT INTO pokemon.form_has_type_per_generation (fk_form, fk_type, fk_generation, is_primary)
VALUES (861, 16, 6, True);

INSERT INTO pokemon.pokemon_species (name, pokedex_index, is_baby, is_legendary, is_mythical, evolves_from)
VALUES ('klefki', 707, False, False, False, None);
INSERT INTO pokemon.form (name, is_default, fk_pokemon_species, height, weight, legacy_cry, latest_cry, artwork, shiny_artwork)
VALUES ('klefki', True, 696, 2, 30, None, https://raw.githubusercontent.com/PokeAPI/cries/main/cries/pokemon/latest/707.ogg, https://raw.githubusercontent.com/PokeAPI/sprites/master/sprites/pokemon/other/official-artwork/707.png, https://raw.githubusercontent.com/PokeAPI/sprites/master/sprites/pokemon/other/official-artwork/shiny/707.png);
INSERT INTO pokemon.base_stats (base_hp, base_attack, base_defense, base_special_attack, base_special_defense, base_speed, fk_generation, fk_form)
VALUES (57, 80, 91, 80, 87, 75, 6, 862);
INSERT INTO pokemon.form_has_type_per_generation (fk_form, fk_type, fk_generation, is_primary)
VALUES (862, 9, 6, True);
INSERT INTO pokemon.form_has_type_per_generation (fk_form, fk_type, fk_generation, is_primary)
VALUES (862, 18, 6, False);

INSERT INTO pokemon.pokemon_species (name, pokedex_index, is_baby, is_legendary, is_mythical, evolves_from)
VALUES ('phantump', 708, False, False, False, None);
INSERT INTO pokemon.form (name, is_default, fk_pokemon_species, height, weight, legacy_cry, latest_cry, artwork, shiny_artwork)
VALUES ('phantump', True, 697, 4, 70, None, https://raw.githubusercontent.com/PokeAPI/cries/main/cries/pokemon/latest/708.ogg, https://raw.githubusercontent.com/PokeAPI/sprites/master/sprites/pokemon/other/official-artwork/708.png, https://raw.githubusercontent.com/PokeAPI/sprites/master/sprites/pokemon/other/official-artwork/shiny/708.png);
INSERT INTO pokemon.base_stats (base_hp, base_attack, base_defense, base_special_attack, base_special_defense, base_speed, fk_generation, fk_form)
VALUES (43, 70, 48, 50, 60, 38, 6, 863);
INSERT INTO pokemon.form_has_type_per_generation (fk_form, fk_type, fk_generation, is_primary)
VALUES (863, 8, 6, True);
INSERT INTO pokemon.form_has_type_per_generation (fk_form, fk_type, fk_generation, is_primary)
VALUES (863, 12, 6, False);

INSERT INTO pokemon.pokemon_species (name, pokedex_index, is_baby, is_legendary, is_mythical, evolves_from)
VALUES ('pumpkaboo', 710, False, False, False, None);
INSERT INTO pokemon.form (name, is_default, fk_pokemon_species, height, weight, legacy_cry, latest_cry, artwork, shiny_artwork)
VALUES ('pumpkaboo-average', False, 698, 4, 50, None, https://raw.githubusercontent.com/PokeAPI/cries/main/cries/pokemon/latest/710.ogg, https://raw.githubusercontent.com/PokeAPI/sprites/master/sprites/pokemon/other/official-artwork/710.png, https://raw.githubusercontent.com/PokeAPI/sprites/master/sprites/pokemon/other/official-artwork/shiny/710.png);
INSERT INTO pokemon.base_stats (base_hp, base_attack, base_defense, base_special_attack, base_special_defense, base_speed, fk_generation, fk_form)
VALUES (49, 66, 70, 44, 55, 51, 6, 864);
INSERT INTO pokemon.form_has_type_per_generation (fk_form, fk_type, fk_generation, is_primary)
VALUES (864, 8, 6, True);
INSERT INTO pokemon.form_has_type_per_generation (fk_form, fk_type, fk_generation, is_primary)
VALUES (864, 12, 6, False);

INSERT INTO pokemon.form (name, is_default, fk_pokemon_species, height, weight, legacy_cry, latest_cry, artwork, shiny_artwork)
VALUES ('pumpkaboo-small', False, 698, 3, 35, None, https://raw.githubusercontent.com/PokeAPI/cries/main/cries/pokemon/latest/10027.ogg, https://raw.githubusercontent.com/PokeAPI/sprites/master/sprites/pokemon/other/official-artwork/10027.png, https://raw.githubusercontent.com/PokeAPI/sprites/master/sprites/pokemon/other/official-artwork/shiny/10027.png);
INSERT INTO pokemon.base_stats (base_hp, base_attack, base_defense, base_special_attack, base_special_defense, base_speed, fk_generation, fk_form)
VALUES (44, 66, 70, 44, 55, 56, 6, 865);
INSERT INTO pokemon.form_has_type_per_generation (fk_form, fk_type, fk_generation, is_primary)
VALUES (865, 8, 6, True);
INSERT INTO pokemon.form_has_type_per_generation (fk_form, fk_type, fk_generation, is_primary)
VALUES (865, 12, 6, False);

INSERT INTO pokemon.form (name, is_default, fk_pokemon_species, height, weight, legacy_cry, latest_cry, artwork, shiny_artwork)
VALUES ('pumpkaboo-large', False, 698, 5, 75, None, https://raw.githubusercontent.com/PokeAPI/cries/main/cries/pokemon/latest/10028.ogg, https://raw.githubusercontent.com/PokeAPI/sprites/master/sprites/pokemon/other/official-artwork/10028.png, https://raw.githubusercontent.com/PokeAPI/sprites/master/sprites/pokemon/other/official-artwork/shiny/10028.png);
INSERT INTO pokemon.base_stats (base_hp, base_attack, base_defense, base_special_attack, base_special_defense, base_speed, fk_generation, fk_form)
VALUES (54, 66, 70, 44, 55, 46, 6, 866);
INSERT INTO pokemon.form_has_type_per_generation (fk_form, fk_type, fk_generation, is_primary)
VALUES (866, 8, 6, True);
INSERT INTO pokemon.form_has_type_per_generation (fk_form, fk_type, fk_generation, is_primary)
VALUES (866, 12, 6, False);

INSERT INTO pokemon.form (name, is_default, fk_pokemon_species, height, weight, legacy_cry, latest_cry, artwork, shiny_artwork)
VALUES ('pumpkaboo-super', False, 698, 8, 150, None, https://raw.githubusercontent.com/PokeAPI/cries/main/cries/pokemon/latest/10029.ogg, https://raw.githubusercontent.com/PokeAPI/sprites/master/sprites/pokemon/other/official-artwork/10029.png, https://raw.githubusercontent.com/PokeAPI/sprites/master/sprites/pokemon/other/official-artwork/shiny/10029.png);
INSERT INTO pokemon.base_stats (base_hp, base_attack, base_defense, base_special_attack, base_special_defense, base_speed, fk_generation, fk_form)
VALUES (59, 66, 70, 44, 55, 41, 6, 867);
INSERT INTO pokemon.form_has_type_per_generation (fk_form, fk_type, fk_generation, is_primary)
VALUES (867, 8, 6, True);
INSERT INTO pokemon.form_has_type_per_generation (fk_form, fk_type, fk_generation, is_primary)
VALUES (867, 12, 6, False);

INSERT INTO pokemon.pokemon_species (name, pokedex_index, is_baby, is_legendary, is_mythical, evolves_from)
VALUES ('bergmite', 712, False, False, False, None);
INSERT INTO pokemon.form (name, is_default, fk_pokemon_species, height, weight, legacy_cry, latest_cry, artwork, shiny_artwork)
VALUES ('bergmite', True, 699, 10, 995, None, https://raw.githubusercontent.com/PokeAPI/cries/main/cries/pokemon/latest/712.ogg, https://raw.githubusercontent.com/PokeAPI/sprites/master/sprites/pokemon/other/official-artwork/712.png, https://raw.githubusercontent.com/PokeAPI/sprites/master/sprites/pokemon/other/official-artwork/shiny/712.png);
INSERT INTO pokemon.base_stats (base_hp, base_attack, base_defense, base_special_attack, base_special_defense, base_speed, fk_generation, fk_form)
VALUES (55, 69, 85, 32, 35, 28, 6, 868);
INSERT INTO pokemon.form_has_type_per_generation (fk_form, fk_type, fk_generation, is_primary)
VALUES (868, 15, 6, True);

INSERT INTO pokemon.pokemon_species (name, pokedex_index, is_baby, is_legendary, is_mythical, evolves_from)
VALUES ('noibat', 714, False, False, False, None);
INSERT INTO pokemon.form (name, is_default, fk_pokemon_species, height, weight, legacy_cry, latest_cry, artwork, shiny_artwork)
VALUES ('noibat', True, 700, 5, 80, None, https://raw.githubusercontent.com/PokeAPI/cries/main/cries/pokemon/latest/714.ogg, https://raw.githubusercontent.com/PokeAPI/sprites/master/sprites/pokemon/other/official-artwork/714.png, https://raw.githubusercontent.com/PokeAPI/sprites/master/sprites/pokemon/other/official-artwork/shiny/714.png);
INSERT INTO pokemon.base_stats (base_hp, base_attack, base_defense, base_special_attack, base_special_defense, base_speed, fk_generation, fk_form)
VALUES (40, 30, 35, 45, 40, 55, 6, 869);
INSERT INTO pokemon.form_has_type_per_generation (fk_form, fk_type, fk_generation, is_primary)
VALUES (869, 3, 6, True);
INSERT INTO pokemon.form_has_type_per_generation (fk_form, fk_type, fk_generation, is_primary)
VALUES (869, 16, 6, False);

INSERT INTO pokemon.pokemon_species (name, pokedex_index, is_baby, is_legendary, is_mythical, evolves_from)
VALUES ('xerneas', 716, False, True, False, None);
INSERT INTO pokemon.form (name, is_default, fk_pokemon_species, height, weight, legacy_cry, latest_cry, artwork, shiny_artwork)
VALUES ('xerneas', True, 701, 30, 2150, None, https://raw.githubusercontent.com/PokeAPI/cries/main/cries/pokemon/latest/716.ogg, https://raw.githubusercontent.com/PokeAPI/sprites/master/sprites/pokemon/other/official-artwork/716.png, https://raw.githubusercontent.com/PokeAPI/sprites/master/sprites/pokemon/other/official-artwork/shiny/716.png);
INSERT INTO pokemon.base_stats (base_hp, base_attack, base_defense, base_special_attack, base_special_defense, base_speed, fk_generation, fk_form)
VALUES (126, 131, 95, 131, 98, 99, 6, 870);
INSERT INTO pokemon.form_has_type_per_generation (fk_form, fk_type, fk_generation, is_primary)
VALUES (870, 18, 6, True);

INSERT INTO pokemon.pokemon_species (name, pokedex_index, is_baby, is_legendary, is_mythical, evolves_from)
VALUES ('yveltal', 717, False, True, False, None);
INSERT INTO pokemon.form (name, is_default, fk_pokemon_species, height, weight, legacy_cry, latest_cry, artwork, shiny_artwork)
VALUES ('yveltal', True, 702, 58, 2030, None, https://raw.githubusercontent.com/PokeAPI/cries/main/cries/pokemon/latest/717.ogg, https://raw.githubusercontent.com/PokeAPI/sprites/master/sprites/pokemon/other/official-artwork/717.png, https://raw.githubusercontent.com/PokeAPI/sprites/master/sprites/pokemon/other/official-artwork/shiny/717.png);
INSERT INTO pokemon.base_stats (base_hp, base_attack, base_defense, base_special_attack, base_special_defense, base_speed, fk_generation, fk_form)
VALUES (126, 131, 95, 131, 98, 99, 6, 871);
INSERT INTO pokemon.form_has_type_per_generation (fk_form, fk_type, fk_generation, is_primary)
VALUES (871, 17, 6, True);
INSERT INTO pokemon.form_has_type_per_generation (fk_form, fk_type, fk_generation, is_primary)
VALUES (871, 3, 6, False);

INSERT INTO pokemon.pokemon_species (name, pokedex_index, is_baby, is_legendary, is_mythical, evolves_from)
VALUES ('zygarde', 718, False, True, False, None);
INSERT INTO pokemon.form (name, is_default, fk_pokemon_species, height, weight, legacy_cry, latest_cry, artwork, shiny_artwork)
VALUES ('zygarde-50', False, 703, 50, 3050, None, https://raw.githubusercontent.com/PokeAPI/cries/main/cries/pokemon/latest/718.ogg, https://raw.githubusercontent.com/PokeAPI/sprites/master/sprites/pokemon/other/official-artwork/718.png, https://raw.githubusercontent.com/PokeAPI/sprites/master/sprites/pokemon/other/official-artwork/shiny/718.png);
INSERT INTO pokemon.base_stats (base_hp, base_attack, base_defense, base_special_attack, base_special_defense, base_speed, fk_generation, fk_form)
VALUES (108, 100, 121, 81, 95, 95, 6, 872);
INSERT INTO pokemon.form_has_type_per_generation (fk_form, fk_type, fk_generation, is_primary)
VALUES (872, 16, 6, True);
INSERT INTO pokemon.form_has_type_per_generation (fk_form, fk_type, fk_generation, is_primary)
VALUES (872, 5, 6, False);

INSERT INTO pokemon.form (name, is_default, fk_pokemon_species, height, weight, legacy_cry, latest_cry, artwork, shiny_artwork)
VALUES ('zygarde-10-power-construct', False, 703, 12, 335, None, https://raw.githubusercontent.com/PokeAPI/cries/main/cries/pokemon/latest/10118.ogg, https://raw.githubusercontent.com/PokeAPI/sprites/master/sprites/pokemon/other/official-artwork/10118.png, https://raw.githubusercontent.com/PokeAPI/sprites/master/sprites/pokemon/other/official-artwork/shiny/10118.png);
INSERT INTO pokemon.base_stats (base_hp, base_attack, base_defense, base_special_attack, base_special_defense, base_speed, fk_generation, fk_form)
VALUES (54, 100, 71, 61, 85, 115, 6, 873);
INSERT INTO pokemon.form_has_type_per_generation (fk_form, fk_type, fk_generation, is_primary)
VALUES (873, 16, 6, True);
INSERT INTO pokemon.form_has_type_per_generation (fk_form, fk_type, fk_generation, is_primary)
VALUES (873, 5, 6, False);

INSERT INTO pokemon.form (name, is_default, fk_pokemon_species, height, weight, legacy_cry, latest_cry, artwork, shiny_artwork)
VALUES ('zygarde-50-power-construct', False, 703, 50, 3050, None, https://raw.githubusercontent.com/PokeAPI/cries/main/cries/pokemon/latest/10119.ogg, https://raw.githubusercontent.com/PokeAPI/sprites/master/sprites/pokemon/other/official-artwork/10119.png, https://raw.githubusercontent.com/PokeAPI/sprites/master/sprites/pokemon/other/official-artwork/shiny/10119.png);
INSERT INTO pokemon.base_stats (base_hp, base_attack, base_defense, base_special_attack, base_special_defense, base_speed, fk_generation, fk_form)
VALUES (108, 100, 121, 81, 95, 95, 6, 874);
INSERT INTO pokemon.form_has_type_per_generation (fk_form, fk_type, fk_generation, is_primary)
VALUES (874, 16, 6, True);
INSERT INTO pokemon.form_has_type_per_generation (fk_form, fk_type, fk_generation, is_primary)
VALUES (874, 5, 6, False);

INSERT INTO pokemon.form (name, is_default, fk_pokemon_species, height, weight, legacy_cry, latest_cry, artwork, shiny_artwork)
VALUES ('zygarde-complete', False, 703, 45, 6100, None, https://raw.githubusercontent.com/PokeAPI/cries/main/cries/pokemon/latest/10120.ogg, https://raw.githubusercontent.com/PokeAPI/sprites/master/sprites/pokemon/other/official-artwork/10120.png, https://raw.githubusercontent.com/PokeAPI/sprites/master/sprites/pokemon/other/official-artwork/shiny/10120.png);
INSERT INTO pokemon.base_stats (base_hp, base_attack, base_defense, base_special_attack, base_special_defense, base_speed, fk_generation, fk_form)
VALUES (216, 100, 121, 91, 95, 85, 6, 875);
INSERT INTO pokemon.form_has_type_per_generation (fk_form, fk_type, fk_generation, is_primary)
VALUES (875, 16, 6, True);
INSERT INTO pokemon.form_has_type_per_generation (fk_form, fk_type, fk_generation, is_primary)
VALUES (875, 5, 6, False);

INSERT INTO pokemon.form (name, is_default, fk_pokemon_species, height, weight, legacy_cry, latest_cry, artwork, shiny_artwork)
VALUES ('zygarde-10', False, 703, 12, 335, None, https://raw.githubusercontent.com/PokeAPI/cries/main/cries/pokemon/latest/10181.ogg, https://raw.githubusercontent.com/PokeAPI/sprites/master/sprites/pokemon/other/official-artwork/10181.png, https://raw.githubusercontent.com/PokeAPI/sprites/master/sprites/pokemon/other/official-artwork/shiny/10181.png);
INSERT INTO pokemon.base_stats (base_hp, base_attack, base_defense, base_special_attack, base_special_defense, base_speed, fk_generation, fk_form)
VALUES (54, 100, 71, 61, 85, 115, 6, 876);
INSERT INTO pokemon.form_has_type_per_generation (fk_form, fk_type, fk_generation, is_primary)
VALUES (876, 16, 6, True);
INSERT INTO pokemon.form_has_type_per_generation (fk_form, fk_type, fk_generation, is_primary)
VALUES (876, 5, 6, False);

INSERT INTO pokemon.pokemon_species (name, pokedex_index, is_baby, is_legendary, is_mythical, evolves_from)
VALUES ('diancie', 719, False, False, True, None);
INSERT INTO pokemon.form (name, is_default, fk_pokemon_species, height, weight, legacy_cry, latest_cry, artwork, shiny_artwork)
VALUES ('diancie', True, 704, 7, 88, None, https://raw.githubusercontent.com/PokeAPI/cries/main/cries/pokemon/latest/719.ogg, https://raw.githubusercontent.com/PokeAPI/sprites/master/sprites/pokemon/other/official-artwork/719.png, https://raw.githubusercontent.com/PokeAPI/sprites/master/sprites/pokemon/other/official-artwork/shiny/719.png);
INSERT INTO pokemon.base_stats (base_hp, base_attack, base_defense, base_special_attack, base_special_defense, base_speed, fk_generation, fk_form)
VALUES (50, 100, 150, 100, 150, 50, 6, 877);
INSERT INTO pokemon.form_has_type_per_generation (fk_form, fk_type, fk_generation, is_primary)
VALUES (877, 6, 6, True);
INSERT INTO pokemon.form_has_type_per_generation (fk_form, fk_type, fk_generation, is_primary)
VALUES (877, 18, 6, False);

INSERT INTO pokemon.form (name, is_default, fk_pokemon_species, height, weight, legacy_cry, latest_cry, artwork, shiny_artwork)
VALUES ('diancie-mega', False, 704, 11, 278, None, https://raw.githubusercontent.com/PokeAPI/cries/main/cries/pokemon/latest/10075.ogg, https://raw.githubusercontent.com/PokeAPI/sprites/master/sprites/pokemon/other/official-artwork/10075.png, https://raw.githubusercontent.com/PokeAPI/sprites/master/sprites/pokemon/other/official-artwork/shiny/10075.png);
INSERT INTO pokemon.base_stats (base_hp, base_attack, base_defense, base_special_attack, base_special_defense, base_speed, fk_generation, fk_form)
VALUES (50, 160, 110, 160, 110, 110, 6, 878);
INSERT INTO pokemon.form_has_type_per_generation (fk_form, fk_type, fk_generation, is_primary)
VALUES (878, 6, 6, True);
INSERT INTO pokemon.form_has_type_per_generation (fk_form, fk_type, fk_generation, is_primary)
VALUES (878, 18, 6, False);

INSERT INTO pokemon.pokemon_species (name, pokedex_index, is_baby, is_legendary, is_mythical, evolves_from)
VALUES ('hoopa', 720, False, False, True, None);
INSERT INTO pokemon.form (name, is_default, fk_pokemon_species, height, weight, legacy_cry, latest_cry, artwork, shiny_artwork)
VALUES ('hoopa', True, 705, 5, 90, None, https://raw.githubusercontent.com/PokeAPI/cries/main/cries/pokemon/latest/720.ogg, https://raw.githubusercontent.com/PokeAPI/sprites/master/sprites/pokemon/other/official-artwork/720.png, https://raw.githubusercontent.com/PokeAPI/sprites/master/sprites/pokemon/other/official-artwork/shiny/720.png);
INSERT INTO pokemon.base_stats (base_hp, base_attack, base_defense, base_special_attack, base_special_defense, base_speed, fk_generation, fk_form)
VALUES (80, 110, 60, 150, 130, 70, 6, 879);
INSERT INTO pokemon.form_has_type_per_generation (fk_form, fk_type, fk_generation, is_primary)
VALUES (879, 14, 6, True);
INSERT INTO pokemon.form_has_type_per_generation (fk_form, fk_type, fk_generation, is_primary)
VALUES (879, 8, 6, False);

INSERT INTO pokemon.form (name, is_default, fk_pokemon_species, height, weight, legacy_cry, latest_cry, artwork, shiny_artwork)
VALUES ('hoopa-unbound', False, 705, 65, 4900, None, https://raw.githubusercontent.com/PokeAPI/cries/main/cries/pokemon/latest/10086.ogg, https://raw.githubusercontent.com/PokeAPI/sprites/master/sprites/pokemon/other/official-artwork/10086.png, https://raw.githubusercontent.com/PokeAPI/sprites/master/sprites/pokemon/other/official-artwork/shiny/10086.png);
INSERT INTO pokemon.base_stats (base_hp, base_attack, base_defense, base_special_attack, base_special_defense, base_speed, fk_generation, fk_form)
VALUES (80, 160, 60, 170, 130, 80, 6, 880);
INSERT INTO pokemon.form_has_type_per_generation (fk_form, fk_type, fk_generation, is_primary)
VALUES (880, 14, 6, True);
INSERT INTO pokemon.form_has_type_per_generation (fk_form, fk_type, fk_generation, is_primary)
VALUES (880, 17, 6, False);

INSERT INTO pokemon.pokemon_species (name, pokedex_index, is_baby, is_legendary, is_mythical, evolves_from)
VALUES ('volcanion', 721, False, False, True, None);
INSERT INTO pokemon.form (name, is_default, fk_pokemon_species, height, weight, legacy_cry, latest_cry, artwork, shiny_artwork)
VALUES ('volcanion', True, 706, 17, 1950, None, https://raw.githubusercontent.com/PokeAPI/cries/main/cries/pokemon/latest/721.ogg, https://raw.githubusercontent.com/PokeAPI/sprites/master/sprites/pokemon/other/official-artwork/721.png, https://raw.githubusercontent.com/PokeAPI/sprites/master/sprites/pokemon/other/official-artwork/shiny/721.png);
INSERT INTO pokemon.base_stats (base_hp, base_attack, base_defense, base_special_attack, base_special_defense, base_speed, fk_generation, fk_form)
VALUES (80, 110, 120, 130, 90, 70, 6, 881);
INSERT INTO pokemon.form_has_type_per_generation (fk_form, fk_type, fk_generation, is_primary)
VALUES (881, 10, 6, True);
INSERT INTO pokemon.form_has_type_per_generation (fk_form, fk_type, fk_generation, is_primary)
VALUES (881, 11, 6, False);

INSERT INTO pokemon.pokemon_species (name, pokedex_index, is_baby, is_legendary, is_mythical, evolves_from)
VALUES ('barbaracle', 689, False, False, False, binacle);
INSERT INTO pokemon.form (name, is_default, fk_pokemon_species, height, weight, legacy_cry, latest_cry, artwork, shiny_artwork)
VALUES ('barbaracle', True, 707, 13, 960, None, https://raw.githubusercontent.com/PokeAPI/cries/main/cries/pokemon/latest/689.ogg, https://raw.githubusercontent.com/PokeAPI/sprites/master/sprites/pokemon/other/official-artwork/689.png, https://raw.githubusercontent.com/PokeAPI/sprites/master/sprites/pokemon/other/official-artwork/shiny/689.png);
INSERT INTO pokemon.base_stats (base_hp, base_attack, base_defense, base_special_attack, base_special_defense, base_speed, fk_generation, fk_form)
VALUES (72, 105, 115, 54, 86, 68, 6, 882);
INSERT INTO pokemon.form_has_type_per_generation (fk_form, fk_type, fk_generation, is_primary)
VALUES (882, 6, 6, True);
INSERT INTO pokemon.form_has_type_per_generation (fk_form, fk_type, fk_generation, is_primary)
VALUES (882, 11, 6, False);

INSERT INTO pokemon.pokemon_species (name, pokedex_index, is_baby, is_legendary, is_mythical, evolves_from)
VALUES ('dragalge', 691, False, False, False, skrelp);
INSERT INTO pokemon.form (name, is_default, fk_pokemon_species, height, weight, legacy_cry, latest_cry, artwork, shiny_artwork)
VALUES ('dragalge', True, 708, 18, 815, None, https://raw.githubusercontent.com/PokeAPI/cries/main/cries/pokemon/latest/691.ogg, https://raw.githubusercontent.com/PokeAPI/sprites/master/sprites/pokemon/other/official-artwork/691.png, https://raw.githubusercontent.com/PokeAPI/sprites/master/sprites/pokemon/other/official-artwork/shiny/691.png);
INSERT INTO pokemon.base_stats (base_hp, base_attack, base_defense, base_special_attack, base_special_defense, base_speed, fk_generation, fk_form)
VALUES (65, 75, 90, 97, 123, 44, 6, 883);
INSERT INTO pokemon.form_has_type_per_generation (fk_form, fk_type, fk_generation, is_primary)
VALUES (883, 4, 6, True);
INSERT INTO pokemon.form_has_type_per_generation (fk_form, fk_type, fk_generation, is_primary)
VALUES (883, 16, 6, False);

INSERT INTO pokemon.pokemon_species (name, pokedex_index, is_baby, is_legendary, is_mythical, evolves_from)
VALUES ('clawitzer', 693, False, False, False, clauncher);
INSERT INTO pokemon.form (name, is_default, fk_pokemon_species, height, weight, legacy_cry, latest_cry, artwork, shiny_artwork)
VALUES ('clawitzer', True, 709, 13, 353, None, https://raw.githubusercontent.com/PokeAPI/cries/main/cries/pokemon/latest/693.ogg, https://raw.githubusercontent.com/PokeAPI/sprites/master/sprites/pokemon/other/official-artwork/693.png, https://raw.githubusercontent.com/PokeAPI/sprites/master/sprites/pokemon/other/official-artwork/shiny/693.png);
INSERT INTO pokemon.base_stats (base_hp, base_attack, base_defense, base_special_attack, base_special_defense, base_speed, fk_generation, fk_form)
VALUES (71, 73, 88, 120, 89, 59, 6, 884);
INSERT INTO pokemon.form_has_type_per_generation (fk_form, fk_type, fk_generation, is_primary)
VALUES (884, 11, 6, True);

INSERT INTO pokemon.pokemon_species (name, pokedex_index, is_baby, is_legendary, is_mythical, evolves_from)
VALUES ('heliolisk', 695, False, False, False, helioptile);
INSERT INTO pokemon.form (name, is_default, fk_pokemon_species, height, weight, legacy_cry, latest_cry, artwork, shiny_artwork)
VALUES ('heliolisk', True, 710, 10, 210, None, https://raw.githubusercontent.com/PokeAPI/cries/main/cries/pokemon/latest/695.ogg, https://raw.githubusercontent.com/PokeAPI/sprites/master/sprites/pokemon/other/official-artwork/695.png, https://raw.githubusercontent.com/PokeAPI/sprites/master/sprites/pokemon/other/official-artwork/shiny/695.png);
INSERT INTO pokemon.base_stats (base_hp, base_attack, base_defense, base_special_attack, base_special_defense, base_speed, fk_generation, fk_form)
VALUES (62, 55, 52, 109, 94, 109, 6, 885);
INSERT INTO pokemon.form_has_type_per_generation (fk_form, fk_type, fk_generation, is_primary)
VALUES (885, 13, 6, True);
INSERT INTO pokemon.form_has_type_per_generation (fk_form, fk_type, fk_generation, is_primary)
VALUES (885, 1, 6, False);

INSERT INTO pokemon.pokemon_species (name, pokedex_index, is_baby, is_legendary, is_mythical, evolves_from)
VALUES ('aurorus', 699, False, False, False, amaura);
INSERT INTO pokemon.form (name, is_default, fk_pokemon_species, height, weight, legacy_cry, latest_cry, artwork, shiny_artwork)
VALUES ('aurorus', True, 711, 27, 2250, None, https://raw.githubusercontent.com/PokeAPI/cries/main/cries/pokemon/latest/699.ogg, https://raw.githubusercontent.com/PokeAPI/sprites/master/sprites/pokemon/other/official-artwork/699.png, https://raw.githubusercontent.com/PokeAPI/sprites/master/sprites/pokemon/other/official-artwork/shiny/699.png);
INSERT INTO pokemon.base_stats (base_hp, base_attack, base_defense, base_special_attack, base_special_defense, base_speed, fk_generation, fk_form)
VALUES (123, 77, 72, 99, 92, 58, 6, 886);
INSERT INTO pokemon.form_has_type_per_generation (fk_form, fk_type, fk_generation, is_primary)
VALUES (886, 6, 6, True);
INSERT INTO pokemon.form_has_type_per_generation (fk_form, fk_type, fk_generation, is_primary)
VALUES (886, 15, 6, False);

INSERT INTO pokemon.pokemon_species (name, pokedex_index, is_baby, is_legendary, is_mythical, evolves_from)
VALUES ('sylveon', 700, False, False, False, eevee);
INSERT INTO pokemon.form (name, is_default, fk_pokemon_species, height, weight, legacy_cry, latest_cry, artwork, shiny_artwork)
VALUES ('sylveon', True, 712, 10, 235, None, https://raw.githubusercontent.com/PokeAPI/cries/main/cries/pokemon/latest/700.ogg, https://raw.githubusercontent.com/PokeAPI/sprites/master/sprites/pokemon/other/official-artwork/700.png, https://raw.githubusercontent.com/PokeAPI/sprites/master/sprites/pokemon/other/official-artwork/shiny/700.png);
INSERT INTO pokemon.base_stats (base_hp, base_attack, base_defense, base_special_attack, base_special_defense, base_speed, fk_generation, fk_form)
VALUES (95, 65, 65, 110, 130, 60, 6, 887);
INSERT INTO pokemon.form_has_type_per_generation (fk_form, fk_type, fk_generation, is_primary)
VALUES (887, 18, 6, True);

INSERT INTO pokemon.pokemon_species (name, pokedex_index, is_baby, is_legendary, is_mythical, evolves_from)
VALUES ('sliggoo', 705, False, False, False, goomy);
INSERT INTO pokemon.form (name, is_default, fk_pokemon_species, height, weight, legacy_cry, latest_cry, artwork, shiny_artwork)
VALUES ('sliggoo', True, 713, 8, 175, None, https://raw.githubusercontent.com/PokeAPI/cries/main/cries/pokemon/latest/705.ogg, https://raw.githubusercontent.com/PokeAPI/sprites/master/sprites/pokemon/other/official-artwork/705.png, https://raw.githubusercontent.com/PokeAPI/sprites/master/sprites/pokemon/other/official-artwork/shiny/705.png);
INSERT INTO pokemon.base_stats (base_hp, base_attack, base_defense, base_special_attack, base_special_defense, base_speed, fk_generation, fk_form)
VALUES (68, 75, 53, 83, 113, 60, 6, 888);
INSERT INTO pokemon.form_has_type_per_generation (fk_form, fk_type, fk_generation, is_primary)
VALUES (888, 16, 6, True);

INSERT INTO pokemon.form (name, is_default, fk_pokemon_species, height, weight, legacy_cry, latest_cry, artwork, shiny_artwork)
VALUES ('sliggoo-hisui', False, 713, 7, 685, None, https://raw.githubusercontent.com/PokeAPI/cries/main/cries/pokemon/latest/10241.ogg, https://raw.githubusercontent.com/PokeAPI/sprites/master/sprites/pokemon/other/official-artwork/10241.png, https://raw.githubusercontent.com/PokeAPI/sprites/master/sprites/pokemon/other/official-artwork/shiny/10241.png);
INSERT INTO pokemon.base_stats (base_hp, base_attack, base_defense, base_special_attack, base_special_defense, base_speed, fk_generation, fk_form)
VALUES (58, 75, 83, 83, 113, 40, 8, 889);
INSERT INTO pokemon.form_has_type_per_generation (fk_form, fk_type, fk_generation, is_primary)
VALUES (889, 9, 8, True);
INSERT INTO pokemon.form_has_type_per_generation (fk_form, fk_type, fk_generation, is_primary)
VALUES (889, 16, 8, False);

INSERT INTO pokemon.pokemon_species (name, pokedex_index, is_baby, is_legendary, is_mythical, evolves_from)
VALUES ('goodra', 706, False, False, False, sliggoo);
INSERT INTO pokemon.form (name, is_default, fk_pokemon_species, height, weight, legacy_cry, latest_cry, artwork, shiny_artwork)
VALUES ('goodra', True, 714, 20, 1505, None, https://raw.githubusercontent.com/PokeAPI/cries/main/cries/pokemon/latest/706.ogg, https://raw.githubusercontent.com/PokeAPI/sprites/master/sprites/pokemon/other/official-artwork/706.png, https://raw.githubusercontent.com/PokeAPI/sprites/master/sprites/pokemon/other/official-artwork/shiny/706.png);
INSERT INTO pokemon.base_stats (base_hp, base_attack, base_defense, base_special_attack, base_special_defense, base_speed, fk_generation, fk_form)
VALUES (90, 100, 70, 110, 150, 80, 6, 890);
INSERT INTO pokemon.form_has_type_per_generation (fk_form, fk_type, fk_generation, is_primary)
VALUES (890, 16, 6, True);

INSERT INTO pokemon.form (name, is_default, fk_pokemon_species, height, weight, legacy_cry, latest_cry, artwork, shiny_artwork)
VALUES ('goodra-hisui', False, 714, 17, 3341, None, https://raw.githubusercontent.com/PokeAPI/cries/main/cries/pokemon/latest/10242.ogg, https://raw.githubusercontent.com/PokeAPI/sprites/master/sprites/pokemon/other/official-artwork/10242.png, https://raw.githubusercontent.com/PokeAPI/sprites/master/sprites/pokemon/other/official-artwork/shiny/10242.png);
INSERT INTO pokemon.base_stats (base_hp, base_attack, base_defense, base_special_attack, base_special_defense, base_speed, fk_generation, fk_form)
VALUES (80, 100, 100, 110, 150, 60, 8, 891);
INSERT INTO pokemon.form_has_type_per_generation (fk_form, fk_type, fk_generation, is_primary)
VALUES (891, 9, 8, True);
INSERT INTO pokemon.form_has_type_per_generation (fk_form, fk_type, fk_generation, is_primary)
VALUES (891, 16, 8, False);

INSERT INTO pokemon.pokemon_species (name, pokedex_index, is_baby, is_legendary, is_mythical, evolves_from)
VALUES ('trevenant', 709, False, False, False, phantump);
INSERT INTO pokemon.form (name, is_default, fk_pokemon_species, height, weight, legacy_cry, latest_cry, artwork, shiny_artwork)
VALUES ('trevenant', True, 715, 15, 710, None, https://raw.githubusercontent.com/PokeAPI/cries/main/cries/pokemon/latest/709.ogg, https://raw.githubusercontent.com/PokeAPI/sprites/master/sprites/pokemon/other/official-artwork/709.png, https://raw.githubusercontent.com/PokeAPI/sprites/master/sprites/pokemon/other/official-artwork/shiny/709.png);
INSERT INTO pokemon.base_stats (base_hp, base_attack, base_defense, base_special_attack, base_special_defense, base_speed, fk_generation, fk_form)
VALUES (85, 110, 76, 65, 82, 56, 6, 892);
INSERT INTO pokemon.form_has_type_per_generation (fk_form, fk_type, fk_generation, is_primary)
VALUES (892, 8, 6, True);
INSERT INTO pokemon.form_has_type_per_generation (fk_form, fk_type, fk_generation, is_primary)
VALUES (892, 12, 6, False);

INSERT INTO pokemon.pokemon_species (name, pokedex_index, is_baby, is_legendary, is_mythical, evolves_from)
VALUES ('gourgeist', 711, False, False, False, pumpkaboo);
INSERT INTO pokemon.form (name, is_default, fk_pokemon_species, height, weight, legacy_cry, latest_cry, artwork, shiny_artwork)
VALUES ('gourgeist-average', False, 716, 9, 125, None, https://raw.githubusercontent.com/PokeAPI/cries/main/cries/pokemon/latest/711.ogg, https://raw.githubusercontent.com/PokeAPI/sprites/master/sprites/pokemon/other/official-artwork/711.png, https://raw.githubusercontent.com/PokeAPI/sprites/master/sprites/pokemon/other/official-artwork/shiny/711.png);
INSERT INTO pokemon.base_stats (base_hp, base_attack, base_defense, base_special_attack, base_special_defense, base_speed, fk_generation, fk_form)
VALUES (65, 90, 122, 58, 75, 84, 6, 893);
INSERT INTO pokemon.form_has_type_per_generation (fk_form, fk_type, fk_generation, is_primary)
VALUES (893, 8, 6, True);
INSERT INTO pokemon.form_has_type_per_generation (fk_form, fk_type, fk_generation, is_primary)
VALUES (893, 12, 6, False);

INSERT INTO pokemon.form (name, is_default, fk_pokemon_species, height, weight, legacy_cry, latest_cry, artwork, shiny_artwork)
VALUES ('gourgeist-small', False, 716, 7, 95, None, https://raw.githubusercontent.com/PokeAPI/cries/main/cries/pokemon/latest/10030.ogg, https://raw.githubusercontent.com/PokeAPI/sprites/master/sprites/pokemon/other/official-artwork/10030.png, https://raw.githubusercontent.com/PokeAPI/sprites/master/sprites/pokemon/other/official-artwork/shiny/10030.png);
INSERT INTO pokemon.base_stats (base_hp, base_attack, base_defense, base_special_attack, base_special_defense, base_speed, fk_generation, fk_form)
VALUES (55, 85, 122, 58, 75, 99, 6, 894);
INSERT INTO pokemon.form_has_type_per_generation (fk_form, fk_type, fk_generation, is_primary)
VALUES (894, 8, 6, True);
INSERT INTO pokemon.form_has_type_per_generation (fk_form, fk_type, fk_generation, is_primary)
VALUES (894, 12, 6, False);

INSERT INTO pokemon.form (name, is_default, fk_pokemon_species, height, weight, legacy_cry, latest_cry, artwork, shiny_artwork)
VALUES ('gourgeist-large', False, 716, 11, 140, None, https://raw.githubusercontent.com/PokeAPI/cries/main/cries/pokemon/latest/10031.ogg, https://raw.githubusercontent.com/PokeAPI/sprites/master/sprites/pokemon/other/official-artwork/10031.png, https://raw.githubusercontent.com/PokeAPI/sprites/master/sprites/pokemon/other/official-artwork/shiny/10031.png);
INSERT INTO pokemon.base_stats (base_hp, base_attack, base_defense, base_special_attack, base_special_defense, base_speed, fk_generation, fk_form)
VALUES (75, 95, 122, 58, 75, 69, 6, 895);
INSERT INTO pokemon.form_has_type_per_generation (fk_form, fk_type, fk_generation, is_primary)
VALUES (895, 8, 6, True);
INSERT INTO pokemon.form_has_type_per_generation (fk_form, fk_type, fk_generation, is_primary)
VALUES (895, 12, 6, False);

INSERT INTO pokemon.form (name, is_default, fk_pokemon_species, height, weight, legacy_cry, latest_cry, artwork, shiny_artwork)
VALUES ('gourgeist-super', False, 716, 17, 390, None, https://raw.githubusercontent.com/PokeAPI/cries/main/cries/pokemon/latest/10032.ogg, https://raw.githubusercontent.com/PokeAPI/sprites/master/sprites/pokemon/other/official-artwork/10032.png, https://raw.githubusercontent.com/PokeAPI/sprites/master/sprites/pokemon/other/official-artwork/shiny/10032.png);
INSERT INTO pokemon.base_stats (base_hp, base_attack, base_defense, base_special_attack, base_special_defense, base_speed, fk_generation, fk_form)
VALUES (85, 100, 122, 58, 75, 54, 6, 896);
INSERT INTO pokemon.form_has_type_per_generation (fk_form, fk_type, fk_generation, is_primary)
VALUES (896, 8, 6, True);
INSERT INTO pokemon.form_has_type_per_generation (fk_form, fk_type, fk_generation, is_primary)
VALUES (896, 12, 6, False);

INSERT INTO pokemon.pokemon_species (name, pokedex_index, is_baby, is_legendary, is_mythical, evolves_from)
VALUES ('avalugg', 713, False, False, False, bergmite);
INSERT INTO pokemon.form (name, is_default, fk_pokemon_species, height, weight, legacy_cry, latest_cry, artwork, shiny_artwork)
VALUES ('avalugg', True, 717, 20, 5050, None, https://raw.githubusercontent.com/PokeAPI/cries/main/cries/pokemon/latest/713.ogg, https://raw.githubusercontent.com/PokeAPI/sprites/master/sprites/pokemon/other/official-artwork/713.png, https://raw.githubusercontent.com/PokeAPI/sprites/master/sprites/pokemon/other/official-artwork/shiny/713.png);
INSERT INTO pokemon.base_stats (base_hp, base_attack, base_defense, base_special_attack, base_special_defense, base_speed, fk_generation, fk_form)
VALUES (95, 117, 184, 44, 46, 28, 6, 897);
INSERT INTO pokemon.form_has_type_per_generation (fk_form, fk_type, fk_generation, is_primary)
VALUES (897, 15, 6, True);

INSERT INTO pokemon.form (name, is_default, fk_pokemon_species, height, weight, legacy_cry, latest_cry, artwork, shiny_artwork)
VALUES ('avalugg-hisui', False, 717, 14, 2624, None, https://raw.githubusercontent.com/PokeAPI/cries/main/cries/pokemon/latest/10243.ogg, https://raw.githubusercontent.com/PokeAPI/sprites/master/sprites/pokemon/other/official-artwork/10243.png, https://raw.githubusercontent.com/PokeAPI/sprites/master/sprites/pokemon/other/official-artwork/shiny/10243.png);
INSERT INTO pokemon.base_stats (base_hp, base_attack, base_defense, base_special_attack, base_special_defense, base_speed, fk_generation, fk_form)
VALUES (95, 127, 184, 34, 36, 38, 8, 898);
INSERT INTO pokemon.form_has_type_per_generation (fk_form, fk_type, fk_generation, is_primary)
VALUES (898, 15, 8, True);
INSERT INTO pokemon.form_has_type_per_generation (fk_form, fk_type, fk_generation, is_primary)
VALUES (898, 6, 8, False);

INSERT INTO pokemon.pokemon_species (name, pokedex_index, is_baby, is_legendary, is_mythical, evolves_from)
VALUES ('noivern', 715, False, False, False, noibat);
INSERT INTO pokemon.form (name, is_default, fk_pokemon_species, height, weight, legacy_cry, latest_cry, artwork, shiny_artwork)
VALUES ('noivern', True, 718, 15, 850, None, https://raw.githubusercontent.com/PokeAPI/cries/main/cries/pokemon/latest/715.ogg, https://raw.githubusercontent.com/PokeAPI/sprites/master/sprites/pokemon/other/official-artwork/715.png, https://raw.githubusercontent.com/PokeAPI/sprites/master/sprites/pokemon/other/official-artwork/shiny/715.png);
INSERT INTO pokemon.base_stats (base_hp, base_attack, base_defense, base_special_attack, base_special_defense, base_speed, fk_generation, fk_form)
VALUES (85, 70, 80, 97, 80, 123, 6, 899);
INSERT INTO pokemon.form_has_type_per_generation (fk_form, fk_type, fk_generation, is_primary)
VALUES (899, 3, 6, True);
INSERT INTO pokemon.form_has_type_per_generation (fk_form, fk_type, fk_generation, is_primary)
VALUES (899, 16, 6, False);

INSERT INTO pokemon.pokemon_species (name, pokedex_index, is_baby, is_legendary, is_mythical, evolves_from)
VALUES ('vivillon', 666, False, False, False, spewpa);
INSERT INTO pokemon.form (name, is_default, fk_pokemon_species, height, weight, legacy_cry, latest_cry, artwork, shiny_artwork)
VALUES ('vivillon', True, 719, 12, 170, None, https://raw.githubusercontent.com/PokeAPI/cries/main/cries/pokemon/latest/666.ogg, https://raw.githubusercontent.com/PokeAPI/sprites/master/sprites/pokemon/other/official-artwork/666.png, https://raw.githubusercontent.com/PokeAPI/sprites/master/sprites/pokemon/other/official-artwork/shiny/666.png);
INSERT INTO pokemon.base_stats (base_hp, base_attack, base_defense, base_special_attack, base_special_defense, base_speed, fk_generation, fk_form)
VALUES (80, 52, 50, 90, 50, 89, 6, 900);
INSERT INTO pokemon.form_has_type_per_generation (fk_form, fk_type, fk_generation, is_primary)
VALUES (900, 7, 6, True);
INSERT INTO pokemon.form_has_type_per_generation (fk_form, fk_type, fk_generation, is_primary)
VALUES (900, 3, 6, False);

INSERT INTO pokemon.pokemon_species (name, pokedex_index, is_baby, is_legendary, is_mythical, evolves_from)
VALUES ('malamar', 687, False, False, False, inkay);
INSERT INTO pokemon.form (name, is_default, fk_pokemon_species, height, weight, legacy_cry, latest_cry, artwork, shiny_artwork)
VALUES ('malamar', True, 720, 15, 470, None, https://raw.githubusercontent.com/PokeAPI/cries/main/cries/pokemon/latest/687.ogg, https://raw.githubusercontent.com/PokeAPI/sprites/master/sprites/pokemon/other/official-artwork/687.png, https://raw.githubusercontent.com/PokeAPI/sprites/master/sprites/pokemon/other/official-artwork/shiny/687.png);
INSERT INTO pokemon.base_stats (base_hp, base_attack, base_defense, base_special_attack, base_special_defense, base_speed, fk_generation, fk_form)
VALUES (86, 92, 88, 68, 75, 73, 6, 901);
INSERT INTO pokemon.form_has_type_per_generation (fk_form, fk_type, fk_generation, is_primary)
VALUES (901, 17, 6, True);
INSERT INTO pokemon.form_has_type_per_generation (fk_form, fk_type, fk_generation, is_primary)
VALUES (901, 14, 6, False);

INSERT INTO pokemon.pokemon_species (name, pokedex_index, is_baby, is_legendary, is_mythical, evolves_from)
VALUES ('tyrantrum', 697, False, False, False, tyrunt);
INSERT INTO pokemon.form (name, is_default, fk_pokemon_species, height, weight, legacy_cry, latest_cry, artwork, shiny_artwork)
VALUES ('tyrantrum', True, 721, 25, 2700, None, https://raw.githubusercontent.com/PokeAPI/cries/main/cries/pokemon/latest/697.ogg, https://raw.githubusercontent.com/PokeAPI/sprites/master/sprites/pokemon/other/official-artwork/697.png, https://raw.githubusercontent.com/PokeAPI/sprites/master/sprites/pokemon/other/official-artwork/shiny/697.png);
INSERT INTO pokemon.base_stats (base_hp, base_attack, base_defense, base_special_attack, base_special_defense, base_speed, fk_generation, fk_form)
VALUES (82, 121, 119, 69, 59, 71, 6, 902);
INSERT INTO pokemon.form_has_type_per_generation (fk_form, fk_type, fk_generation, is_primary)
VALUES (902, 6, 6, True);
INSERT INTO pokemon.form_has_type_per_generation (fk_form, fk_type, fk_generation, is_primary)
VALUES (902, 16, 6, False);



-- POKEMON-SPECIES, FORMS, ITS TYPES AND BASE_STATS
-- POKEMON-SPECIES, FORMS, ITS TYPES AND BASE_STATS
-- POKEMON-SPECIES, FORMS, ITS TYPES AND BASE_STATS
INSERT INTO pokemon.pokemon_species (name, pokedex_index, is_baby, is_legendary, is_mythical, evolves_from)
VALUES ('rowlet', 722, False, False, False, None);
INSERT INTO pokemon.form (name, is_default, fk_pokemon_species, height, weight, legacy_cry, latest_cry, artwork, shiny_artwork)
VALUES ('rowlet', True, 722, 3, 15, None, https://raw.githubusercontent.com/PokeAPI/cries/main/cries/pokemon/latest/722.ogg, https://raw.githubusercontent.com/PokeAPI/sprites/master/sprites/pokemon/other/official-artwork/722.png, https://raw.githubusercontent.com/PokeAPI/sprites/master/sprites/pokemon/other/official-artwork/shiny/722.png);
INSERT INTO pokemon.base_stats (base_hp, base_attack, base_defense, base_special_attack, base_special_defense, base_speed, fk_generation, fk_form)
VALUES (68, 55, 55, 50, 50, 42, 7, 903);
INSERT INTO pokemon.form_has_type_per_generation (fk_form, fk_type, fk_generation, is_primary)
VALUES (903, 12, 7, True);
INSERT INTO pokemon.form_has_type_per_generation (fk_form, fk_type, fk_generation, is_primary)
VALUES (903, 3, 7, False);

INSERT INTO pokemon.pokemon_species (name, pokedex_index, is_baby, is_legendary, is_mythical, evolves_from)
VALUES ('litten', 725, False, False, False, None);
INSERT INTO pokemon.form (name, is_default, fk_pokemon_species, height, weight, legacy_cry, latest_cry, artwork, shiny_artwork)
VALUES ('litten', True, 723, 4, 43, None, https://raw.githubusercontent.com/PokeAPI/cries/main/cries/pokemon/latest/725.ogg, https://raw.githubusercontent.com/PokeAPI/sprites/master/sprites/pokemon/other/official-artwork/725.png, https://raw.githubusercontent.com/PokeAPI/sprites/master/sprites/pokemon/other/official-artwork/shiny/725.png);
INSERT INTO pokemon.base_stats (base_hp, base_attack, base_defense, base_special_attack, base_special_defense, base_speed, fk_generation, fk_form)
VALUES (45, 65, 40, 60, 40, 70, 7, 904);
INSERT INTO pokemon.form_has_type_per_generation (fk_form, fk_type, fk_generation, is_primary)
VALUES (904, 10, 7, True);

INSERT INTO pokemon.pokemon_species (name, pokedex_index, is_baby, is_legendary, is_mythical, evolves_from)
VALUES ('popplio', 728, False, False, False, None);
INSERT INTO pokemon.form (name, is_default, fk_pokemon_species, height, weight, legacy_cry, latest_cry, artwork, shiny_artwork)
VALUES ('popplio', True, 724, 4, 75, None, https://raw.githubusercontent.com/PokeAPI/cries/main/cries/pokemon/latest/728.ogg, https://raw.githubusercontent.com/PokeAPI/sprites/master/sprites/pokemon/other/official-artwork/728.png, https://raw.githubusercontent.com/PokeAPI/sprites/master/sprites/pokemon/other/official-artwork/shiny/728.png);
INSERT INTO pokemon.base_stats (base_hp, base_attack, base_defense, base_special_attack, base_special_defense, base_speed, fk_generation, fk_form)
VALUES (50, 54, 54, 66, 56, 40, 7, 905);
INSERT INTO pokemon.form_has_type_per_generation (fk_form, fk_type, fk_generation, is_primary)
VALUES (905, 11, 7, True);

INSERT INTO pokemon.pokemon_species (name, pokedex_index, is_baby, is_legendary, is_mythical, evolves_from)
VALUES ('pikipek', 731, False, False, False, None);
INSERT INTO pokemon.form (name, is_default, fk_pokemon_species, height, weight, legacy_cry, latest_cry, artwork, shiny_artwork)
VALUES ('pikipek', True, 725, 3, 12, None, https://raw.githubusercontent.com/PokeAPI/cries/main/cries/pokemon/latest/731.ogg, https://raw.githubusercontent.com/PokeAPI/sprites/master/sprites/pokemon/other/official-artwork/731.png, https://raw.githubusercontent.com/PokeAPI/sprites/master/sprites/pokemon/other/official-artwork/shiny/731.png);
INSERT INTO pokemon.base_stats (base_hp, base_attack, base_defense, base_special_attack, base_special_defense, base_speed, fk_generation, fk_form)
VALUES (35, 75, 30, 30, 30, 65, 7, 906);
INSERT INTO pokemon.form_has_type_per_generation (fk_form, fk_type, fk_generation, is_primary)
VALUES (906, 1, 7, True);
INSERT INTO pokemon.form_has_type_per_generation (fk_form, fk_type, fk_generation, is_primary)
VALUES (906, 3, 7, False);

INSERT INTO pokemon.pokemon_species (name, pokedex_index, is_baby, is_legendary, is_mythical, evolves_from)
VALUES ('yungoos', 734, False, False, False, None);
INSERT INTO pokemon.form (name, is_default, fk_pokemon_species, height, weight, legacy_cry, latest_cry, artwork, shiny_artwork)
VALUES ('yungoos', True, 726, 4, 60, None, https://raw.githubusercontent.com/PokeAPI/cries/main/cries/pokemon/latest/734.ogg, https://raw.githubusercontent.com/PokeAPI/sprites/master/sprites/pokemon/other/official-artwork/734.png, https://raw.githubusercontent.com/PokeAPI/sprites/master/sprites/pokemon/other/official-artwork/shiny/734.png);
INSERT INTO pokemon.base_stats (base_hp, base_attack, base_defense, base_special_attack, base_special_defense, base_speed, fk_generation, fk_form)
VALUES (48, 70, 30, 30, 30, 45, 7, 907);
INSERT INTO pokemon.form_has_type_per_generation (fk_form, fk_type, fk_generation, is_primary)
VALUES (907, 1, 7, True);

INSERT INTO pokemon.pokemon_species (name, pokedex_index, is_baby, is_legendary, is_mythical, evolves_from)
VALUES ('grubbin', 736, False, False, False, None);
INSERT INTO pokemon.form (name, is_default, fk_pokemon_species, height, weight, legacy_cry, latest_cry, artwork, shiny_artwork)
VALUES ('grubbin', True, 727, 4, 44, None, https://raw.githubusercontent.com/PokeAPI/cries/main/cries/pokemon/latest/736.ogg, https://raw.githubusercontent.com/PokeAPI/sprites/master/sprites/pokemon/other/official-artwork/736.png, https://raw.githubusercontent.com/PokeAPI/sprites/master/sprites/pokemon/other/official-artwork/shiny/736.png);
INSERT INTO pokemon.base_stats (base_hp, base_attack, base_defense, base_special_attack, base_special_defense, base_speed, fk_generation, fk_form)
VALUES (47, 62, 45, 55, 45, 46, 7, 908);
INSERT INTO pokemon.form_has_type_per_generation (fk_form, fk_type, fk_generation, is_primary)
VALUES (908, 7, 7, True);

INSERT INTO pokemon.pokemon_species (name, pokedex_index, is_baby, is_legendary, is_mythical, evolves_from)
VALUES ('crabrawler', 739, False, False, False, None);
INSERT INTO pokemon.form (name, is_default, fk_pokemon_species, height, weight, legacy_cry, latest_cry, artwork, shiny_artwork)
VALUES ('crabrawler', True, 728, 6, 70, None, https://raw.githubusercontent.com/PokeAPI/cries/main/cries/pokemon/latest/739.ogg, https://raw.githubusercontent.com/PokeAPI/sprites/master/sprites/pokemon/other/official-artwork/739.png, https://raw.githubusercontent.com/PokeAPI/sprites/master/sprites/pokemon/other/official-artwork/shiny/739.png);
INSERT INTO pokemon.base_stats (base_hp, base_attack, base_defense, base_special_attack, base_special_defense, base_speed, fk_generation, fk_form)
VALUES (47, 82, 57, 42, 47, 63, 7, 909);
INSERT INTO pokemon.form_has_type_per_generation (fk_form, fk_type, fk_generation, is_primary)
VALUES (909, 2, 7, True);

INSERT INTO pokemon.pokemon_species (name, pokedex_index, is_baby, is_legendary, is_mythical, evolves_from)
VALUES ('oricorio', 741, False, False, False, None);
INSERT INTO pokemon.form (name, is_default, fk_pokemon_species, height, weight, legacy_cry, latest_cry, artwork, shiny_artwork)
VALUES ('oricorio-baile', False, 729, 6, 34, None, https://raw.githubusercontent.com/PokeAPI/cries/main/cries/pokemon/latest/741.ogg, https://raw.githubusercontent.com/PokeAPI/sprites/master/sprites/pokemon/other/official-artwork/741.png, https://raw.githubusercontent.com/PokeAPI/sprites/master/sprites/pokemon/other/official-artwork/shiny/741.png);
INSERT INTO pokemon.base_stats (base_hp, base_attack, base_defense, base_special_attack, base_special_defense, base_speed, fk_generation, fk_form)
VALUES (75, 70, 70, 98, 70, 93, 7, 910);
INSERT INTO pokemon.form_has_type_per_generation (fk_form, fk_type, fk_generation, is_primary)
VALUES (910, 10, 7, True);
INSERT INTO pokemon.form_has_type_per_generation (fk_form, fk_type, fk_generation, is_primary)
VALUES (910, 3, 7, False);

INSERT INTO pokemon.form (name, is_default, fk_pokemon_species, height, weight, legacy_cry, latest_cry, artwork, shiny_artwork)
VALUES ('oricorio-pom-pom', False, 729, 6, 34, None, https://raw.githubusercontent.com/PokeAPI/cries/main/cries/pokemon/latest/10123.ogg, https://raw.githubusercontent.com/PokeAPI/sprites/master/sprites/pokemon/other/official-artwork/10123.png, https://raw.githubusercontent.com/PokeAPI/sprites/master/sprites/pokemon/other/official-artwork/shiny/10123.png);
INSERT INTO pokemon.base_stats (base_hp, base_attack, base_defense, base_special_attack, base_special_defense, base_speed, fk_generation, fk_form)
VALUES (75, 70, 70, 98, 70, 93, 7, 911);
INSERT INTO pokemon.form_has_type_per_generation (fk_form, fk_type, fk_generation, is_primary)
VALUES (911, 13, 7, True);
INSERT INTO pokemon.form_has_type_per_generation (fk_form, fk_type, fk_generation, is_primary)
VALUES (911, 3, 7, False);

INSERT INTO pokemon.form (name, is_default, fk_pokemon_species, height, weight, legacy_cry, latest_cry, artwork, shiny_artwork)
VALUES ('oricorio-pau', False, 729, 6, 34, None, https://raw.githubusercontent.com/PokeAPI/cries/main/cries/pokemon/latest/10124.ogg, https://raw.githubusercontent.com/PokeAPI/sprites/master/sprites/pokemon/other/official-artwork/10124.png, https://raw.githubusercontent.com/PokeAPI/sprites/master/sprites/pokemon/other/official-artwork/shiny/10124.png);
INSERT INTO pokemon.base_stats (base_hp, base_attack, base_defense, base_special_attack, base_special_defense, base_speed, fk_generation, fk_form)
VALUES (75, 70, 70, 98, 70, 93, 7, 912);
INSERT INTO pokemon.form_has_type_per_generation (fk_form, fk_type, fk_generation, is_primary)
VALUES (912, 14, 7, True);
INSERT INTO pokemon.form_has_type_per_generation (fk_form, fk_type, fk_generation, is_primary)
VALUES (912, 3, 7, False);

INSERT INTO pokemon.form (name, is_default, fk_pokemon_species, height, weight, legacy_cry, latest_cry, artwork, shiny_artwork)
VALUES ('oricorio-sensu', False, 729, 6, 34, None, https://raw.githubusercontent.com/PokeAPI/cries/main/cries/pokemon/latest/10125.ogg, https://raw.githubusercontent.com/PokeAPI/sprites/master/sprites/pokemon/other/official-artwork/10125.png, https://raw.githubusercontent.com/PokeAPI/sprites/master/sprites/pokemon/other/official-artwork/shiny/10125.png);
INSERT INTO pokemon.base_stats (base_hp, base_attack, base_defense, base_special_attack, base_special_defense, base_speed, fk_generation, fk_form)
VALUES (75, 70, 70, 98, 70, 93, 7, 913);
INSERT INTO pokemon.form_has_type_per_generation (fk_form, fk_type, fk_generation, is_primary)
VALUES (913, 8, 7, True);
INSERT INTO pokemon.form_has_type_per_generation (fk_form, fk_type, fk_generation, is_primary)
VALUES (913, 3, 7, False);

INSERT INTO pokemon.pokemon_species (name, pokedex_index, is_baby, is_legendary, is_mythical, evolves_from)
VALUES ('cutiefly', 742, False, False, False, None);
INSERT INTO pokemon.form (name, is_default, fk_pokemon_species, height, weight, legacy_cry, latest_cry, artwork, shiny_artwork)
VALUES ('cutiefly', True, 730, 1, 2, None, https://raw.githubusercontent.com/PokeAPI/cries/main/cries/pokemon/latest/742.ogg, https://raw.githubusercontent.com/PokeAPI/sprites/master/sprites/pokemon/other/official-artwork/742.png, https://raw.githubusercontent.com/PokeAPI/sprites/master/sprites/pokemon/other/official-artwork/shiny/742.png);
INSERT INTO pokemon.base_stats (base_hp, base_attack, base_defense, base_special_attack, base_special_defense, base_speed, fk_generation, fk_form)
VALUES (40, 45, 40, 55, 40, 84, 7, 914);
INSERT INTO pokemon.form_has_type_per_generation (fk_form, fk_type, fk_generation, is_primary)
VALUES (914, 7, 7, True);
INSERT INTO pokemon.form_has_type_per_generation (fk_form, fk_type, fk_generation, is_primary)
VALUES (914, 18, 7, False);

INSERT INTO pokemon.pokemon_species (name, pokedex_index, is_baby, is_legendary, is_mythical, evolves_from)
VALUES ('rockruff', 744, False, False, False, None);
INSERT INTO pokemon.form (name, is_default, fk_pokemon_species, height, weight, legacy_cry, latest_cry, artwork, shiny_artwork)
VALUES ('rockruff', True, 731, 5, 92, None, https://raw.githubusercontent.com/PokeAPI/cries/main/cries/pokemon/latest/744.ogg, https://raw.githubusercontent.com/PokeAPI/sprites/master/sprites/pokemon/other/official-artwork/744.png, https://raw.githubusercontent.com/PokeAPI/sprites/master/sprites/pokemon/other/official-artwork/shiny/744.png);
INSERT INTO pokemon.base_stats (base_hp, base_attack, base_defense, base_special_attack, base_special_defense, base_speed, fk_generation, fk_form)
VALUES (45, 65, 40, 30, 40, 60, 7, 915);
INSERT INTO pokemon.form_has_type_per_generation (fk_form, fk_type, fk_generation, is_primary)
VALUES (915, 6, 7, True);

INSERT INTO pokemon.form (name, is_default, fk_pokemon_species, height, weight, legacy_cry, latest_cry, artwork, shiny_artwork)
VALUES ('rockruff-own-tempo', False, 731, 5, 92, None, https://raw.githubusercontent.com/PokeAPI/cries/main/cries/pokemon/latest/10151.ogg, https://raw.githubusercontent.com/PokeAPI/sprites/master/sprites/pokemon/other/official-artwork/10151.png, https://raw.githubusercontent.com/PokeAPI/sprites/master/sprites/pokemon/other/official-artwork/shiny/10151.png);
INSERT INTO pokemon.base_stats (base_hp, base_attack, base_defense, base_special_attack, base_special_defense, base_speed, fk_generation, fk_form)
VALUES (45, 65, 40, 30, 40, 60, 7, 916);
INSERT INTO pokemon.form_has_type_per_generation (fk_form, fk_type, fk_generation, is_primary)
VALUES (916, 6, 7, True);

INSERT INTO pokemon.pokemon_species (name, pokedex_index, is_baby, is_legendary, is_mythical, evolves_from)
VALUES ('wishiwashi', 746, False, False, False, None);
INSERT INTO pokemon.form (name, is_default, fk_pokemon_species, height, weight, legacy_cry, latest_cry, artwork, shiny_artwork)
VALUES ('wishiwashi-solo', False, 732, 2, 3, None, https://raw.githubusercontent.com/PokeAPI/cries/main/cries/pokemon/latest/746.ogg, https://raw.githubusercontent.com/PokeAPI/sprites/master/sprites/pokemon/other/official-artwork/746.png, https://raw.githubusercontent.com/PokeAPI/sprites/master/sprites/pokemon/other/official-artwork/shiny/746.png);
INSERT INTO pokemon.base_stats (base_hp, base_attack, base_defense, base_special_attack, base_special_defense, base_speed, fk_generation, fk_form)
VALUES (45, 20, 20, 25, 25, 40, 7, 917);
INSERT INTO pokemon.form_has_type_per_generation (fk_form, fk_type, fk_generation, is_primary)
VALUES (917, 11, 7, True);

INSERT INTO pokemon.form (name, is_default, fk_pokemon_species, height, weight, legacy_cry, latest_cry, artwork, shiny_artwork)
VALUES ('wishiwashi-school', False, 732, 82, 786, None, https://raw.githubusercontent.com/PokeAPI/cries/main/cries/pokemon/latest/10127.ogg, https://raw.githubusercontent.com/PokeAPI/sprites/master/sprites/pokemon/other/official-artwork/10127.png, https://raw.githubusercontent.com/PokeAPI/sprites/master/sprites/pokemon/other/official-artwork/shiny/10127.png);
INSERT INTO pokemon.base_stats (base_hp, base_attack, base_defense, base_special_attack, base_special_defense, base_speed, fk_generation, fk_form)
VALUES (45, 140, 130, 140, 135, 30, 7, 918);
INSERT INTO pokemon.form_has_type_per_generation (fk_form, fk_type, fk_generation, is_primary)
VALUES (918, 11, 7, True);

INSERT INTO pokemon.pokemon_species (name, pokedex_index, is_baby, is_legendary, is_mythical, evolves_from)
VALUES ('mareanie', 747, False, False, False, None);
INSERT INTO pokemon.form (name, is_default, fk_pokemon_species, height, weight, legacy_cry, latest_cry, artwork, shiny_artwork)
VALUES ('mareanie', True, 733, 4, 80, None, https://raw.githubusercontent.com/PokeAPI/cries/main/cries/pokemon/latest/747.ogg, https://raw.githubusercontent.com/PokeAPI/sprites/master/sprites/pokemon/other/official-artwork/747.png, https://raw.githubusercontent.com/PokeAPI/sprites/master/sprites/pokemon/other/official-artwork/shiny/747.png);
INSERT INTO pokemon.base_stats (base_hp, base_attack, base_defense, base_special_attack, base_special_defense, base_speed, fk_generation, fk_form)
VALUES (50, 53, 62, 43, 52, 45, 7, 919);
INSERT INTO pokemon.form_has_type_per_generation (fk_form, fk_type, fk_generation, is_primary)
VALUES (919, 4, 7, True);
INSERT INTO pokemon.form_has_type_per_generation (fk_form, fk_type, fk_generation, is_primary)
VALUES (919, 11, 7, False);

INSERT INTO pokemon.pokemon_species (name, pokedex_index, is_baby, is_legendary, is_mythical, evolves_from)
VALUES ('mudbray', 749, False, False, False, None);
INSERT INTO pokemon.form (name, is_default, fk_pokemon_species, height, weight, legacy_cry, latest_cry, artwork, shiny_artwork)
VALUES ('mudbray', True, 734, 10, 1100, None, https://raw.githubusercontent.com/PokeAPI/cries/main/cries/pokemon/latest/749.ogg, https://raw.githubusercontent.com/PokeAPI/sprites/master/sprites/pokemon/other/official-artwork/749.png, https://raw.githubusercontent.com/PokeAPI/sprites/master/sprites/pokemon/other/official-artwork/shiny/749.png);
INSERT INTO pokemon.base_stats (base_hp, base_attack, base_defense, base_special_attack, base_special_defense, base_speed, fk_generation, fk_form)
VALUES (70, 100, 70, 45, 55, 45, 7, 920);
INSERT INTO pokemon.form_has_type_per_generation (fk_form, fk_type, fk_generation, is_primary)
VALUES (920, 5, 7, True);

INSERT INTO pokemon.pokemon_species (name, pokedex_index, is_baby, is_legendary, is_mythical, evolves_from)
VALUES ('dewpider', 751, False, False, False, None);
INSERT INTO pokemon.form (name, is_default, fk_pokemon_species, height, weight, legacy_cry, latest_cry, artwork, shiny_artwork)
VALUES ('dewpider', True, 735, 3, 40, None, https://raw.githubusercontent.com/PokeAPI/cries/main/cries/pokemon/latest/751.ogg, https://raw.githubusercontent.com/PokeAPI/sprites/master/sprites/pokemon/other/official-artwork/751.png, https://raw.githubusercontent.com/PokeAPI/sprites/master/sprites/pokemon/other/official-artwork/shiny/751.png);
INSERT INTO pokemon.base_stats (base_hp, base_attack, base_defense, base_special_attack, base_special_defense, base_speed, fk_generation, fk_form)
VALUES (38, 40, 52, 40, 72, 27, 7, 921);
INSERT INTO pokemon.form_has_type_per_generation (fk_form, fk_type, fk_generation, is_primary)
VALUES (921, 11, 7, True);
INSERT INTO pokemon.form_has_type_per_generation (fk_form, fk_type, fk_generation, is_primary)
VALUES (921, 7, 7, False);

INSERT INTO pokemon.pokemon_species (name, pokedex_index, is_baby, is_legendary, is_mythical, evolves_from)
VALUES ('fomantis', 753, False, False, False, None);
INSERT INTO pokemon.form (name, is_default, fk_pokemon_species, height, weight, legacy_cry, latest_cry, artwork, shiny_artwork)
VALUES ('fomantis', True, 736, 3, 15, None, https://raw.githubusercontent.com/PokeAPI/cries/main/cries/pokemon/latest/753.ogg, https://raw.githubusercontent.com/PokeAPI/sprites/master/sprites/pokemon/other/official-artwork/753.png, https://raw.githubusercontent.com/PokeAPI/sprites/master/sprites/pokemon/other/official-artwork/shiny/753.png);
INSERT INTO pokemon.base_stats (base_hp, base_attack, base_defense, base_special_attack, base_special_defense, base_speed, fk_generation, fk_form)
VALUES (40, 55, 35, 50, 35, 35, 7, 922);
INSERT INTO pokemon.form_has_type_per_generation (fk_form, fk_type, fk_generation, is_primary)
VALUES (922, 12, 7, True);

INSERT INTO pokemon.pokemon_species (name, pokedex_index, is_baby, is_legendary, is_mythical, evolves_from)
VALUES ('morelull', 755, False, False, False, None);
INSERT INTO pokemon.form (name, is_default, fk_pokemon_species, height, weight, legacy_cry, latest_cry, artwork, shiny_artwork)
VALUES ('morelull', True, 737, 2, 15, None, https://raw.githubusercontent.com/PokeAPI/cries/main/cries/pokemon/latest/755.ogg, https://raw.githubusercontent.com/PokeAPI/sprites/master/sprites/pokemon/other/official-artwork/755.png, https://raw.githubusercontent.com/PokeAPI/sprites/master/sprites/pokemon/other/official-artwork/shiny/755.png);
INSERT INTO pokemon.base_stats (base_hp, base_attack, base_defense, base_special_attack, base_special_defense, base_speed, fk_generation, fk_form)
VALUES (40, 35, 55, 65, 75, 15, 7, 923);
INSERT INTO pokemon.form_has_type_per_generation (fk_form, fk_type, fk_generation, is_primary)
VALUES (923, 12, 7, True);
INSERT INTO pokemon.form_has_type_per_generation (fk_form, fk_type, fk_generation, is_primary)
VALUES (923, 18, 7, False);

INSERT INTO pokemon.pokemon_species (name, pokedex_index, is_baby, is_legendary, is_mythical, evolves_from)
VALUES ('salandit', 757, False, False, False, None);
INSERT INTO pokemon.form (name, is_default, fk_pokemon_species, height, weight, legacy_cry, latest_cry, artwork, shiny_artwork)
VALUES ('salandit', True, 738, 6, 48, None, https://raw.githubusercontent.com/PokeAPI/cries/main/cries/pokemon/latest/757.ogg, https://raw.githubusercontent.com/PokeAPI/sprites/master/sprites/pokemon/other/official-artwork/757.png, https://raw.githubusercontent.com/PokeAPI/sprites/master/sprites/pokemon/other/official-artwork/shiny/757.png);
INSERT INTO pokemon.base_stats (base_hp, base_attack, base_defense, base_special_attack, base_special_defense, base_speed, fk_generation, fk_form)
VALUES (48, 44, 40, 71, 40, 77, 7, 924);
INSERT INTO pokemon.form_has_type_per_generation (fk_form, fk_type, fk_generation, is_primary)
VALUES (924, 4, 7, True);
INSERT INTO pokemon.form_has_type_per_generation (fk_form, fk_type, fk_generation, is_primary)
VALUES (924, 10, 7, False);

INSERT INTO pokemon.pokemon_species (name, pokedex_index, is_baby, is_legendary, is_mythical, evolves_from)
VALUES ('stufful', 759, False, False, False, None);
INSERT INTO pokemon.form (name, is_default, fk_pokemon_species, height, weight, legacy_cry, latest_cry, artwork, shiny_artwork)
VALUES ('stufful', True, 739, 5, 68, None, https://raw.githubusercontent.com/PokeAPI/cries/main/cries/pokemon/latest/759.ogg, https://raw.githubusercontent.com/PokeAPI/sprites/master/sprites/pokemon/other/official-artwork/759.png, https://raw.githubusercontent.com/PokeAPI/sprites/master/sprites/pokemon/other/official-artwork/shiny/759.png);
INSERT INTO pokemon.base_stats (base_hp, base_attack, base_defense, base_special_attack, base_special_defense, base_speed, fk_generation, fk_form)
VALUES (70, 75, 50, 45, 50, 50, 7, 925);
INSERT INTO pokemon.form_has_type_per_generation (fk_form, fk_type, fk_generation, is_primary)
VALUES (925, 1, 7, True);
INSERT INTO pokemon.form_has_type_per_generation (fk_form, fk_type, fk_generation, is_primary)
VALUES (925, 2, 7, False);

INSERT INTO pokemon.pokemon_species (name, pokedex_index, is_baby, is_legendary, is_mythical, evolves_from)
VALUES ('bounsweet', 761, False, False, False, None);
INSERT INTO pokemon.form (name, is_default, fk_pokemon_species, height, weight, legacy_cry, latest_cry, artwork, shiny_artwork)
VALUES ('bounsweet', True, 740, 3, 32, None, https://raw.githubusercontent.com/PokeAPI/cries/main/cries/pokemon/latest/761.ogg, https://raw.githubusercontent.com/PokeAPI/sprites/master/sprites/pokemon/other/official-artwork/761.png, https://raw.githubusercontent.com/PokeAPI/sprites/master/sprites/pokemon/other/official-artwork/shiny/761.png);
INSERT INTO pokemon.base_stats (base_hp, base_attack, base_defense, base_special_attack, base_special_defense, base_speed, fk_generation, fk_form)
VALUES (42, 30, 38, 30, 38, 32, 7, 926);
INSERT INTO pokemon.form_has_type_per_generation (fk_form, fk_type, fk_generation, is_primary)
VALUES (926, 12, 7, True);

INSERT INTO pokemon.pokemon_species (name, pokedex_index, is_baby, is_legendary, is_mythical, evolves_from)
VALUES ('comfey', 764, False, False, False, None);
INSERT INTO pokemon.form (name, is_default, fk_pokemon_species, height, weight, legacy_cry, latest_cry, artwork, shiny_artwork)
VALUES ('comfey', True, 741, 1, 3, None, https://raw.githubusercontent.com/PokeAPI/cries/main/cries/pokemon/latest/764.ogg, https://raw.githubusercontent.com/PokeAPI/sprites/master/sprites/pokemon/other/official-artwork/764.png, https://raw.githubusercontent.com/PokeAPI/sprites/master/sprites/pokemon/other/official-artwork/shiny/764.png);
INSERT INTO pokemon.base_stats (base_hp, base_attack, base_defense, base_special_attack, base_special_defense, base_speed, fk_generation, fk_form)
VALUES (51, 52, 90, 82, 110, 100, 7, 927);
INSERT INTO pokemon.form_has_type_per_generation (fk_form, fk_type, fk_generation, is_primary)
VALUES (927, 18, 7, True);

INSERT INTO pokemon.pokemon_species (name, pokedex_index, is_baby, is_legendary, is_mythical, evolves_from)
VALUES ('dartrix', 723, False, False, False, rowlet);
INSERT INTO pokemon.form (name, is_default, fk_pokemon_species, height, weight, legacy_cry, latest_cry, artwork, shiny_artwork)
VALUES ('dartrix', True, 742, 7, 160, None, https://raw.githubusercontent.com/PokeAPI/cries/main/cries/pokemon/latest/723.ogg, https://raw.githubusercontent.com/PokeAPI/sprites/master/sprites/pokemon/other/official-artwork/723.png, https://raw.githubusercontent.com/PokeAPI/sprites/master/sprites/pokemon/other/official-artwork/shiny/723.png);
INSERT INTO pokemon.base_stats (base_hp, base_attack, base_defense, base_special_attack, base_special_defense, base_speed, fk_generation, fk_form)
VALUES (78, 75, 75, 70, 70, 52, 7, 928);
INSERT INTO pokemon.form_has_type_per_generation (fk_form, fk_type, fk_generation, is_primary)
VALUES (928, 12, 7, True);
INSERT INTO pokemon.form_has_type_per_generation (fk_form, fk_type, fk_generation, is_primary)
VALUES (928, 3, 7, False);

INSERT INTO pokemon.pokemon_species (name, pokedex_index, is_baby, is_legendary, is_mythical, evolves_from)
VALUES ('decidueye', 724, False, False, False, dartrix);
INSERT INTO pokemon.form (name, is_default, fk_pokemon_species, height, weight, legacy_cry, latest_cry, artwork, shiny_artwork)
VALUES ('decidueye', True, 743, 16, 366, None, https://raw.githubusercontent.com/PokeAPI/cries/main/cries/pokemon/latest/724.ogg, https://raw.githubusercontent.com/PokeAPI/sprites/master/sprites/pokemon/other/official-artwork/724.png, https://raw.githubusercontent.com/PokeAPI/sprites/master/sprites/pokemon/other/official-artwork/shiny/724.png);
INSERT INTO pokemon.base_stats (base_hp, base_attack, base_defense, base_special_attack, base_special_defense, base_speed, fk_generation, fk_form)
VALUES (78, 107, 75, 100, 100, 70, 7, 929);
INSERT INTO pokemon.form_has_type_per_generation (fk_form, fk_type, fk_generation, is_primary)
VALUES (929, 12, 7, True);
INSERT INTO pokemon.form_has_type_per_generation (fk_form, fk_type, fk_generation, is_primary)
VALUES (929, 8, 7, False);

INSERT INTO pokemon.form (name, is_default, fk_pokemon_species, height, weight, legacy_cry, latest_cry, artwork, shiny_artwork)
VALUES ('decidueye-hisui', False, 743, 16, 370, None, https://raw.githubusercontent.com/PokeAPI/cries/main/cries/pokemon/latest/10244.ogg, https://raw.githubusercontent.com/PokeAPI/sprites/master/sprites/pokemon/other/official-artwork/10244.png, https://raw.githubusercontent.com/PokeAPI/sprites/master/sprites/pokemon/other/official-artwork/shiny/10244.png);
INSERT INTO pokemon.base_stats (base_hp, base_attack, base_defense, base_special_attack, base_special_defense, base_speed, fk_generation, fk_form)
VALUES (88, 112, 80, 95, 95, 60, 8, 930);
INSERT INTO pokemon.form_has_type_per_generation (fk_form, fk_type, fk_generation, is_primary)
VALUES (930, 12, 8, True);
INSERT INTO pokemon.form_has_type_per_generation (fk_form, fk_type, fk_generation, is_primary)
VALUES (930, 2, 8, False);

INSERT INTO pokemon.pokemon_species (name, pokedex_index, is_baby, is_legendary, is_mythical, evolves_from)
VALUES ('torracat', 726, False, False, False, litten);
INSERT INTO pokemon.form (name, is_default, fk_pokemon_species, height, weight, legacy_cry, latest_cry, artwork, shiny_artwork)
VALUES ('torracat', True, 744, 7, 250, None, https://raw.githubusercontent.com/PokeAPI/cries/main/cries/pokemon/latest/726.ogg, https://raw.githubusercontent.com/PokeAPI/sprites/master/sprites/pokemon/other/official-artwork/726.png, https://raw.githubusercontent.com/PokeAPI/sprites/master/sprites/pokemon/other/official-artwork/shiny/726.png);
INSERT INTO pokemon.base_stats (base_hp, base_attack, base_defense, base_special_attack, base_special_defense, base_speed, fk_generation, fk_form)
VALUES (65, 85, 50, 80, 50, 90, 7, 931);
INSERT INTO pokemon.form_has_type_per_generation (fk_form, fk_type, fk_generation, is_primary)
VALUES (931, 10, 7, True);

INSERT INTO pokemon.pokemon_species (name, pokedex_index, is_baby, is_legendary, is_mythical, evolves_from)
VALUES ('incineroar', 727, False, False, False, torracat);
INSERT INTO pokemon.form (name, is_default, fk_pokemon_species, height, weight, legacy_cry, latest_cry, artwork, shiny_artwork)
VALUES ('incineroar', True, 745, 18, 830, None, https://raw.githubusercontent.com/PokeAPI/cries/main/cries/pokemon/latest/727.ogg, https://raw.githubusercontent.com/PokeAPI/sprites/master/sprites/pokemon/other/official-artwork/727.png, https://raw.githubusercontent.com/PokeAPI/sprites/master/sprites/pokemon/other/official-artwork/shiny/727.png);
INSERT INTO pokemon.base_stats (base_hp, base_attack, base_defense, base_special_attack, base_special_defense, base_speed, fk_generation, fk_form)
VALUES (95, 115, 90, 80, 90, 60, 7, 932);
INSERT INTO pokemon.form_has_type_per_generation (fk_form, fk_type, fk_generation, is_primary)
VALUES (932, 10, 7, True);
INSERT INTO pokemon.form_has_type_per_generation (fk_form, fk_type, fk_generation, is_primary)
VALUES (932, 17, 7, False);

INSERT INTO pokemon.pokemon_species (name, pokedex_index, is_baby, is_legendary, is_mythical, evolves_from)
VALUES ('primarina', 730, False, False, False, brionne);
INSERT INTO pokemon.form (name, is_default, fk_pokemon_species, height, weight, legacy_cry, latest_cry, artwork, shiny_artwork)
VALUES ('primarina', True, 746, 18, 440, None, https://raw.githubusercontent.com/PokeAPI/cries/main/cries/pokemon/latest/730.ogg, https://raw.githubusercontent.com/PokeAPI/sprites/master/sprites/pokemon/other/official-artwork/730.png, https://raw.githubusercontent.com/PokeAPI/sprites/master/sprites/pokemon/other/official-artwork/shiny/730.png);
INSERT INTO pokemon.base_stats (base_hp, base_attack, base_defense, base_special_attack, base_special_defense, base_speed, fk_generation, fk_form)
VALUES (80, 74, 74, 126, 116, 60, 7, 933);
INSERT INTO pokemon.form_has_type_per_generation (fk_form, fk_type, fk_generation, is_primary)
VALUES (933, 11, 7, True);
INSERT INTO pokemon.form_has_type_per_generation (fk_form, fk_type, fk_generation, is_primary)
VALUES (933, 18, 7, False);

INSERT INTO pokemon.pokemon_species (name, pokedex_index, is_baby, is_legendary, is_mythical, evolves_from)
VALUES ('trumbeak', 732, False, False, False, pikipek);
INSERT INTO pokemon.form (name, is_default, fk_pokemon_species, height, weight, legacy_cry, latest_cry, artwork, shiny_artwork)
VALUES ('trumbeak', True, 747, 6, 148, None, https://raw.githubusercontent.com/PokeAPI/cries/main/cries/pokemon/latest/732.ogg, https://raw.githubusercontent.com/PokeAPI/sprites/master/sprites/pokemon/other/official-artwork/732.png, https://raw.githubusercontent.com/PokeAPI/sprites/master/sprites/pokemon/other/official-artwork/shiny/732.png);
INSERT INTO pokemon.base_stats (base_hp, base_attack, base_defense, base_special_attack, base_special_defense, base_speed, fk_generation, fk_form)
VALUES (55, 85, 50, 40, 50, 75, 7, 934);
INSERT INTO pokemon.form_has_type_per_generation (fk_form, fk_type, fk_generation, is_primary)
VALUES (934, 1, 7, True);
INSERT INTO pokemon.form_has_type_per_generation (fk_form, fk_type, fk_generation, is_primary)
VALUES (934, 3, 7, False);

INSERT INTO pokemon.pokemon_species (name, pokedex_index, is_baby, is_legendary, is_mythical, evolves_from)
VALUES ('toucannon', 733, False, False, False, trumbeak);
INSERT INTO pokemon.form (name, is_default, fk_pokemon_species, height, weight, legacy_cry, latest_cry, artwork, shiny_artwork)
VALUES ('toucannon', True, 748, 11, 260, None, https://raw.githubusercontent.com/PokeAPI/cries/main/cries/pokemon/latest/733.ogg, https://raw.githubusercontent.com/PokeAPI/sprites/master/sprites/pokemon/other/official-artwork/733.png, https://raw.githubusercontent.com/PokeAPI/sprites/master/sprites/pokemon/other/official-artwork/shiny/733.png);
INSERT INTO pokemon.base_stats (base_hp, base_attack, base_defense, base_special_attack, base_special_defense, base_speed, fk_generation, fk_form)
VALUES (80, 120, 75, 75, 75, 60, 7, 935);
INSERT INTO pokemon.form_has_type_per_generation (fk_form, fk_type, fk_generation, is_primary)
VALUES (935, 1, 7, True);
INSERT INTO pokemon.form_has_type_per_generation (fk_form, fk_type, fk_generation, is_primary)
VALUES (935, 3, 7, False);

INSERT INTO pokemon.pokemon_species (name, pokedex_index, is_baby, is_legendary, is_mythical, evolves_from)
VALUES ('gumshoos', 735, False, False, False, yungoos);
INSERT INTO pokemon.form (name, is_default, fk_pokemon_species, height, weight, legacy_cry, latest_cry, artwork, shiny_artwork)
VALUES ('gumshoos', True, 749, 7, 142, None, https://raw.githubusercontent.com/PokeAPI/cries/main/cries/pokemon/latest/735.ogg, https://raw.githubusercontent.com/PokeAPI/sprites/master/sprites/pokemon/other/official-artwork/735.png, https://raw.githubusercontent.com/PokeAPI/sprites/master/sprites/pokemon/other/official-artwork/shiny/735.png);
INSERT INTO pokemon.base_stats (base_hp, base_attack, base_defense, base_special_attack, base_special_defense, base_speed, fk_generation, fk_form)
VALUES (88, 110, 60, 55, 60, 45, 7, 936);
INSERT INTO pokemon.form_has_type_per_generation (fk_form, fk_type, fk_generation, is_primary)
VALUES (936, 1, 7, True);

INSERT INTO pokemon.form (name, is_default, fk_pokemon_species, height, weight, legacy_cry, latest_cry, artwork, shiny_artwork)
VALUES ('gumshoos-totem', False, 749, 14, 600, None, https://raw.githubusercontent.com/PokeAPI/cries/main/cries/pokemon/latest/10121.ogg, https://raw.githubusercontent.com/PokeAPI/sprites/master/sprites/pokemon/other/official-artwork/10121.png, https://raw.githubusercontent.com/PokeAPI/sprites/master/sprites/pokemon/other/official-artwork/shiny/10121.png);
INSERT INTO pokemon.base_stats (base_hp, base_attack, base_defense, base_special_attack, base_special_defense, base_speed, fk_generation, fk_form)
VALUES (88, 110, 60, 55, 60, 45, 7, 937);
INSERT INTO pokemon.form_has_type_per_generation (fk_form, fk_type, fk_generation, is_primary)
VALUES (937, 1, 7, True);

INSERT INTO pokemon.pokemon_species (name, pokedex_index, is_baby, is_legendary, is_mythical, evolves_from)
VALUES ('charjabug', 737, False, False, False, grubbin);
INSERT INTO pokemon.form (name, is_default, fk_pokemon_species, height, weight, legacy_cry, latest_cry, artwork, shiny_artwork)
VALUES ('charjabug', True, 750, 5, 105, None, https://raw.githubusercontent.com/PokeAPI/cries/main/cries/pokemon/latest/737.ogg, https://raw.githubusercontent.com/PokeAPI/sprites/master/sprites/pokemon/other/official-artwork/737.png, https://raw.githubusercontent.com/PokeAPI/sprites/master/sprites/pokemon/other/official-artwork/shiny/737.png);
INSERT INTO pokemon.base_stats (base_hp, base_attack, base_defense, base_special_attack, base_special_defense, base_speed, fk_generation, fk_form)
VALUES (57, 82, 95, 55, 75, 36, 7, 938);
INSERT INTO pokemon.form_has_type_per_generation (fk_form, fk_type, fk_generation, is_primary)
VALUES (938, 7, 7, True);
INSERT INTO pokemon.form_has_type_per_generation (fk_form, fk_type, fk_generation, is_primary)
VALUES (938, 13, 7, False);

INSERT INTO pokemon.pokemon_species (name, pokedex_index, is_baby, is_legendary, is_mythical, evolves_from)
VALUES ('vikavolt', 738, False, False, False, charjabug);
INSERT INTO pokemon.form (name, is_default, fk_pokemon_species, height, weight, legacy_cry, latest_cry, artwork, shiny_artwork)
VALUES ('vikavolt', True, 751, 15, 450, None, https://raw.githubusercontent.com/PokeAPI/cries/main/cries/pokemon/latest/738.ogg, https://raw.githubusercontent.com/PokeAPI/sprites/master/sprites/pokemon/other/official-artwork/738.png, https://raw.githubusercontent.com/PokeAPI/sprites/master/sprites/pokemon/other/official-artwork/shiny/738.png);
INSERT INTO pokemon.base_stats (base_hp, base_attack, base_defense, base_special_attack, base_special_defense, base_speed, fk_generation, fk_form)
VALUES (77, 70, 90, 145, 75, 43, 7, 939);
INSERT INTO pokemon.form_has_type_per_generation (fk_form, fk_type, fk_generation, is_primary)
VALUES (939, 7, 7, True);
INSERT INTO pokemon.form_has_type_per_generation (fk_form, fk_type, fk_generation, is_primary)
VALUES (939, 13, 7, False);

INSERT INTO pokemon.form (name, is_default, fk_pokemon_species, height, weight, legacy_cry, latest_cry, artwork, shiny_artwork)
VALUES ('vikavolt-totem', False, 751, 26, 1475, None, https://raw.githubusercontent.com/PokeAPI/cries/main/cries/pokemon/latest/10122.ogg, https://raw.githubusercontent.com/PokeAPI/sprites/master/sprites/pokemon/other/official-artwork/10122.png, https://raw.githubusercontent.com/PokeAPI/sprites/master/sprites/pokemon/other/official-artwork/shiny/10122.png);
INSERT INTO pokemon.base_stats (base_hp, base_attack, base_defense, base_special_attack, base_special_defense, base_speed, fk_generation, fk_form)
VALUES (77, 70, 90, 145, 75, 43, 7, 940);
INSERT INTO pokemon.form_has_type_per_generation (fk_form, fk_type, fk_generation, is_primary)
VALUES (940, 7, 7, True);
INSERT INTO pokemon.form_has_type_per_generation (fk_form, fk_type, fk_generation, is_primary)
VALUES (940, 13, 7, False);

INSERT INTO pokemon.pokemon_species (name, pokedex_index, is_baby, is_legendary, is_mythical, evolves_from)
VALUES ('crabominable', 740, False, False, False, crabrawler);
INSERT INTO pokemon.form (name, is_default, fk_pokemon_species, height, weight, legacy_cry, latest_cry, artwork, shiny_artwork)
VALUES ('crabominable', True, 752, 17, 1800, None, https://raw.githubusercontent.com/PokeAPI/cries/main/cries/pokemon/latest/740.ogg, https://raw.githubusercontent.com/PokeAPI/sprites/master/sprites/pokemon/other/official-artwork/740.png, https://raw.githubusercontent.com/PokeAPI/sprites/master/sprites/pokemon/other/official-artwork/shiny/740.png);
INSERT INTO pokemon.base_stats (base_hp, base_attack, base_defense, base_special_attack, base_special_defense, base_speed, fk_generation, fk_form)
VALUES (97, 132, 77, 62, 67, 43, 7, 941);
INSERT INTO pokemon.form_has_type_per_generation (fk_form, fk_type, fk_generation, is_primary)
VALUES (941, 2, 7, True);
INSERT INTO pokemon.form_has_type_per_generation (fk_form, fk_type, fk_generation, is_primary)
VALUES (941, 15, 7, False);

INSERT INTO pokemon.pokemon_species (name, pokedex_index, is_baby, is_legendary, is_mythical, evolves_from)
VALUES ('ribombee', 743, False, False, False, cutiefly);
INSERT INTO pokemon.form (name, is_default, fk_pokemon_species, height, weight, legacy_cry, latest_cry, artwork, shiny_artwork)
VALUES ('ribombee', True, 753, 2, 5, None, https://raw.githubusercontent.com/PokeAPI/cries/main/cries/pokemon/latest/743.ogg, https://raw.githubusercontent.com/PokeAPI/sprites/master/sprites/pokemon/other/official-artwork/743.png, https://raw.githubusercontent.com/PokeAPI/sprites/master/sprites/pokemon/other/official-artwork/shiny/743.png);
INSERT INTO pokemon.base_stats (base_hp, base_attack, base_defense, base_special_attack, base_special_defense, base_speed, fk_generation, fk_form)
VALUES (60, 55, 60, 95, 70, 124, 7, 942);
INSERT INTO pokemon.form_has_type_per_generation (fk_form, fk_type, fk_generation, is_primary)
VALUES (942, 7, 7, True);
INSERT INTO pokemon.form_has_type_per_generation (fk_form, fk_type, fk_generation, is_primary)
VALUES (942, 18, 7, False);

INSERT INTO pokemon.form (name, is_default, fk_pokemon_species, height, weight, legacy_cry, latest_cry, artwork, shiny_artwork)
VALUES ('ribombee-totem', False, 753, 4, 20, None, https://raw.githubusercontent.com/PokeAPI/cries/main/cries/pokemon/latest/10150.ogg, https://raw.githubusercontent.com/PokeAPI/sprites/master/sprites/pokemon/other/official-artwork/10150.png, https://raw.githubusercontent.com/PokeAPI/sprites/master/sprites/pokemon/other/official-artwork/shiny/10150.png);
INSERT INTO pokemon.base_stats (base_hp, base_attack, base_defense, base_special_attack, base_special_defense, base_speed, fk_generation, fk_form)
VALUES (60, 55, 60, 95, 70, 124, 7, 943);
INSERT INTO pokemon.form_has_type_per_generation (fk_form, fk_type, fk_generation, is_primary)
VALUES (943, 7, 7, True);
INSERT INTO pokemon.form_has_type_per_generation (fk_form, fk_type, fk_generation, is_primary)
VALUES (943, 18, 7, False);

INSERT INTO pokemon.pokemon_species (name, pokedex_index, is_baby, is_legendary, is_mythical, evolves_from)
VALUES ('lycanroc', 745, False, False, False, rockruff);
INSERT INTO pokemon.form (name, is_default, fk_pokemon_species, height, weight, legacy_cry, latest_cry, artwork, shiny_artwork)
VALUES ('lycanroc-midday', False, 754, 8, 250, None, https://raw.githubusercontent.com/PokeAPI/cries/main/cries/pokemon/latest/745.ogg, https://raw.githubusercontent.com/PokeAPI/sprites/master/sprites/pokemon/other/official-artwork/745.png, https://raw.githubusercontent.com/PokeAPI/sprites/master/sprites/pokemon/other/official-artwork/shiny/745.png);
INSERT INTO pokemon.base_stats (base_hp, base_attack, base_defense, base_special_attack, base_special_defense, base_speed, fk_generation, fk_form)
VALUES (75, 115, 65, 55, 65, 112, 7, 944);
INSERT INTO pokemon.form_has_type_per_generation (fk_form, fk_type, fk_generation, is_primary)
VALUES (944, 6, 7, True);

INSERT INTO pokemon.form (name, is_default, fk_pokemon_species, height, weight, legacy_cry, latest_cry, artwork, shiny_artwork)
VALUES ('lycanroc-midnight', False, 754, 11, 250, None, https://raw.githubusercontent.com/PokeAPI/cries/main/cries/pokemon/latest/10126.ogg, https://raw.githubusercontent.com/PokeAPI/sprites/master/sprites/pokemon/other/official-artwork/10126.png, https://raw.githubusercontent.com/PokeAPI/sprites/master/sprites/pokemon/other/official-artwork/shiny/10126.png);
INSERT INTO pokemon.base_stats (base_hp, base_attack, base_defense, base_special_attack, base_special_defense, base_speed, fk_generation, fk_form)
VALUES (85, 115, 75, 55, 75, 82, 7, 945);
INSERT INTO pokemon.form_has_type_per_generation (fk_form, fk_type, fk_generation, is_primary)
VALUES (945, 6, 7, True);

INSERT INTO pokemon.form (name, is_default, fk_pokemon_species, height, weight, legacy_cry, latest_cry, artwork, shiny_artwork)
VALUES ('lycanroc-dusk', False, 754, 8, 250, None, https://raw.githubusercontent.com/PokeAPI/cries/main/cries/pokemon/latest/10152.ogg, https://raw.githubusercontent.com/PokeAPI/sprites/master/sprites/pokemon/other/official-artwork/10152.png, https://raw.githubusercontent.com/PokeAPI/sprites/master/sprites/pokemon/other/official-artwork/shiny/10152.png);
INSERT INTO pokemon.base_stats (base_hp, base_attack, base_defense, base_special_attack, base_special_defense, base_speed, fk_generation, fk_form)
VALUES (75, 117, 65, 55, 65, 110, 7, 946);
INSERT INTO pokemon.form_has_type_per_generation (fk_form, fk_type, fk_generation, is_primary)
VALUES (946, 6, 7, True);

INSERT INTO pokemon.pokemon_species (name, pokedex_index, is_baby, is_legendary, is_mythical, evolves_from)
VALUES ('toxapex', 748, False, False, False, mareanie);
INSERT INTO pokemon.form (name, is_default, fk_pokemon_species, height, weight, legacy_cry, latest_cry, artwork, shiny_artwork)
VALUES ('toxapex', True, 755, 7, 145, None, https://raw.githubusercontent.com/PokeAPI/cries/main/cries/pokemon/latest/748.ogg, https://raw.githubusercontent.com/PokeAPI/sprites/master/sprites/pokemon/other/official-artwork/748.png, https://raw.githubusercontent.com/PokeAPI/sprites/master/sprites/pokemon/other/official-artwork/shiny/748.png);
INSERT INTO pokemon.base_stats (base_hp, base_attack, base_defense, base_special_attack, base_special_defense, base_speed, fk_generation, fk_form)
VALUES (50, 63, 152, 53, 142, 35, 7, 947);
INSERT INTO pokemon.form_has_type_per_generation (fk_form, fk_type, fk_generation, is_primary)
VALUES (947, 4, 7, True);
INSERT INTO pokemon.form_has_type_per_generation (fk_form, fk_type, fk_generation, is_primary)
VALUES (947, 11, 7, False);

INSERT INTO pokemon.pokemon_species (name, pokedex_index, is_baby, is_legendary, is_mythical, evolves_from)
VALUES ('mudsdale', 750, False, False, False, mudbray);
INSERT INTO pokemon.form (name, is_default, fk_pokemon_species, height, weight, legacy_cry, latest_cry, artwork, shiny_artwork)
VALUES ('mudsdale', True, 756, 25, 9200, None, https://raw.githubusercontent.com/PokeAPI/cries/main/cries/pokemon/latest/750.ogg, https://raw.githubusercontent.com/PokeAPI/sprites/master/sprites/pokemon/other/official-artwork/750.png, https://raw.githubusercontent.com/PokeAPI/sprites/master/sprites/pokemon/other/official-artwork/shiny/750.png);
INSERT INTO pokemon.base_stats (base_hp, base_attack, base_defense, base_special_attack, base_special_defense, base_speed, fk_generation, fk_form)
VALUES (100, 125, 100, 55, 85, 35, 7, 948);
INSERT INTO pokemon.form_has_type_per_generation (fk_form, fk_type, fk_generation, is_primary)
VALUES (948, 5, 7, True);

INSERT INTO pokemon.pokemon_species (name, pokedex_index, is_baby, is_legendary, is_mythical, evolves_from)
VALUES ('araquanid', 752, False, False, False, dewpider);
INSERT INTO pokemon.form (name, is_default, fk_pokemon_species, height, weight, legacy_cry, latest_cry, artwork, shiny_artwork)
VALUES ('araquanid', True, 757, 18, 820, None, https://raw.githubusercontent.com/PokeAPI/cries/main/cries/pokemon/latest/752.ogg, https://raw.githubusercontent.com/PokeAPI/sprites/master/sprites/pokemon/other/official-artwork/752.png, https://raw.githubusercontent.com/PokeAPI/sprites/master/sprites/pokemon/other/official-artwork/shiny/752.png);
INSERT INTO pokemon.base_stats (base_hp, base_attack, base_defense, base_special_attack, base_special_defense, base_speed, fk_generation, fk_form)
VALUES (68, 70, 92, 50, 132, 42, 7, 949);
INSERT INTO pokemon.form_has_type_per_generation (fk_form, fk_type, fk_generation, is_primary)
VALUES (949, 11, 7, True);
INSERT INTO pokemon.form_has_type_per_generation (fk_form, fk_type, fk_generation, is_primary)
VALUES (949, 7, 7, False);

INSERT INTO pokemon.form (name, is_default, fk_pokemon_species, height, weight, legacy_cry, latest_cry, artwork, shiny_artwork)
VALUES ('araquanid-totem', False, 757, 31, 2175, None, https://raw.githubusercontent.com/PokeAPI/cries/main/cries/pokemon/latest/10153.ogg, https://raw.githubusercontent.com/PokeAPI/sprites/master/sprites/pokemon/other/official-artwork/10153.png, https://raw.githubusercontent.com/PokeAPI/sprites/master/sprites/pokemon/other/official-artwork/shiny/10153.png);
INSERT INTO pokemon.base_stats (base_hp, base_attack, base_defense, base_special_attack, base_special_defense, base_speed, fk_generation, fk_form)
VALUES (68, 70, 92, 50, 132, 42, 7, 950);
INSERT INTO pokemon.form_has_type_per_generation (fk_form, fk_type, fk_generation, is_primary)
VALUES (950, 11, 7, True);
INSERT INTO pokemon.form_has_type_per_generation (fk_form, fk_type, fk_generation, is_primary)
VALUES (950, 7, 7, False);

INSERT INTO pokemon.pokemon_species (name, pokedex_index, is_baby, is_legendary, is_mythical, evolves_from)
VALUES ('lurantis', 754, False, False, False, fomantis);
INSERT INTO pokemon.form (name, is_default, fk_pokemon_species, height, weight, legacy_cry, latest_cry, artwork, shiny_artwork)
VALUES ('lurantis', True, 758, 9, 185, None, https://raw.githubusercontent.com/PokeAPI/cries/main/cries/pokemon/latest/754.ogg, https://raw.githubusercontent.com/PokeAPI/sprites/master/sprites/pokemon/other/official-artwork/754.png, https://raw.githubusercontent.com/PokeAPI/sprites/master/sprites/pokemon/other/official-artwork/shiny/754.png);
INSERT INTO pokemon.base_stats (base_hp, base_attack, base_defense, base_special_attack, base_special_defense, base_speed, fk_generation, fk_form)
VALUES (70, 105, 90, 80, 90, 45, 7, 951);
INSERT INTO pokemon.form_has_type_per_generation (fk_form, fk_type, fk_generation, is_primary)
VALUES (951, 12, 7, True);

INSERT INTO pokemon.form (name, is_default, fk_pokemon_species, height, weight, legacy_cry, latest_cry, artwork, shiny_artwork)
VALUES ('lurantis-totem', False, 758, 15, 580, None, https://raw.githubusercontent.com/PokeAPI/cries/main/cries/pokemon/latest/10128.ogg, https://raw.githubusercontent.com/PokeAPI/sprites/master/sprites/pokemon/other/official-artwork/10128.png, https://raw.githubusercontent.com/PokeAPI/sprites/master/sprites/pokemon/other/official-artwork/shiny/10128.png);
INSERT INTO pokemon.base_stats (base_hp, base_attack, base_defense, base_special_attack, base_special_defense, base_speed, fk_generation, fk_form)
VALUES (70, 105, 90, 80, 90, 45, 7, 952);
INSERT INTO pokemon.form_has_type_per_generation (fk_form, fk_type, fk_generation, is_primary)
VALUES (952, 12, 7, True);

INSERT INTO pokemon.pokemon_species (name, pokedex_index, is_baby, is_legendary, is_mythical, evolves_from)
VALUES ('shiinotic', 756, False, False, False, morelull);
INSERT INTO pokemon.form (name, is_default, fk_pokemon_species, height, weight, legacy_cry, latest_cry, artwork, shiny_artwork)
VALUES ('shiinotic', True, 759, 10, 115, None, https://raw.githubusercontent.com/PokeAPI/cries/main/cries/pokemon/latest/756.ogg, https://raw.githubusercontent.com/PokeAPI/sprites/master/sprites/pokemon/other/official-artwork/756.png, https://raw.githubusercontent.com/PokeAPI/sprites/master/sprites/pokemon/other/official-artwork/shiny/756.png);
INSERT INTO pokemon.base_stats (base_hp, base_attack, base_defense, base_special_attack, base_special_defense, base_speed, fk_generation, fk_form)
VALUES (60, 45, 80, 90, 100, 30, 7, 953);
INSERT INTO pokemon.form_has_type_per_generation (fk_form, fk_type, fk_generation, is_primary)
VALUES (953, 12, 7, True);
INSERT INTO pokemon.form_has_type_per_generation (fk_form, fk_type, fk_generation, is_primary)
VALUES (953, 18, 7, False);

INSERT INTO pokemon.pokemon_species (name, pokedex_index, is_baby, is_legendary, is_mythical, evolves_from)
VALUES ('salazzle', 758, False, False, False, salandit);
INSERT INTO pokemon.form (name, is_default, fk_pokemon_species, height, weight, legacy_cry, latest_cry, artwork, shiny_artwork)
VALUES ('salazzle', True, 760, 12, 222, None, https://raw.githubusercontent.com/PokeAPI/cries/main/cries/pokemon/latest/758.ogg, https://raw.githubusercontent.com/PokeAPI/sprites/master/sprites/pokemon/other/official-artwork/758.png, https://raw.githubusercontent.com/PokeAPI/sprites/master/sprites/pokemon/other/official-artwork/shiny/758.png);
INSERT INTO pokemon.base_stats (base_hp, base_attack, base_defense, base_special_attack, base_special_defense, base_speed, fk_generation, fk_form)
VALUES (68, 64, 60, 111, 60, 117, 7, 954);
INSERT INTO pokemon.form_has_type_per_generation (fk_form, fk_type, fk_generation, is_primary)
VALUES (954, 4, 7, True);
INSERT INTO pokemon.form_has_type_per_generation (fk_form, fk_type, fk_generation, is_primary)
VALUES (954, 10, 7, False);

INSERT INTO pokemon.form (name, is_default, fk_pokemon_species, height, weight, legacy_cry, latest_cry, artwork, shiny_artwork)
VALUES ('salazzle-totem', False, 760, 21, 810, None, https://raw.githubusercontent.com/PokeAPI/cries/main/cries/pokemon/latest/10129.ogg, https://raw.githubusercontent.com/PokeAPI/sprites/master/sprites/pokemon/other/official-artwork/10129.png, https://raw.githubusercontent.com/PokeAPI/sprites/master/sprites/pokemon/other/official-artwork/shiny/10129.png);
INSERT INTO pokemon.base_stats (base_hp, base_attack, base_defense, base_special_attack, base_special_defense, base_speed, fk_generation, fk_form)
VALUES (68, 64, 60, 111, 60, 117, 7, 955);
INSERT INTO pokemon.form_has_type_per_generation (fk_form, fk_type, fk_generation, is_primary)
VALUES (955, 4, 7, True);
INSERT INTO pokemon.form_has_type_per_generation (fk_form, fk_type, fk_generation, is_primary)
VALUES (955, 10, 7, False);

INSERT INTO pokemon.pokemon_species (name, pokedex_index, is_baby, is_legendary, is_mythical, evolves_from)
VALUES ('bewear', 760, False, False, False, stufful);
INSERT INTO pokemon.form (name, is_default, fk_pokemon_species, height, weight, legacy_cry, latest_cry, artwork, shiny_artwork)
VALUES ('bewear', True, 761, 21, 1350, None, https://raw.githubusercontent.com/PokeAPI/cries/main/cries/pokemon/latest/760.ogg, https://raw.githubusercontent.com/PokeAPI/sprites/master/sprites/pokemon/other/official-artwork/760.png, https://raw.githubusercontent.com/PokeAPI/sprites/master/sprites/pokemon/other/official-artwork/shiny/760.png);
INSERT INTO pokemon.base_stats (base_hp, base_attack, base_defense, base_special_attack, base_special_defense, base_speed, fk_generation, fk_form)
VALUES (120, 125, 80, 55, 60, 60, 7, 956);
INSERT INTO pokemon.form_has_type_per_generation (fk_form, fk_type, fk_generation, is_primary)
VALUES (956, 1, 7, True);
INSERT INTO pokemon.form_has_type_per_generation (fk_form, fk_type, fk_generation, is_primary)
VALUES (956, 2, 7, False);

INSERT INTO pokemon.pokemon_species (name, pokedex_index, is_baby, is_legendary, is_mythical, evolves_from)
VALUES ('steenee', 762, False, False, False, bounsweet);
INSERT INTO pokemon.form (name, is_default, fk_pokemon_species, height, weight, legacy_cry, latest_cry, artwork, shiny_artwork)
VALUES ('steenee', True, 762, 7, 82, None, https://raw.githubusercontent.com/PokeAPI/cries/main/cries/pokemon/latest/762.ogg, https://raw.githubusercontent.com/PokeAPI/sprites/master/sprites/pokemon/other/official-artwork/762.png, https://raw.githubusercontent.com/PokeAPI/sprites/master/sprites/pokemon/other/official-artwork/shiny/762.png);
INSERT INTO pokemon.base_stats (base_hp, base_attack, base_defense, base_special_attack, base_special_defense, base_speed, fk_generation, fk_form)
VALUES (52, 40, 48, 40, 48, 62, 7, 957);
INSERT INTO pokemon.form_has_type_per_generation (fk_form, fk_type, fk_generation, is_primary)
VALUES (957, 12, 7, True);

INSERT INTO pokemon.pokemon_species (name, pokedex_index, is_baby, is_legendary, is_mythical, evolves_from)
VALUES ('oranguru', 765, False, False, False, None);
INSERT INTO pokemon.form (name, is_default, fk_pokemon_species, height, weight, legacy_cry, latest_cry, artwork, shiny_artwork)
VALUES ('oranguru', True, 763, 15, 760, None, https://raw.githubusercontent.com/PokeAPI/cries/main/cries/pokemon/latest/765.ogg, https://raw.githubusercontent.com/PokeAPI/sprites/master/sprites/pokemon/other/official-artwork/765.png, https://raw.githubusercontent.com/PokeAPI/sprites/master/sprites/pokemon/other/official-artwork/shiny/765.png);
INSERT INTO pokemon.base_stats (base_hp, base_attack, base_defense, base_special_attack, base_special_defense, base_speed, fk_generation, fk_form)
VALUES (90, 60, 80, 90, 110, 60, 7, 958);
INSERT INTO pokemon.form_has_type_per_generation (fk_form, fk_type, fk_generation, is_primary)
VALUES (958, 1, 7, True);
INSERT INTO pokemon.form_has_type_per_generation (fk_form, fk_type, fk_generation, is_primary)
VALUES (958, 14, 7, False);

INSERT INTO pokemon.pokemon_species (name, pokedex_index, is_baby, is_legendary, is_mythical, evolves_from)
VALUES ('passimian', 766, False, False, False, None);
INSERT INTO pokemon.form (name, is_default, fk_pokemon_species, height, weight, legacy_cry, latest_cry, artwork, shiny_artwork)
VALUES ('passimian', True, 764, 20, 828, None, https://raw.githubusercontent.com/PokeAPI/cries/main/cries/pokemon/latest/766.ogg, https://raw.githubusercontent.com/PokeAPI/sprites/master/sprites/pokemon/other/official-artwork/766.png, https://raw.githubusercontent.com/PokeAPI/sprites/master/sprites/pokemon/other/official-artwork/shiny/766.png);
INSERT INTO pokemon.base_stats (base_hp, base_attack, base_defense, base_special_attack, base_special_defense, base_speed, fk_generation, fk_form)
VALUES (100, 120, 90, 40, 60, 80, 7, 959);
INSERT INTO pokemon.form_has_type_per_generation (fk_form, fk_type, fk_generation, is_primary)
VALUES (959, 2, 7, True);

INSERT INTO pokemon.pokemon_species (name, pokedex_index, is_baby, is_legendary, is_mythical, evolves_from)
VALUES ('wimpod', 767, False, False, False, None);
INSERT INTO pokemon.form (name, is_default, fk_pokemon_species, height, weight, legacy_cry, latest_cry, artwork, shiny_artwork)
VALUES ('wimpod', True, 765, 5, 120, None, https://raw.githubusercontent.com/PokeAPI/cries/main/cries/pokemon/latest/767.ogg, https://raw.githubusercontent.com/PokeAPI/sprites/master/sprites/pokemon/other/official-artwork/767.png, https://raw.githubusercontent.com/PokeAPI/sprites/master/sprites/pokemon/other/official-artwork/shiny/767.png);
INSERT INTO pokemon.base_stats (base_hp, base_attack, base_defense, base_special_attack, base_special_defense, base_speed, fk_generation, fk_form)
VALUES (25, 35, 40, 20, 30, 80, 7, 960);
INSERT INTO pokemon.form_has_type_per_generation (fk_form, fk_type, fk_generation, is_primary)
VALUES (960, 7, 7, True);
INSERT INTO pokemon.form_has_type_per_generation (fk_form, fk_type, fk_generation, is_primary)
VALUES (960, 11, 7, False);

INSERT INTO pokemon.pokemon_species (name, pokedex_index, is_baby, is_legendary, is_mythical, evolves_from)
VALUES ('sandygast', 769, False, False, False, None);
INSERT INTO pokemon.form (name, is_default, fk_pokemon_species, height, weight, legacy_cry, latest_cry, artwork, shiny_artwork)
VALUES ('sandygast', True, 766, 5, 700, None, https://raw.githubusercontent.com/PokeAPI/cries/main/cries/pokemon/latest/769.ogg, https://raw.githubusercontent.com/PokeAPI/sprites/master/sprites/pokemon/other/official-artwork/769.png, https://raw.githubusercontent.com/PokeAPI/sprites/master/sprites/pokemon/other/official-artwork/shiny/769.png);
INSERT INTO pokemon.base_stats (base_hp, base_attack, base_defense, base_special_attack, base_special_defense, base_speed, fk_generation, fk_form)
VALUES (55, 55, 80, 70, 45, 15, 7, 961);
INSERT INTO pokemon.form_has_type_per_generation (fk_form, fk_type, fk_generation, is_primary)
VALUES (961, 8, 7, True);
INSERT INTO pokemon.form_has_type_per_generation (fk_form, fk_type, fk_generation, is_primary)
VALUES (961, 5, 7, False);

INSERT INTO pokemon.pokemon_species (name, pokedex_index, is_baby, is_legendary, is_mythical, evolves_from)
VALUES ('pyukumuku', 771, False, False, False, None);
INSERT INTO pokemon.form (name, is_default, fk_pokemon_species, height, weight, legacy_cry, latest_cry, artwork, shiny_artwork)
VALUES ('pyukumuku', True, 767, 3, 12, None, https://raw.githubusercontent.com/PokeAPI/cries/main/cries/pokemon/latest/771.ogg, https://raw.githubusercontent.com/PokeAPI/sprites/master/sprites/pokemon/other/official-artwork/771.png, https://raw.githubusercontent.com/PokeAPI/sprites/master/sprites/pokemon/other/official-artwork/shiny/771.png);
INSERT INTO pokemon.base_stats (base_hp, base_attack, base_defense, base_special_attack, base_special_defense, base_speed, fk_generation, fk_form)
VALUES (55, 60, 130, 30, 130, 5, 7, 962);
INSERT INTO pokemon.form_has_type_per_generation (fk_form, fk_type, fk_generation, is_primary)
VALUES (962, 11, 7, True);

INSERT INTO pokemon.pokemon_species (name, pokedex_index, is_baby, is_legendary, is_mythical, evolves_from)
VALUES ('type-null', 772, False, True, False, None);
INSERT INTO pokemon.form (name, is_default, fk_pokemon_species, height, weight, legacy_cry, latest_cry, artwork, shiny_artwork)
VALUES ('type-null', True, 768, 19, 1205, None, https://raw.githubusercontent.com/PokeAPI/cries/main/cries/pokemon/latest/772.ogg, https://raw.githubusercontent.com/PokeAPI/sprites/master/sprites/pokemon/other/official-artwork/772.png, https://raw.githubusercontent.com/PokeAPI/sprites/master/sprites/pokemon/other/official-artwork/shiny/772.png);
INSERT INTO pokemon.base_stats (base_hp, base_attack, base_defense, base_special_attack, base_special_defense, base_speed, fk_generation, fk_form)
VALUES (95, 95, 95, 95, 95, 59, 7, 963);
INSERT INTO pokemon.form_has_type_per_generation (fk_form, fk_type, fk_generation, is_primary)
VALUES (963, 1, 7, True);

INSERT INTO pokemon.pokemon_species (name, pokedex_index, is_baby, is_legendary, is_mythical, evolves_from)
VALUES ('minior', 774, False, False, False, None);
INSERT INTO pokemon.form (name, is_default, fk_pokemon_species, height, weight, legacy_cry, latest_cry, artwork, shiny_artwork)
VALUES ('minior-red-meteor', False, 769, 3, 400, None, https://raw.githubusercontent.com/PokeAPI/cries/main/cries/pokemon/latest/774.ogg, https://raw.githubusercontent.com/PokeAPI/sprites/master/sprites/pokemon/other/official-artwork/774.png, https://raw.githubusercontent.com/PokeAPI/sprites/master/sprites/pokemon/other/official-artwork/shiny/774.png);
INSERT INTO pokemon.base_stats (base_hp, base_attack, base_defense, base_special_attack, base_special_defense, base_speed, fk_generation, fk_form)
VALUES (60, 60, 100, 60, 100, 60, 7, 964);
INSERT INTO pokemon.form_has_type_per_generation (fk_form, fk_type, fk_generation, is_primary)
VALUES (964, 6, 7, True);
INSERT INTO pokemon.form_has_type_per_generation (fk_form, fk_type, fk_generation, is_primary)
VALUES (964, 3, 7, False);

INSERT INTO pokemon.form (name, is_default, fk_pokemon_species, height, weight, legacy_cry, latest_cry, artwork, shiny_artwork)
VALUES ('minior-orange-meteor', False, 769, 3, 400, None, https://raw.githubusercontent.com/PokeAPI/cries/main/cries/pokemon/latest/10130.ogg, https://raw.githubusercontent.com/PokeAPI/sprites/master/sprites/pokemon/other/official-artwork/10130.png, https://raw.githubusercontent.com/PokeAPI/sprites/master/sprites/pokemon/other/official-artwork/shiny/10130.png);
INSERT INTO pokemon.base_stats (base_hp, base_attack, base_defense, base_special_attack, base_special_defense, base_speed, fk_generation, fk_form)
VALUES (60, 60, 100, 60, 100, 60, 7, 965);
INSERT INTO pokemon.form_has_type_per_generation (fk_form, fk_type, fk_generation, is_primary)
VALUES (965, 6, 7, True);
INSERT INTO pokemon.form_has_type_per_generation (fk_form, fk_type, fk_generation, is_primary)
VALUES (965, 3, 7, False);

INSERT INTO pokemon.form (name, is_default, fk_pokemon_species, height, weight, legacy_cry, latest_cry, artwork, shiny_artwork)
VALUES ('minior-yellow-meteor', False, 769, 3, 400, None, https://raw.githubusercontent.com/PokeAPI/cries/main/cries/pokemon/latest/10131.ogg, https://raw.githubusercontent.com/PokeAPI/sprites/master/sprites/pokemon/other/official-artwork/10131.png, https://raw.githubusercontent.com/PokeAPI/sprites/master/sprites/pokemon/other/official-artwork/shiny/10131.png);
INSERT INTO pokemon.base_stats (base_hp, base_attack, base_defense, base_special_attack, base_special_defense, base_speed, fk_generation, fk_form)
VALUES (60, 60, 100, 60, 100, 60, 7, 966);
INSERT INTO pokemon.form_has_type_per_generation (fk_form, fk_type, fk_generation, is_primary)
VALUES (966, 6, 7, True);
INSERT INTO pokemon.form_has_type_per_generation (fk_form, fk_type, fk_generation, is_primary)
VALUES (966, 3, 7, False);

INSERT INTO pokemon.form (name, is_default, fk_pokemon_species, height, weight, legacy_cry, latest_cry, artwork, shiny_artwork)
VALUES ('minior-green-meteor', False, 769, 3, 400, None, https://raw.githubusercontent.com/PokeAPI/cries/main/cries/pokemon/latest/10132.ogg, https://raw.githubusercontent.com/PokeAPI/sprites/master/sprites/pokemon/other/official-artwork/10132.png, https://raw.githubusercontent.com/PokeAPI/sprites/master/sprites/pokemon/other/official-artwork/shiny/10132.png);
INSERT INTO pokemon.base_stats (base_hp, base_attack, base_defense, base_special_attack, base_special_defense, base_speed, fk_generation, fk_form)
VALUES (60, 60, 100, 60, 100, 60, 7, 967);
INSERT INTO pokemon.form_has_type_per_generation (fk_form, fk_type, fk_generation, is_primary)
VALUES (967, 6, 7, True);
INSERT INTO pokemon.form_has_type_per_generation (fk_form, fk_type, fk_generation, is_primary)
VALUES (967, 3, 7, False);

INSERT INTO pokemon.form (name, is_default, fk_pokemon_species, height, weight, legacy_cry, latest_cry, artwork, shiny_artwork)
VALUES ('minior-blue-meteor', False, 769, 3, 400, None, https://raw.githubusercontent.com/PokeAPI/cries/main/cries/pokemon/latest/10133.ogg, https://raw.githubusercontent.com/PokeAPI/sprites/master/sprites/pokemon/other/official-artwork/10133.png, https://raw.githubusercontent.com/PokeAPI/sprites/master/sprites/pokemon/other/official-artwork/shiny/10133.png);
INSERT INTO pokemon.base_stats (base_hp, base_attack, base_defense, base_special_attack, base_special_defense, base_speed, fk_generation, fk_form)
VALUES (60, 60, 100, 60, 100, 60, 7, 968);
INSERT INTO pokemon.form_has_type_per_generation (fk_form, fk_type, fk_generation, is_primary)
VALUES (968, 6, 7, True);
INSERT INTO pokemon.form_has_type_per_generation (fk_form, fk_type, fk_generation, is_primary)
VALUES (968, 3, 7, False);

INSERT INTO pokemon.form (name, is_default, fk_pokemon_species, height, weight, legacy_cry, latest_cry, artwork, shiny_artwork)
VALUES ('minior-indigo-meteor', False, 769, 3, 400, None, https://raw.githubusercontent.com/PokeAPI/cries/main/cries/pokemon/latest/10134.ogg, https://raw.githubusercontent.com/PokeAPI/sprites/master/sprites/pokemon/other/official-artwork/10134.png, https://raw.githubusercontent.com/PokeAPI/sprites/master/sprites/pokemon/other/official-artwork/shiny/10134.png);
INSERT INTO pokemon.base_stats (base_hp, base_attack, base_defense, base_special_attack, base_special_defense, base_speed, fk_generation, fk_form)
VALUES (60, 60, 100, 60, 100, 60, 7, 969);
INSERT INTO pokemon.form_has_type_per_generation (fk_form, fk_type, fk_generation, is_primary)
VALUES (969, 6, 7, True);
INSERT INTO pokemon.form_has_type_per_generation (fk_form, fk_type, fk_generation, is_primary)
VALUES (969, 3, 7, False);

INSERT INTO pokemon.form (name, is_default, fk_pokemon_species, height, weight, legacy_cry, latest_cry, artwork, shiny_artwork)
VALUES ('minior-violet-meteor', False, 769, 3, 400, None, https://raw.githubusercontent.com/PokeAPI/cries/main/cries/pokemon/latest/10135.ogg, https://raw.githubusercontent.com/PokeAPI/sprites/master/sprites/pokemon/other/official-artwork/10135.png, https://raw.githubusercontent.com/PokeAPI/sprites/master/sprites/pokemon/other/official-artwork/shiny/10135.png);
INSERT INTO pokemon.base_stats (base_hp, base_attack, base_defense, base_special_attack, base_special_defense, base_speed, fk_generation, fk_form)
VALUES (60, 60, 100, 60, 100, 60, 7, 970);
INSERT INTO pokemon.form_has_type_per_generation (fk_form, fk_type, fk_generation, is_primary)
VALUES (970, 6, 7, True);
INSERT INTO pokemon.form_has_type_per_generation (fk_form, fk_type, fk_generation, is_primary)
VALUES (970, 3, 7, False);

INSERT INTO pokemon.form (name, is_default, fk_pokemon_species, height, weight, legacy_cry, latest_cry, artwork, shiny_artwork)
VALUES ('minior-red', False, 769, 3, 3, None, https://raw.githubusercontent.com/PokeAPI/cries/main/cries/pokemon/latest/10136.ogg, https://raw.githubusercontent.com/PokeAPI/sprites/master/sprites/pokemon/other/official-artwork/10136.png, https://raw.githubusercontent.com/PokeAPI/sprites/master/sprites/pokemon/other/official-artwork/shiny/10136.png);
INSERT INTO pokemon.base_stats (base_hp, base_attack, base_defense, base_special_attack, base_special_defense, base_speed, fk_generation, fk_form)
VALUES (60, 100, 60, 100, 60, 120, 7, 971);
INSERT INTO pokemon.form_has_type_per_generation (fk_form, fk_type, fk_generation, is_primary)
VALUES (971, 6, 7, True);
INSERT INTO pokemon.form_has_type_per_generation (fk_form, fk_type, fk_generation, is_primary)
VALUES (971, 3, 7, False);

INSERT INTO pokemon.form (name, is_default, fk_pokemon_species, height, weight, legacy_cry, latest_cry, artwork, shiny_artwork)
VALUES ('minior-orange', False, 769, 3, 3, None, https://raw.githubusercontent.com/PokeAPI/cries/main/cries/pokemon/latest/10137.ogg, https://raw.githubusercontent.com/PokeAPI/sprites/master/sprites/pokemon/other/official-artwork/10137.png, https://raw.githubusercontent.com/PokeAPI/sprites/master/sprites/pokemon/other/official-artwork/shiny/10137.png);
INSERT INTO pokemon.base_stats (base_hp, base_attack, base_defense, base_special_attack, base_special_defense, base_speed, fk_generation, fk_form)
VALUES (60, 100, 60, 100, 60, 120, 7, 972);
INSERT INTO pokemon.form_has_type_per_generation (fk_form, fk_type, fk_generation, is_primary)
VALUES (972, 6, 7, True);
INSERT INTO pokemon.form_has_type_per_generation (fk_form, fk_type, fk_generation, is_primary)
VALUES (972, 3, 7, False);

INSERT INTO pokemon.form (name, is_default, fk_pokemon_species, height, weight, legacy_cry, latest_cry, artwork, shiny_artwork)
VALUES ('minior-yellow', False, 769, 3, 3, None, https://raw.githubusercontent.com/PokeAPI/cries/main/cries/pokemon/latest/10138.ogg, https://raw.githubusercontent.com/PokeAPI/sprites/master/sprites/pokemon/other/official-artwork/10138.png, https://raw.githubusercontent.com/PokeAPI/sprites/master/sprites/pokemon/other/official-artwork/shiny/10138.png);
INSERT INTO pokemon.base_stats (base_hp, base_attack, base_defense, base_special_attack, base_special_defense, base_speed, fk_generation, fk_form)
VALUES (60, 100, 60, 100, 60, 120, 7, 973);
INSERT INTO pokemon.form_has_type_per_generation (fk_form, fk_type, fk_generation, is_primary)
VALUES (973, 6, 7, True);
INSERT INTO pokemon.form_has_type_per_generation (fk_form, fk_type, fk_generation, is_primary)
VALUES (973, 3, 7, False);

INSERT INTO pokemon.form (name, is_default, fk_pokemon_species, height, weight, legacy_cry, latest_cry, artwork, shiny_artwork)
VALUES ('minior-green', False, 769, 3, 3, None, https://raw.githubusercontent.com/PokeAPI/cries/main/cries/pokemon/latest/10139.ogg, https://raw.githubusercontent.com/PokeAPI/sprites/master/sprites/pokemon/other/official-artwork/10139.png, https://raw.githubusercontent.com/PokeAPI/sprites/master/sprites/pokemon/other/official-artwork/shiny/10139.png);
INSERT INTO pokemon.base_stats (base_hp, base_attack, base_defense, base_special_attack, base_special_defense, base_speed, fk_generation, fk_form)
VALUES (60, 100, 60, 100, 60, 120, 7, 974);
INSERT INTO pokemon.form_has_type_per_generation (fk_form, fk_type, fk_generation, is_primary)
VALUES (974, 6, 7, True);
INSERT INTO pokemon.form_has_type_per_generation (fk_form, fk_type, fk_generation, is_primary)
VALUES (974, 3, 7, False);

INSERT INTO pokemon.form (name, is_default, fk_pokemon_species, height, weight, legacy_cry, latest_cry, artwork, shiny_artwork)
VALUES ('minior-blue', False, 769, 3, 3, None, https://raw.githubusercontent.com/PokeAPI/cries/main/cries/pokemon/latest/10140.ogg, https://raw.githubusercontent.com/PokeAPI/sprites/master/sprites/pokemon/other/official-artwork/10140.png, https://raw.githubusercontent.com/PokeAPI/sprites/master/sprites/pokemon/other/official-artwork/shiny/10140.png);
INSERT INTO pokemon.base_stats (base_hp, base_attack, base_defense, base_special_attack, base_special_defense, base_speed, fk_generation, fk_form)
VALUES (60, 100, 60, 100, 60, 120, 7, 975);
INSERT INTO pokemon.form_has_type_per_generation (fk_form, fk_type, fk_generation, is_primary)
VALUES (975, 6, 7, True);
INSERT INTO pokemon.form_has_type_per_generation (fk_form, fk_type, fk_generation, is_primary)
VALUES (975, 3, 7, False);

INSERT INTO pokemon.form (name, is_default, fk_pokemon_species, height, weight, legacy_cry, latest_cry, artwork, shiny_artwork)
VALUES ('minior-indigo', False, 769, 3, 3, None, https://raw.githubusercontent.com/PokeAPI/cries/main/cries/pokemon/latest/10141.ogg, https://raw.githubusercontent.com/PokeAPI/sprites/master/sprites/pokemon/other/official-artwork/10141.png, https://raw.githubusercontent.com/PokeAPI/sprites/master/sprites/pokemon/other/official-artwork/shiny/10141.png);
INSERT INTO pokemon.base_stats (base_hp, base_attack, base_defense, base_special_attack, base_special_defense, base_speed, fk_generation, fk_form)
VALUES (60, 100, 60, 100, 60, 120, 7, 976);
INSERT INTO pokemon.form_has_type_per_generation (fk_form, fk_type, fk_generation, is_primary)
VALUES (976, 6, 7, True);
INSERT INTO pokemon.form_has_type_per_generation (fk_form, fk_type, fk_generation, is_primary)
VALUES (976, 3, 7, False);

INSERT INTO pokemon.form (name, is_default, fk_pokemon_species, height, weight, legacy_cry, latest_cry, artwork, shiny_artwork)
VALUES ('minior-violet', False, 769, 3, 3, None, https://raw.githubusercontent.com/PokeAPI/cries/main/cries/pokemon/latest/10142.ogg, https://raw.githubusercontent.com/PokeAPI/sprites/master/sprites/pokemon/other/official-artwork/10142.png, https://raw.githubusercontent.com/PokeAPI/sprites/master/sprites/pokemon/other/official-artwork/shiny/10142.png);
INSERT INTO pokemon.base_stats (base_hp, base_attack, base_defense, base_special_attack, base_special_defense, base_speed, fk_generation, fk_form)
VALUES (60, 100, 60, 100, 60, 120, 7, 977);
INSERT INTO pokemon.form_has_type_per_generation (fk_form, fk_type, fk_generation, is_primary)
VALUES (977, 6, 7, True);
INSERT INTO pokemon.form_has_type_per_generation (fk_form, fk_type, fk_generation, is_primary)
VALUES (977, 3, 7, False);

INSERT INTO pokemon.pokemon_species (name, pokedex_index, is_baby, is_legendary, is_mythical, evolves_from)
VALUES ('komala', 775, False, False, False, None);
INSERT INTO pokemon.form (name, is_default, fk_pokemon_species, height, weight, legacy_cry, latest_cry, artwork, shiny_artwork)
VALUES ('komala', True, 770, 4, 199, None, https://raw.githubusercontent.com/PokeAPI/cries/main/cries/pokemon/latest/775.ogg, https://raw.githubusercontent.com/PokeAPI/sprites/master/sprites/pokemon/other/official-artwork/775.png, https://raw.githubusercontent.com/PokeAPI/sprites/master/sprites/pokemon/other/official-artwork/shiny/775.png);
INSERT INTO pokemon.base_stats (base_hp, base_attack, base_defense, base_special_attack, base_special_defense, base_speed, fk_generation, fk_form)
VALUES (65, 115, 65, 75, 95, 65, 7, 978);
INSERT INTO pokemon.form_has_type_per_generation (fk_form, fk_type, fk_generation, is_primary)
VALUES (978, 1, 7, True);

INSERT INTO pokemon.pokemon_species (name, pokedex_index, is_baby, is_legendary, is_mythical, evolves_from)
VALUES ('turtonator', 776, False, False, False, None);
INSERT INTO pokemon.form (name, is_default, fk_pokemon_species, height, weight, legacy_cry, latest_cry, artwork, shiny_artwork)
VALUES ('turtonator', True, 771, 20, 2120, None, https://raw.githubusercontent.com/PokeAPI/cries/main/cries/pokemon/latest/776.ogg, https://raw.githubusercontent.com/PokeAPI/sprites/master/sprites/pokemon/other/official-artwork/776.png, https://raw.githubusercontent.com/PokeAPI/sprites/master/sprites/pokemon/other/official-artwork/shiny/776.png);
INSERT INTO pokemon.base_stats (base_hp, base_attack, base_defense, base_special_attack, base_special_defense, base_speed, fk_generation, fk_form)
VALUES (60, 78, 135, 91, 85, 36, 7, 979);
INSERT INTO pokemon.form_has_type_per_generation (fk_form, fk_type, fk_generation, is_primary)
VALUES (979, 10, 7, True);
INSERT INTO pokemon.form_has_type_per_generation (fk_form, fk_type, fk_generation, is_primary)
VALUES (979, 16, 7, False);

INSERT INTO pokemon.pokemon_species (name, pokedex_index, is_baby, is_legendary, is_mythical, evolves_from)
VALUES ('togedemaru', 777, False, False, False, None);
INSERT INTO pokemon.form (name, is_default, fk_pokemon_species, height, weight, legacy_cry, latest_cry, artwork, shiny_artwork)
VALUES ('togedemaru', True, 772, 3, 33, None, https://raw.githubusercontent.com/PokeAPI/cries/main/cries/pokemon/latest/777.ogg, https://raw.githubusercontent.com/PokeAPI/sprites/master/sprites/pokemon/other/official-artwork/777.png, https://raw.githubusercontent.com/PokeAPI/sprites/master/sprites/pokemon/other/official-artwork/shiny/777.png);
INSERT INTO pokemon.base_stats (base_hp, base_attack, base_defense, base_special_attack, base_special_defense, base_speed, fk_generation, fk_form)
VALUES (65, 98, 63, 40, 73, 96, 7, 980);
INSERT INTO pokemon.form_has_type_per_generation (fk_form, fk_type, fk_generation, is_primary)
VALUES (980, 13, 7, True);
INSERT INTO pokemon.form_has_type_per_generation (fk_form, fk_type, fk_generation, is_primary)
VALUES (980, 9, 7, False);

INSERT INTO pokemon.form (name, is_default, fk_pokemon_species, height, weight, legacy_cry, latest_cry, artwork, shiny_artwork)
VALUES ('togedemaru-totem', False, 772, 6, 130, None, https://raw.githubusercontent.com/PokeAPI/cries/main/cries/pokemon/latest/10154.ogg, https://raw.githubusercontent.com/PokeAPI/sprites/master/sprites/pokemon/other/official-artwork/10154.png, https://raw.githubusercontent.com/PokeAPI/sprites/master/sprites/pokemon/other/official-artwork/shiny/10154.png);
INSERT INTO pokemon.base_stats (base_hp, base_attack, base_defense, base_special_attack, base_special_defense, base_speed, fk_generation, fk_form)
VALUES (65, 98, 63, 40, 73, 96, 7, 981);
INSERT INTO pokemon.form_has_type_per_generation (fk_form, fk_type, fk_generation, is_primary)
VALUES (981, 13, 7, True);
INSERT INTO pokemon.form_has_type_per_generation (fk_form, fk_type, fk_generation, is_primary)
VALUES (981, 9, 7, False);

INSERT INTO pokemon.pokemon_species (name, pokedex_index, is_baby, is_legendary, is_mythical, evolves_from)
VALUES ('mimikyu', 778, False, False, False, None);
INSERT INTO pokemon.form (name, is_default, fk_pokemon_species, height, weight, legacy_cry, latest_cry, artwork, shiny_artwork)
VALUES ('mimikyu-disguised', False, 773, 2, 7, None, https://raw.githubusercontent.com/PokeAPI/cries/main/cries/pokemon/latest/778.ogg, https://raw.githubusercontent.com/PokeAPI/sprites/master/sprites/pokemon/other/official-artwork/778.png, https://raw.githubusercontent.com/PokeAPI/sprites/master/sprites/pokemon/other/official-artwork/shiny/778.png);
INSERT INTO pokemon.base_stats (base_hp, base_attack, base_defense, base_special_attack, base_special_defense, base_speed, fk_generation, fk_form)
VALUES (55, 90, 80, 50, 105, 96, 7, 982);
INSERT INTO pokemon.form_has_type_per_generation (fk_form, fk_type, fk_generation, is_primary)
VALUES (982, 8, 7, True);
INSERT INTO pokemon.form_has_type_per_generation (fk_form, fk_type, fk_generation, is_primary)
VALUES (982, 18, 7, False);

INSERT INTO pokemon.form (name, is_default, fk_pokemon_species, height, weight, legacy_cry, latest_cry, artwork, shiny_artwork)
VALUES ('mimikyu-busted', False, 773, 2, 7, None, https://raw.githubusercontent.com/PokeAPI/cries/main/cries/pokemon/latest/10143.ogg, None, https://raw.githubusercontent.com/PokeAPI/sprites/master/sprites/pokemon/other/official-artwork/shiny/10143.png);
INSERT INTO pokemon.base_stats (base_hp, base_attack, base_defense, base_special_attack, base_special_defense, base_speed, fk_generation, fk_form)
VALUES (55, 90, 80, 50, 105, 96, 7, 983);
INSERT INTO pokemon.form_has_type_per_generation (fk_form, fk_type, fk_generation, is_primary)
VALUES (983, 8, 7, True);
INSERT INTO pokemon.form_has_type_per_generation (fk_form, fk_type, fk_generation, is_primary)
VALUES (983, 18, 7, False);

INSERT INTO pokemon.form (name, is_default, fk_pokemon_species, height, weight, legacy_cry, latest_cry, artwork, shiny_artwork)
VALUES ('mimikyu-totem-disguised', False, 773, 4, 28, None, https://raw.githubusercontent.com/PokeAPI/cries/main/cries/pokemon/latest/10144.ogg, https://raw.githubusercontent.com/PokeAPI/sprites/master/sprites/pokemon/other/official-artwork/10144.png, None);
INSERT INTO pokemon.base_stats (base_hp, base_attack, base_defense, base_special_attack, base_special_defense, base_speed, fk_generation, fk_form)
VALUES (55, 90, 80, 50, 105, 96, 7, 984);
INSERT INTO pokemon.form_has_type_per_generation (fk_form, fk_type, fk_generation, is_primary)
VALUES (984, 8, 7, True);
INSERT INTO pokemon.form_has_type_per_generation (fk_form, fk_type, fk_generation, is_primary)
VALUES (984, 18, 7, False);

INSERT INTO pokemon.form (name, is_default, fk_pokemon_species, height, weight, legacy_cry, latest_cry, artwork, shiny_artwork)
VALUES ('mimikyu-totem-busted', False, 773, 4, 28, None, https://raw.githubusercontent.com/PokeAPI/cries/main/cries/pokemon/latest/10145.ogg, None, None);
INSERT INTO pokemon.base_stats (base_hp, base_attack, base_defense, base_special_attack, base_special_defense, base_speed, fk_generation, fk_form)
VALUES (55, 90, 80, 50, 105, 96, 7, 985);
INSERT INTO pokemon.form_has_type_per_generation (fk_form, fk_type, fk_generation, is_primary)
VALUES (985, 8, 7, True);
INSERT INTO pokemon.form_has_type_per_generation (fk_form, fk_type, fk_generation, is_primary)
VALUES (985, 18, 7, False);

INSERT INTO pokemon.pokemon_species (name, pokedex_index, is_baby, is_legendary, is_mythical, evolves_from)
VALUES ('bruxish', 779, False, False, False, None);
INSERT INTO pokemon.form (name, is_default, fk_pokemon_species, height, weight, legacy_cry, latest_cry, artwork, shiny_artwork)
VALUES ('bruxish', True, 774, 9, 190, None, https://raw.githubusercontent.com/PokeAPI/cries/main/cries/pokemon/latest/779.ogg, https://raw.githubusercontent.com/PokeAPI/sprites/master/sprites/pokemon/other/official-artwork/779.png, https://raw.githubusercontent.com/PokeAPI/sprites/master/sprites/pokemon/other/official-artwork/shiny/779.png);
INSERT INTO pokemon.base_stats (base_hp, base_attack, base_defense, base_special_attack, base_special_defense, base_speed, fk_generation, fk_form)
VALUES (68, 105, 70, 70, 70, 92, 7, 986);
INSERT INTO pokemon.form_has_type_per_generation (fk_form, fk_type, fk_generation, is_primary)
VALUES (986, 11, 7, True);
INSERT INTO pokemon.form_has_type_per_generation (fk_form, fk_type, fk_generation, is_primary)
VALUES (986, 14, 7, False);

INSERT INTO pokemon.pokemon_species (name, pokedex_index, is_baby, is_legendary, is_mythical, evolves_from)
VALUES ('drampa', 780, False, False, False, None);
INSERT INTO pokemon.form (name, is_default, fk_pokemon_species, height, weight, legacy_cry, latest_cry, artwork, shiny_artwork)
VALUES ('drampa', True, 775, 30, 1850, None, https://raw.githubusercontent.com/PokeAPI/cries/main/cries/pokemon/latest/780.ogg, https://raw.githubusercontent.com/PokeAPI/sprites/master/sprites/pokemon/other/official-artwork/780.png, https://raw.githubusercontent.com/PokeAPI/sprites/master/sprites/pokemon/other/official-artwork/shiny/780.png);
INSERT INTO pokemon.base_stats (base_hp, base_attack, base_defense, base_special_attack, base_special_defense, base_speed, fk_generation, fk_form)
VALUES (78, 60, 85, 135, 91, 36, 7, 987);
INSERT INTO pokemon.form_has_type_per_generation (fk_form, fk_type, fk_generation, is_primary)
VALUES (987, 1, 7, True);
INSERT INTO pokemon.form_has_type_per_generation (fk_form, fk_type, fk_generation, is_primary)
VALUES (987, 16, 7, False);

INSERT INTO pokemon.pokemon_species (name, pokedex_index, is_baby, is_legendary, is_mythical, evolves_from)
VALUES ('dhelmise', 781, False, False, False, None);
INSERT INTO pokemon.form (name, is_default, fk_pokemon_species, height, weight, legacy_cry, latest_cry, artwork, shiny_artwork)
VALUES ('dhelmise', True, 776, 39, 2100, None, https://raw.githubusercontent.com/PokeAPI/cries/main/cries/pokemon/latest/781.ogg, https://raw.githubusercontent.com/PokeAPI/sprites/master/sprites/pokemon/other/official-artwork/781.png, https://raw.githubusercontent.com/PokeAPI/sprites/master/sprites/pokemon/other/official-artwork/shiny/781.png);
INSERT INTO pokemon.base_stats (base_hp, base_attack, base_defense, base_special_attack, base_special_defense, base_speed, fk_generation, fk_form)
VALUES (70, 131, 100, 86, 90, 40, 7, 988);
INSERT INTO pokemon.form_has_type_per_generation (fk_form, fk_type, fk_generation, is_primary)
VALUES (988, 8, 7, True);
INSERT INTO pokemon.form_has_type_per_generation (fk_form, fk_type, fk_generation, is_primary)
VALUES (988, 12, 7, False);

INSERT INTO pokemon.pokemon_species (name, pokedex_index, is_baby, is_legendary, is_mythical, evolves_from)
VALUES ('jangmo-o', 782, False, False, False, None);
INSERT INTO pokemon.form (name, is_default, fk_pokemon_species, height, weight, legacy_cry, latest_cry, artwork, shiny_artwork)
VALUES ('jangmo-o', True, 777, 6, 297, None, https://raw.githubusercontent.com/PokeAPI/cries/main/cries/pokemon/latest/782.ogg, https://raw.githubusercontent.com/PokeAPI/sprites/master/sprites/pokemon/other/official-artwork/782.png, https://raw.githubusercontent.com/PokeAPI/sprites/master/sprites/pokemon/other/official-artwork/shiny/782.png);
INSERT INTO pokemon.base_stats (base_hp, base_attack, base_defense, base_special_attack, base_special_defense, base_speed, fk_generation, fk_form)
VALUES (45, 55, 65, 45, 45, 45, 7, 989);
INSERT INTO pokemon.form_has_type_per_generation (fk_form, fk_type, fk_generation, is_primary)
VALUES (989, 16, 7, True);

INSERT INTO pokemon.pokemon_species (name, pokedex_index, is_baby, is_legendary, is_mythical, evolves_from)
VALUES ('tapu-koko', 785, False, True, False, None);
INSERT INTO pokemon.form (name, is_default, fk_pokemon_species, height, weight, legacy_cry, latest_cry, artwork, shiny_artwork)
VALUES ('tapu-koko', True, 778, 18, 205, None, https://raw.githubusercontent.com/PokeAPI/cries/main/cries/pokemon/latest/785.ogg, https://raw.githubusercontent.com/PokeAPI/sprites/master/sprites/pokemon/other/official-artwork/785.png, https://raw.githubusercontent.com/PokeAPI/sprites/master/sprites/pokemon/other/official-artwork/shiny/785.png);
INSERT INTO pokemon.base_stats (base_hp, base_attack, base_defense, base_special_attack, base_special_defense, base_speed, fk_generation, fk_form)
VALUES (70, 115, 85, 95, 75, 130, 7, 990);
INSERT INTO pokemon.form_has_type_per_generation (fk_form, fk_type, fk_generation, is_primary)
VALUES (990, 13, 7, True);
INSERT INTO pokemon.form_has_type_per_generation (fk_form, fk_type, fk_generation, is_primary)
VALUES (990, 18, 7, False);

INSERT INTO pokemon.pokemon_species (name, pokedex_index, is_baby, is_legendary, is_mythical, evolves_from)
VALUES ('tapu-lele', 786, False, True, False, None);
INSERT INTO pokemon.form (name, is_default, fk_pokemon_species, height, weight, legacy_cry, latest_cry, artwork, shiny_artwork)
VALUES ('tapu-lele', True, 779, 12, 186, None, https://raw.githubusercontent.com/PokeAPI/cries/main/cries/pokemon/latest/786.ogg, https://raw.githubusercontent.com/PokeAPI/sprites/master/sprites/pokemon/other/official-artwork/786.png, https://raw.githubusercontent.com/PokeAPI/sprites/master/sprites/pokemon/other/official-artwork/shiny/786.png);
INSERT INTO pokemon.base_stats (base_hp, base_attack, base_defense, base_special_attack, base_special_defense, base_speed, fk_generation, fk_form)
VALUES (70, 85, 75, 130, 115, 95, 7, 991);
INSERT INTO pokemon.form_has_type_per_generation (fk_form, fk_type, fk_generation, is_primary)
VALUES (991, 14, 7, True);
INSERT INTO pokemon.form_has_type_per_generation (fk_form, fk_type, fk_generation, is_primary)
VALUES (991, 18, 7, False);

INSERT INTO pokemon.pokemon_species (name, pokedex_index, is_baby, is_legendary, is_mythical, evolves_from)
VALUES ('tapu-bulu', 787, False, True, False, None);
INSERT INTO pokemon.form (name, is_default, fk_pokemon_species, height, weight, legacy_cry, latest_cry, artwork, shiny_artwork)
VALUES ('tapu-bulu', True, 780, 19, 455, None, https://raw.githubusercontent.com/PokeAPI/cries/main/cries/pokemon/latest/787.ogg, https://raw.githubusercontent.com/PokeAPI/sprites/master/sprites/pokemon/other/official-artwork/787.png, https://raw.githubusercontent.com/PokeAPI/sprites/master/sprites/pokemon/other/official-artwork/shiny/787.png);
INSERT INTO pokemon.base_stats (base_hp, base_attack, base_defense, base_special_attack, base_special_defense, base_speed, fk_generation, fk_form)
VALUES (70, 130, 115, 85, 95, 75, 7, 992);
INSERT INTO pokemon.form_has_type_per_generation (fk_form, fk_type, fk_generation, is_primary)
VALUES (992, 12, 7, True);
INSERT INTO pokemon.form_has_type_per_generation (fk_form, fk_type, fk_generation, is_primary)
VALUES (992, 18, 7, False);

INSERT INTO pokemon.pokemon_species (name, pokedex_index, is_baby, is_legendary, is_mythical, evolves_from)
VALUES ('tapu-fini', 788, False, True, False, None);
INSERT INTO pokemon.form (name, is_default, fk_pokemon_species, height, weight, legacy_cry, latest_cry, artwork, shiny_artwork)
VALUES ('tapu-fini', True, 781, 13, 212, None, https://raw.githubusercontent.com/PokeAPI/cries/main/cries/pokemon/latest/788.ogg, https://raw.githubusercontent.com/PokeAPI/sprites/master/sprites/pokemon/other/official-artwork/788.png, https://raw.githubusercontent.com/PokeAPI/sprites/master/sprites/pokemon/other/official-artwork/shiny/788.png);
INSERT INTO pokemon.base_stats (base_hp, base_attack, base_defense, base_special_attack, base_special_defense, base_speed, fk_generation, fk_form)
VALUES (70, 75, 115, 95, 130, 85, 7, 993);
INSERT INTO pokemon.form_has_type_per_generation (fk_form, fk_type, fk_generation, is_primary)
VALUES (993, 11, 7, True);
INSERT INTO pokemon.form_has_type_per_generation (fk_form, fk_type, fk_generation, is_primary)
VALUES (993, 18, 7, False);

INSERT INTO pokemon.pokemon_species (name, pokedex_index, is_baby, is_legendary, is_mythical, evolves_from)
VALUES ('cosmog', 789, False, True, False, None);
INSERT INTO pokemon.form (name, is_default, fk_pokemon_species, height, weight, legacy_cry, latest_cry, artwork, shiny_artwork)
VALUES ('cosmog', True, 782, 2, 1, None, https://raw.githubusercontent.com/PokeAPI/cries/main/cries/pokemon/latest/789.ogg, https://raw.githubusercontent.com/PokeAPI/sprites/master/sprites/pokemon/other/official-artwork/789.png, https://raw.githubusercontent.com/PokeAPI/sprites/master/sprites/pokemon/other/official-artwork/shiny/789.png);
INSERT INTO pokemon.base_stats (base_hp, base_attack, base_defense, base_special_attack, base_special_defense, base_speed, fk_generation, fk_form)
VALUES (43, 29, 31, 29, 31, 37, 7, 994);
INSERT INTO pokemon.form_has_type_per_generation (fk_form, fk_type, fk_generation, is_primary)
VALUES (994, 14, 7, True);

INSERT INTO pokemon.pokemon_species (name, pokedex_index, is_baby, is_legendary, is_mythical, evolves_from)
VALUES ('nihilego', 793, False, False, False, None);
INSERT INTO pokemon.form (name, is_default, fk_pokemon_species, height, weight, legacy_cry, latest_cry, artwork, shiny_artwork)
VALUES ('nihilego', True, 783, 12, 555, None, https://raw.githubusercontent.com/PokeAPI/cries/main/cries/pokemon/latest/793.ogg, https://raw.githubusercontent.com/PokeAPI/sprites/master/sprites/pokemon/other/official-artwork/793.png, https://raw.githubusercontent.com/PokeAPI/sprites/master/sprites/pokemon/other/official-artwork/shiny/793.png);
INSERT INTO pokemon.base_stats (base_hp, base_attack, base_defense, base_special_attack, base_special_defense, base_speed, fk_generation, fk_form)
VALUES (109, 53, 47, 127, 131, 103, 7, 995);
INSERT INTO pokemon.form_has_type_per_generation (fk_form, fk_type, fk_generation, is_primary)
VALUES (995, 6, 7, True);
INSERT INTO pokemon.form_has_type_per_generation (fk_form, fk_type, fk_generation, is_primary)
VALUES (995, 4, 7, False);

INSERT INTO pokemon.pokemon_species (name, pokedex_index, is_baby, is_legendary, is_mythical, evolves_from)
VALUES ('buzzwole', 794, False, False, False, None);
INSERT INTO pokemon.form (name, is_default, fk_pokemon_species, height, weight, legacy_cry, latest_cry, artwork, shiny_artwork)
VALUES ('buzzwole', True, 784, 24, 3336, None, https://raw.githubusercontent.com/PokeAPI/cries/main/cries/pokemon/latest/794.ogg, https://raw.githubusercontent.com/PokeAPI/sprites/master/sprites/pokemon/other/official-artwork/794.png, https://raw.githubusercontent.com/PokeAPI/sprites/master/sprites/pokemon/other/official-artwork/shiny/794.png);
INSERT INTO pokemon.base_stats (base_hp, base_attack, base_defense, base_special_attack, base_special_defense, base_speed, fk_generation, fk_form)
VALUES (107, 139, 139, 53, 53, 79, 7, 996);
INSERT INTO pokemon.form_has_type_per_generation (fk_form, fk_type, fk_generation, is_primary)
VALUES (996, 7, 7, True);
INSERT INTO pokemon.form_has_type_per_generation (fk_form, fk_type, fk_generation, is_primary)
VALUES (996, 2, 7, False);

INSERT INTO pokemon.pokemon_species (name, pokedex_index, is_baby, is_legendary, is_mythical, evolves_from)
VALUES ('pheromosa', 795, False, False, False, None);
INSERT INTO pokemon.form (name, is_default, fk_pokemon_species, height, weight, legacy_cry, latest_cry, artwork, shiny_artwork)
VALUES ('pheromosa', True, 785, 18, 250, None, https://raw.githubusercontent.com/PokeAPI/cries/main/cries/pokemon/latest/795.ogg, https://raw.githubusercontent.com/PokeAPI/sprites/master/sprites/pokemon/other/official-artwork/795.png, https://raw.githubusercontent.com/PokeAPI/sprites/master/sprites/pokemon/other/official-artwork/shiny/795.png);
INSERT INTO pokemon.base_stats (base_hp, base_attack, base_defense, base_special_attack, base_special_defense, base_speed, fk_generation, fk_form)
VALUES (71, 137, 37, 137, 37, 151, 7, 997);
INSERT INTO pokemon.form_has_type_per_generation (fk_form, fk_type, fk_generation, is_primary)
VALUES (997, 7, 7, True);
INSERT INTO pokemon.form_has_type_per_generation (fk_form, fk_type, fk_generation, is_primary)
VALUES (997, 2, 7, False);

INSERT INTO pokemon.pokemon_species (name, pokedex_index, is_baby, is_legendary, is_mythical, evolves_from)
VALUES ('xurkitree', 796, False, False, False, None);
INSERT INTO pokemon.form (name, is_default, fk_pokemon_species, height, weight, legacy_cry, latest_cry, artwork, shiny_artwork)
VALUES ('xurkitree', True, 786, 38, 1000, None, https://raw.githubusercontent.com/PokeAPI/cries/main/cries/pokemon/latest/796.ogg, https://raw.githubusercontent.com/PokeAPI/sprites/master/sprites/pokemon/other/official-artwork/796.png, https://raw.githubusercontent.com/PokeAPI/sprites/master/sprites/pokemon/other/official-artwork/shiny/796.png);
INSERT INTO pokemon.base_stats (base_hp, base_attack, base_defense, base_special_attack, base_special_defense, base_speed, fk_generation, fk_form)
VALUES (83, 89, 71, 173, 71, 83, 7, 998);
INSERT INTO pokemon.form_has_type_per_generation (fk_form, fk_type, fk_generation, is_primary)
VALUES (998, 13, 7, True);

INSERT INTO pokemon.pokemon_species (name, pokedex_index, is_baby, is_legendary, is_mythical, evolves_from)
VALUES ('celesteela', 797, False, False, False, None);
INSERT INTO pokemon.form (name, is_default, fk_pokemon_species, height, weight, legacy_cry, latest_cry, artwork, shiny_artwork)
VALUES ('celesteela', True, 787, 92, 9999, None, https://raw.githubusercontent.com/PokeAPI/cries/main/cries/pokemon/latest/797.ogg, https://raw.githubusercontent.com/PokeAPI/sprites/master/sprites/pokemon/other/official-artwork/797.png, https://raw.githubusercontent.com/PokeAPI/sprites/master/sprites/pokemon/other/official-artwork/shiny/797.png);
INSERT INTO pokemon.base_stats (base_hp, base_attack, base_defense, base_special_attack, base_special_defense, base_speed, fk_generation, fk_form)
VALUES (97, 101, 103, 107, 101, 61, 7, 999);
INSERT INTO pokemon.form_has_type_per_generation (fk_form, fk_type, fk_generation, is_primary)
VALUES (999, 9, 7, True);
INSERT INTO pokemon.form_has_type_per_generation (fk_form, fk_type, fk_generation, is_primary)
VALUES (999, 3, 7, False);

INSERT INTO pokemon.pokemon_species (name, pokedex_index, is_baby, is_legendary, is_mythical, evolves_from)
VALUES ('kartana', 798, False, False, False, None);
INSERT INTO pokemon.form (name, is_default, fk_pokemon_species, height, weight, legacy_cry, latest_cry, artwork, shiny_artwork)
VALUES ('kartana', True, 788, 3, 1, None, https://raw.githubusercontent.com/PokeAPI/cries/main/cries/pokemon/latest/798.ogg, https://raw.githubusercontent.com/PokeAPI/sprites/master/sprites/pokemon/other/official-artwork/798.png, https://raw.githubusercontent.com/PokeAPI/sprites/master/sprites/pokemon/other/official-artwork/shiny/798.png);
INSERT INTO pokemon.base_stats (base_hp, base_attack, base_defense, base_special_attack, base_special_defense, base_speed, fk_generation, fk_form)
VALUES (59, 181, 131, 59, 31, 109, 7, 1000);
INSERT INTO pokemon.form_has_type_per_generation (fk_form, fk_type, fk_generation, is_primary)
VALUES (1000, 12, 7, True);
INSERT INTO pokemon.form_has_type_per_generation (fk_form, fk_type, fk_generation, is_primary)
VALUES (1000, 9, 7, False);

INSERT INTO pokemon.pokemon_species (name, pokedex_index, is_baby, is_legendary, is_mythical, evolves_from)
VALUES ('guzzlord', 799, False, False, False, None);
INSERT INTO pokemon.form (name, is_default, fk_pokemon_species, height, weight, legacy_cry, latest_cry, artwork, shiny_artwork)
VALUES ('guzzlord', True, 789, 55, 8880, None, https://raw.githubusercontent.com/PokeAPI/cries/main/cries/pokemon/latest/799.ogg, https://raw.githubusercontent.com/PokeAPI/sprites/master/sprites/pokemon/other/official-artwork/799.png, https://raw.githubusercontent.com/PokeAPI/sprites/master/sprites/pokemon/other/official-artwork/shiny/799.png);
INSERT INTO pokemon.base_stats (base_hp, base_attack, base_defense, base_special_attack, base_special_defense, base_speed, fk_generation, fk_form)
VALUES (223, 101, 53, 97, 53, 43, 7, 1001);
INSERT INTO pokemon.form_has_type_per_generation (fk_form, fk_type, fk_generation, is_primary)
VALUES (1001, 17, 7, True);
INSERT INTO pokemon.form_has_type_per_generation (fk_form, fk_type, fk_generation, is_primary)
VALUES (1001, 16, 7, False);

INSERT INTO pokemon.pokemon_species (name, pokedex_index, is_baby, is_legendary, is_mythical, evolves_from)
VALUES ('necrozma', 800, False, True, False, None);
INSERT INTO pokemon.form (name, is_default, fk_pokemon_species, height, weight, legacy_cry, latest_cry, artwork, shiny_artwork)
VALUES ('necrozma', True, 790, 24, 2300, None, https://raw.githubusercontent.com/PokeAPI/cries/main/cries/pokemon/latest/800.ogg, https://raw.githubusercontent.com/PokeAPI/sprites/master/sprites/pokemon/other/official-artwork/800.png, https://raw.githubusercontent.com/PokeAPI/sprites/master/sprites/pokemon/other/official-artwork/shiny/800.png);
INSERT INTO pokemon.base_stats (base_hp, base_attack, base_defense, base_special_attack, base_special_defense, base_speed, fk_generation, fk_form)
VALUES (97, 107, 101, 127, 89, 79, 7, 1002);
INSERT INTO pokemon.form_has_type_per_generation (fk_form, fk_type, fk_generation, is_primary)
VALUES (1002, 14, 7, True);

INSERT INTO pokemon.form (name, is_default, fk_pokemon_species, height, weight, legacy_cry, latest_cry, artwork, shiny_artwork)
VALUES ('necrozma-dusk', False, 790, 38, 4600, None, https://raw.githubusercontent.com/PokeAPI/cries/main/cries/pokemon/latest/10155.ogg, https://raw.githubusercontent.com/PokeAPI/sprites/master/sprites/pokemon/other/official-artwork/10155.png, https://raw.githubusercontent.com/PokeAPI/sprites/master/sprites/pokemon/other/official-artwork/shiny/10155.png);
INSERT INTO pokemon.base_stats (base_hp, base_attack, base_defense, base_special_attack, base_special_defense, base_speed, fk_generation, fk_form)
VALUES (97, 157, 127, 113, 109, 77, 7, 1003);
INSERT INTO pokemon.form_has_type_per_generation (fk_form, fk_type, fk_generation, is_primary)
VALUES (1003, 14, 7, True);
INSERT INTO pokemon.form_has_type_per_generation (fk_form, fk_type, fk_generation, is_primary)
VALUES (1003, 9, 7, False);

INSERT INTO pokemon.form (name, is_default, fk_pokemon_species, height, weight, legacy_cry, latest_cry, artwork, shiny_artwork)
VALUES ('necrozma-dawn', False, 790, 42, 3500, None, https://raw.githubusercontent.com/PokeAPI/cries/main/cries/pokemon/latest/10156.ogg, https://raw.githubusercontent.com/PokeAPI/sprites/master/sprites/pokemon/other/official-artwork/10156.png, https://raw.githubusercontent.com/PokeAPI/sprites/master/sprites/pokemon/other/official-artwork/shiny/10156.png);
INSERT INTO pokemon.base_stats (base_hp, base_attack, base_defense, base_special_attack, base_special_defense, base_speed, fk_generation, fk_form)
VALUES (97, 113, 109, 157, 127, 77, 7, 1004);
INSERT INTO pokemon.form_has_type_per_generation (fk_form, fk_type, fk_generation, is_primary)
VALUES (1004, 14, 7, True);
INSERT INTO pokemon.form_has_type_per_generation (fk_form, fk_type, fk_generation, is_primary)
VALUES (1004, 8, 7, False);

INSERT INTO pokemon.form (name, is_default, fk_pokemon_species, height, weight, legacy_cry, latest_cry, artwork, shiny_artwork)
VALUES ('necrozma-ultra', False, 790, 75, 2300, None, https://raw.githubusercontent.com/PokeAPI/cries/main/cries/pokemon/latest/10157.ogg, https://raw.githubusercontent.com/PokeAPI/sprites/master/sprites/pokemon/other/official-artwork/10157.png, https://raw.githubusercontent.com/PokeAPI/sprites/master/sprites/pokemon/other/official-artwork/shiny/10157.png);
INSERT INTO pokemon.base_stats (base_hp, base_attack, base_defense, base_special_attack, base_special_defense, base_speed, fk_generation, fk_form)
VALUES (97, 167, 97, 167, 97, 129, 7, 1005);
INSERT INTO pokemon.form_has_type_per_generation (fk_form, fk_type, fk_generation, is_primary)
VALUES (1005, 14, 7, True);
INSERT INTO pokemon.form_has_type_per_generation (fk_form, fk_type, fk_generation, is_primary)
VALUES (1005, 16, 7, False);

INSERT INTO pokemon.pokemon_species (name, pokedex_index, is_baby, is_legendary, is_mythical, evolves_from)
VALUES ('magearna', 801, False, False, True, None);
INSERT INTO pokemon.form (name, is_default, fk_pokemon_species, height, weight, legacy_cry, latest_cry, artwork, shiny_artwork)
VALUES ('magearna', True, 791, 10, 805, None, https://raw.githubusercontent.com/PokeAPI/cries/main/cries/pokemon/latest/801.ogg, https://raw.githubusercontent.com/PokeAPI/sprites/master/sprites/pokemon/other/official-artwork/801.png, https://raw.githubusercontent.com/PokeAPI/sprites/master/sprites/pokemon/other/official-artwork/shiny/801.png);
INSERT INTO pokemon.base_stats (base_hp, base_attack, base_defense, base_special_attack, base_special_defense, base_speed, fk_generation, fk_form)
VALUES (80, 95, 115, 130, 115, 65, 7, 1006);
INSERT INTO pokemon.form_has_type_per_generation (fk_form, fk_type, fk_generation, is_primary)
VALUES (1006, 9, 7, True);
INSERT INTO pokemon.form_has_type_per_generation (fk_form, fk_type, fk_generation, is_primary)
VALUES (1006, 18, 7, False);

INSERT INTO pokemon.form (name, is_default, fk_pokemon_species, height, weight, legacy_cry, latest_cry, artwork, shiny_artwork)
VALUES ('magearna-original', False, 791, 10, 805, None, https://raw.githubusercontent.com/PokeAPI/cries/main/cries/pokemon/latest/10147.ogg, https://raw.githubusercontent.com/PokeAPI/sprites/master/sprites/pokemon/other/official-artwork/10147.png, https://raw.githubusercontent.com/PokeAPI/sprites/master/sprites/pokemon/other/official-artwork/shiny/10147.png);
INSERT INTO pokemon.base_stats (base_hp, base_attack, base_defense, base_special_attack, base_special_defense, base_speed, fk_generation, fk_form)
VALUES (80, 95, 115, 130, 115, 65, 7, 1007);
INSERT INTO pokemon.form_has_type_per_generation (fk_form, fk_type, fk_generation, is_primary)
VALUES (1007, 9, 7, True);
INSERT INTO pokemon.form_has_type_per_generation (fk_form, fk_type, fk_generation, is_primary)
VALUES (1007, 18, 7, False);

INSERT INTO pokemon.pokemon_species (name, pokedex_index, is_baby, is_legendary, is_mythical, evolves_from)
VALUES ('marshadow', 802, False, False, True, None);
INSERT INTO pokemon.form (name, is_default, fk_pokemon_species, height, weight, legacy_cry, latest_cry, artwork, shiny_artwork)
VALUES ('marshadow', True, 792, 7, 222, None, https://raw.githubusercontent.com/PokeAPI/cries/main/cries/pokemon/latest/802.ogg, https://raw.githubusercontent.com/PokeAPI/sprites/master/sprites/pokemon/other/official-artwork/802.png, https://raw.githubusercontent.com/PokeAPI/sprites/master/sprites/pokemon/other/official-artwork/shiny/802.png);
INSERT INTO pokemon.base_stats (base_hp, base_attack, base_defense, base_special_attack, base_special_defense, base_speed, fk_generation, fk_form)
VALUES (90, 125, 80, 90, 90, 125, 7, 1008);
INSERT INTO pokemon.form_has_type_per_generation (fk_form, fk_type, fk_generation, is_primary)
VALUES (1008, 2, 7, True);
INSERT INTO pokemon.form_has_type_per_generation (fk_form, fk_type, fk_generation, is_primary)
VALUES (1008, 8, 7, False);

INSERT INTO pokemon.pokemon_species (name, pokedex_index, is_baby, is_legendary, is_mythical, evolves_from)
VALUES ('poipole', 803, False, False, False, None);
INSERT INTO pokemon.form (name, is_default, fk_pokemon_species, height, weight, legacy_cry, latest_cry, artwork, shiny_artwork)
VALUES ('poipole', True, 793, 6, 18, None, https://raw.githubusercontent.com/PokeAPI/cries/main/cries/pokemon/latest/803.ogg, https://raw.githubusercontent.com/PokeAPI/sprites/master/sprites/pokemon/other/official-artwork/803.png, https://raw.githubusercontent.com/PokeAPI/sprites/master/sprites/pokemon/other/official-artwork/shiny/803.png);
INSERT INTO pokemon.base_stats (base_hp, base_attack, base_defense, base_special_attack, base_special_defense, base_speed, fk_generation, fk_form)
VALUES (67, 73, 67, 73, 67, 73, 7, 1009);
INSERT INTO pokemon.form_has_type_per_generation (fk_form, fk_type, fk_generation, is_primary)
VALUES (1009, 4, 7, True);

INSERT INTO pokemon.pokemon_species (name, pokedex_index, is_baby, is_legendary, is_mythical, evolves_from)
VALUES ('stakataka', 805, False, False, False, None);
INSERT INTO pokemon.form (name, is_default, fk_pokemon_species, height, weight, legacy_cry, latest_cry, artwork, shiny_artwork)
VALUES ('stakataka', True, 794, 55, 8200, None, https://raw.githubusercontent.com/PokeAPI/cries/main/cries/pokemon/latest/805.ogg, https://raw.githubusercontent.com/PokeAPI/sprites/master/sprites/pokemon/other/official-artwork/805.png, https://raw.githubusercontent.com/PokeAPI/sprites/master/sprites/pokemon/other/official-artwork/shiny/805.png);
INSERT INTO pokemon.base_stats (base_hp, base_attack, base_defense, base_special_attack, base_special_defense, base_speed, fk_generation, fk_form)
VALUES (61, 131, 211, 53, 101, 13, 7, 1010);
INSERT INTO pokemon.form_has_type_per_generation (fk_form, fk_type, fk_generation, is_primary)
VALUES (1010, 6, 7, True);
INSERT INTO pokemon.form_has_type_per_generation (fk_form, fk_type, fk_generation, is_primary)
VALUES (1010, 9, 7, False);

INSERT INTO pokemon.pokemon_species (name, pokedex_index, is_baby, is_legendary, is_mythical, evolves_from)
VALUES ('blacephalon', 806, False, False, False, None);
INSERT INTO pokemon.form (name, is_default, fk_pokemon_species, height, weight, legacy_cry, latest_cry, artwork, shiny_artwork)
VALUES ('blacephalon', True, 795, 18, 130, None, https://raw.githubusercontent.com/PokeAPI/cries/main/cries/pokemon/latest/806.ogg, https://raw.githubusercontent.com/PokeAPI/sprites/master/sprites/pokemon/other/official-artwork/806.png, https://raw.githubusercontent.com/PokeAPI/sprites/master/sprites/pokemon/other/official-artwork/shiny/806.png);
INSERT INTO pokemon.base_stats (base_hp, base_attack, base_defense, base_special_attack, base_special_defense, base_speed, fk_generation, fk_form)
VALUES (53, 127, 53, 151, 79, 107, 7, 1011);
INSERT INTO pokemon.form_has_type_per_generation (fk_form, fk_type, fk_generation, is_primary)
VALUES (1011, 10, 7, True);
INSERT INTO pokemon.form_has_type_per_generation (fk_form, fk_type, fk_generation, is_primary)
VALUES (1011, 8, 7, False);

INSERT INTO pokemon.pokemon_species (name, pokedex_index, is_baby, is_legendary, is_mythical, evolves_from)
VALUES ('zeraora', 807, False, False, True, None);
INSERT INTO pokemon.form (name, is_default, fk_pokemon_species, height, weight, legacy_cry, latest_cry, artwork, shiny_artwork)
VALUES ('zeraora', True, 796, 15, 445, None, https://raw.githubusercontent.com/PokeAPI/cries/main/cries/pokemon/latest/807.ogg, https://raw.githubusercontent.com/PokeAPI/sprites/master/sprites/pokemon/other/official-artwork/807.png, https://raw.githubusercontent.com/PokeAPI/sprites/master/sprites/pokemon/other/official-artwork/shiny/807.png);
INSERT INTO pokemon.base_stats (base_hp, base_attack, base_defense, base_special_attack, base_special_defense, base_speed, fk_generation, fk_form)
VALUES (88, 112, 75, 102, 80, 143, 7, 1012);
INSERT INTO pokemon.form_has_type_per_generation (fk_form, fk_type, fk_generation, is_primary)
VALUES (1012, 13, 7, True);

INSERT INTO pokemon.pokemon_species (name, pokedex_index, is_baby, is_legendary, is_mythical, evolves_from)
VALUES ('meltan', 808, False, False, True, None);
INSERT INTO pokemon.form (name, is_default, fk_pokemon_species, height, weight, legacy_cry, latest_cry, artwork, shiny_artwork)
VALUES ('meltan', True, 797, 2, 80, None, https://raw.githubusercontent.com/PokeAPI/cries/main/cries/pokemon/latest/808.ogg, https://raw.githubusercontent.com/PokeAPI/sprites/master/sprites/pokemon/other/official-artwork/808.png, https://raw.githubusercontent.com/PokeAPI/sprites/master/sprites/pokemon/other/official-artwork/shiny/808.png);
INSERT INTO pokemon.base_stats (base_hp, base_attack, base_defense, base_special_attack, base_special_defense, base_speed, fk_generation, fk_form)
VALUES (46, 65, 65, 55, 35, 34, 7, 1013);
INSERT INTO pokemon.form_has_type_per_generation (fk_form, fk_type, fk_generation, is_primary)
VALUES (1013, 9, 7, True);

INSERT INTO pokemon.pokemon_species (name, pokedex_index, is_baby, is_legendary, is_mythical, evolves_from)
VALUES ('silvally', 773, False, True, False, type-null);
INSERT INTO pokemon.form (name, is_default, fk_pokemon_species, height, weight, legacy_cry, latest_cry, artwork, shiny_artwork)
VALUES ('silvally', True, 798, 23, 1005, None, https://raw.githubusercontent.com/PokeAPI/cries/main/cries/pokemon/latest/773.ogg, https://raw.githubusercontent.com/PokeAPI/sprites/master/sprites/pokemon/other/official-artwork/773.png, https://raw.githubusercontent.com/PokeAPI/sprites/master/sprites/pokemon/other/official-artwork/shiny/773.png);
INSERT INTO pokemon.base_stats (base_hp, base_attack, base_defense, base_special_attack, base_special_defense, base_speed, fk_generation, fk_form)
VALUES (95, 95, 95, 95, 95, 95, 7, 1014);
INSERT INTO pokemon.form_has_type_per_generation (fk_form, fk_type, fk_generation, is_primary)
VALUES (1014, 1, 7, True);

INSERT INTO pokemon.pokemon_species (name, pokedex_index, is_baby, is_legendary, is_mythical, evolves_from)
VALUES ('hakamo-o', 783, False, False, False, jangmo-o);
INSERT INTO pokemon.form (name, is_default, fk_pokemon_species, height, weight, legacy_cry, latest_cry, artwork, shiny_artwork)
VALUES ('hakamo-o', True, 799, 12, 470, None, https://raw.githubusercontent.com/PokeAPI/cries/main/cries/pokemon/latest/783.ogg, https://raw.githubusercontent.com/PokeAPI/sprites/master/sprites/pokemon/other/official-artwork/783.png, https://raw.githubusercontent.com/PokeAPI/sprites/master/sprites/pokemon/other/official-artwork/shiny/783.png);
INSERT INTO pokemon.base_stats (base_hp, base_attack, base_defense, base_special_attack, base_special_defense, base_speed, fk_generation, fk_form)
VALUES (55, 75, 90, 65, 70, 65, 7, 1015);
INSERT INTO pokemon.form_has_type_per_generation (fk_form, fk_type, fk_generation, is_primary)
VALUES (1015, 16, 7, True);
INSERT INTO pokemon.form_has_type_per_generation (fk_form, fk_type, fk_generation, is_primary)
VALUES (1015, 2, 7, False);

INSERT INTO pokemon.pokemon_species (name, pokedex_index, is_baby, is_legendary, is_mythical, evolves_from)
VALUES ('kommo-o', 784, False, False, False, hakamo-o);
INSERT INTO pokemon.form (name, is_default, fk_pokemon_species, height, weight, legacy_cry, latest_cry, artwork, shiny_artwork)
VALUES ('kommo-o', True, 800, 16, 782, None, https://raw.githubusercontent.com/PokeAPI/cries/main/cries/pokemon/latest/784.ogg, https://raw.githubusercontent.com/PokeAPI/sprites/master/sprites/pokemon/other/official-artwork/784.png, https://raw.githubusercontent.com/PokeAPI/sprites/master/sprites/pokemon/other/official-artwork/shiny/784.png);
INSERT INTO pokemon.base_stats (base_hp, base_attack, base_defense, base_special_attack, base_special_defense, base_speed, fk_generation, fk_form)
VALUES (75, 110, 125, 100, 105, 85, 7, 1016);
INSERT INTO pokemon.form_has_type_per_generation (fk_form, fk_type, fk_generation, is_primary)
VALUES (1016, 16, 7, True);
INSERT INTO pokemon.form_has_type_per_generation (fk_form, fk_type, fk_generation, is_primary)
VALUES (1016, 2, 7, False);

INSERT INTO pokemon.form (name, is_default, fk_pokemon_species, height, weight, legacy_cry, latest_cry, artwork, shiny_artwork)
VALUES ('kommo-o-totem', False, 800, 24, 2075, None, https://raw.githubusercontent.com/PokeAPI/cries/main/cries/pokemon/latest/10146.ogg, https://raw.githubusercontent.com/PokeAPI/sprites/master/sprites/pokemon/other/official-artwork/10146.png, https://raw.githubusercontent.com/PokeAPI/sprites/master/sprites/pokemon/other/official-artwork/shiny/10146.png);
INSERT INTO pokemon.base_stats (base_hp, base_attack, base_defense, base_special_attack, base_special_defense, base_speed, fk_generation, fk_form)
VALUES (75, 110, 125, 100, 105, 85, 7, 1017);
INSERT INTO pokemon.form_has_type_per_generation (fk_form, fk_type, fk_generation, is_primary)
VALUES (1017, 16, 7, True);
INSERT INTO pokemon.form_has_type_per_generation (fk_form, fk_type, fk_generation, is_primary)
VALUES (1017, 2, 7, False);

INSERT INTO pokemon.pokemon_species (name, pokedex_index, is_baby, is_legendary, is_mythical, evolves_from)
VALUES ('cosmoem', 790, False, True, False, cosmog);
INSERT INTO pokemon.form (name, is_default, fk_pokemon_species, height, weight, legacy_cry, latest_cry, artwork, shiny_artwork)
VALUES ('cosmoem', True, 801, 1, 9999, None, https://raw.githubusercontent.com/PokeAPI/cries/main/cries/pokemon/latest/790.ogg, https://raw.githubusercontent.com/PokeAPI/sprites/master/sprites/pokemon/other/official-artwork/790.png, https://raw.githubusercontent.com/PokeAPI/sprites/master/sprites/pokemon/other/official-artwork/shiny/790.png);
INSERT INTO pokemon.base_stats (base_hp, base_attack, base_defense, base_special_attack, base_special_defense, base_speed, fk_generation, fk_form)
VALUES (43, 29, 131, 29, 131, 37, 7, 1018);
INSERT INTO pokemon.form_has_type_per_generation (fk_form, fk_type, fk_generation, is_primary)
VALUES (1018, 14, 7, True);

INSERT INTO pokemon.pokemon_species (name, pokedex_index, is_baby, is_legendary, is_mythical, evolves_from)
VALUES ('solgaleo', 791, False, True, False, cosmoem);
INSERT INTO pokemon.form (name, is_default, fk_pokemon_species, height, weight, legacy_cry, latest_cry, artwork, shiny_artwork)
VALUES ('solgaleo', True, 802, 34, 2300, None, https://raw.githubusercontent.com/PokeAPI/cries/main/cries/pokemon/latest/791.ogg, https://raw.githubusercontent.com/PokeAPI/sprites/master/sprites/pokemon/other/official-artwork/791.png, https://raw.githubusercontent.com/PokeAPI/sprites/master/sprites/pokemon/other/official-artwork/shiny/791.png);
INSERT INTO pokemon.base_stats (base_hp, base_attack, base_defense, base_special_attack, base_special_defense, base_speed, fk_generation, fk_form)
VALUES (137, 137, 107, 113, 89, 97, 7, 1019);
INSERT INTO pokemon.form_has_type_per_generation (fk_form, fk_type, fk_generation, is_primary)
VALUES (1019, 14, 7, True);
INSERT INTO pokemon.form_has_type_per_generation (fk_form, fk_type, fk_generation, is_primary)
VALUES (1019, 9, 7, False);

INSERT INTO pokemon.pokemon_species (name, pokedex_index, is_baby, is_legendary, is_mythical, evolves_from)
VALUES ('lunala', 792, False, True, False, cosmoem);
INSERT INTO pokemon.form (name, is_default, fk_pokemon_species, height, weight, legacy_cry, latest_cry, artwork, shiny_artwork)
VALUES ('lunala', True, 803, 40, 1200, None, https://raw.githubusercontent.com/PokeAPI/cries/main/cries/pokemon/latest/792.ogg, https://raw.githubusercontent.com/PokeAPI/sprites/master/sprites/pokemon/other/official-artwork/792.png, https://raw.githubusercontent.com/PokeAPI/sprites/master/sprites/pokemon/other/official-artwork/shiny/792.png);
INSERT INTO pokemon.base_stats (base_hp, base_attack, base_defense, base_special_attack, base_special_defense, base_speed, fk_generation, fk_form)
VALUES (137, 113, 89, 137, 107, 97, 7, 1020);
INSERT INTO pokemon.form_has_type_per_generation (fk_form, fk_type, fk_generation, is_primary)
VALUES (1020, 14, 7, True);
INSERT INTO pokemon.form_has_type_per_generation (fk_form, fk_type, fk_generation, is_primary)
VALUES (1020, 8, 7, False);

INSERT INTO pokemon.pokemon_species (name, pokedex_index, is_baby, is_legendary, is_mythical, evolves_from)
VALUES ('naganadel', 804, False, False, False, poipole);
INSERT INTO pokemon.form (name, is_default, fk_pokemon_species, height, weight, legacy_cry, latest_cry, artwork, shiny_artwork)
VALUES ('naganadel', True, 804, 36, 1500, None, https://raw.githubusercontent.com/PokeAPI/cries/main/cries/pokemon/latest/804.ogg, https://raw.githubusercontent.com/PokeAPI/sprites/master/sprites/pokemon/other/official-artwork/804.png, https://raw.githubusercontent.com/PokeAPI/sprites/master/sprites/pokemon/other/official-artwork/shiny/804.png);
INSERT INTO pokemon.base_stats (base_hp, base_attack, base_defense, base_special_attack, base_special_defense, base_speed, fk_generation, fk_form)
VALUES (73, 73, 73, 127, 73, 121, 7, 1021);
INSERT INTO pokemon.form_has_type_per_generation (fk_form, fk_type, fk_generation, is_primary)
VALUES (1021, 4, 7, True);
INSERT INTO pokemon.form_has_type_per_generation (fk_form, fk_type, fk_generation, is_primary)
VALUES (1021, 16, 7, False);

INSERT INTO pokemon.pokemon_species (name, pokedex_index, is_baby, is_legendary, is_mythical, evolves_from)
VALUES ('melmetal', 809, False, False, True, meltan);
INSERT INTO pokemon.form (name, is_default, fk_pokemon_species, height, weight, legacy_cry, latest_cry, artwork, shiny_artwork)
VALUES ('melmetal', True, 805, 25, 8000, None, https://raw.githubusercontent.com/PokeAPI/cries/main/cries/pokemon/latest/809.ogg, https://raw.githubusercontent.com/PokeAPI/sprites/master/sprites/pokemon/other/official-artwork/809.png, https://raw.githubusercontent.com/PokeAPI/sprites/master/sprites/pokemon/other/official-artwork/shiny/809.png);
INSERT INTO pokemon.base_stats (base_hp, base_attack, base_defense, base_special_attack, base_special_defense, base_speed, fk_generation, fk_form)
VALUES (135, 143, 143, 80, 65, 34, 7, 1022);
INSERT INTO pokemon.form_has_type_per_generation (fk_form, fk_type, fk_generation, is_primary)
VALUES (1022, 9, 7, True);

INSERT INTO pokemon.form (name, is_default, fk_pokemon_species, height, weight, legacy_cry, latest_cry, artwork, shiny_artwork)
VALUES ('melmetal-gmax', False, 805, 250, 10000, None, https://raw.githubusercontent.com/PokeAPI/cries/main/cries/pokemon/latest/10208.ogg, https://raw.githubusercontent.com/PokeAPI/sprites/master/sprites/pokemon/other/official-artwork/10208.png, https://raw.githubusercontent.com/PokeAPI/sprites/master/sprites/pokemon/other/official-artwork/shiny/10208.png);
INSERT INTO pokemon.base_stats (base_hp, base_attack, base_defense, base_special_attack, base_special_defense, base_speed, fk_generation, fk_form)
VALUES (135, 143, 143, 80, 65, 34, 8, 1023);
INSERT INTO pokemon.form_has_type_per_generation (fk_form, fk_type, fk_generation, is_primary)
VALUES (1023, 9, 8, True);

INSERT INTO pokemon.pokemon_species (name, pokedex_index, is_baby, is_legendary, is_mythical, evolves_from)
VALUES ('brionne', 729, False, False, False, popplio);
INSERT INTO pokemon.form (name, is_default, fk_pokemon_species, height, weight, legacy_cry, latest_cry, artwork, shiny_artwork)
VALUES ('brionne', True, 806, 6, 175, None, https://raw.githubusercontent.com/PokeAPI/cries/main/cries/pokemon/latest/729.ogg, https://raw.githubusercontent.com/PokeAPI/sprites/master/sprites/pokemon/other/official-artwork/729.png, https://raw.githubusercontent.com/PokeAPI/sprites/master/sprites/pokemon/other/official-artwork/shiny/729.png);
INSERT INTO pokemon.base_stats (base_hp, base_attack, base_defense, base_special_attack, base_special_defense, base_speed, fk_generation, fk_form)
VALUES (60, 69, 69, 91, 81, 50, 7, 1024);
INSERT INTO pokemon.form_has_type_per_generation (fk_form, fk_type, fk_generation, is_primary)
VALUES (1024, 11, 7, True);

INSERT INTO pokemon.pokemon_species (name, pokedex_index, is_baby, is_legendary, is_mythical, evolves_from)
VALUES ('tsareena', 763, False, False, False, steenee);
INSERT INTO pokemon.form (name, is_default, fk_pokemon_species, height, weight, legacy_cry, latest_cry, artwork, shiny_artwork)
VALUES ('tsareena', True, 807, 12, 214, None, https://raw.githubusercontent.com/PokeAPI/cries/main/cries/pokemon/latest/763.ogg, https://raw.githubusercontent.com/PokeAPI/sprites/master/sprites/pokemon/other/official-artwork/763.png, https://raw.githubusercontent.com/PokeAPI/sprites/master/sprites/pokemon/other/official-artwork/shiny/763.png);
INSERT INTO pokemon.base_stats (base_hp, base_attack, base_defense, base_special_attack, base_special_defense, base_speed, fk_generation, fk_form)
VALUES (72, 120, 98, 50, 98, 72, 7, 1025);
INSERT INTO pokemon.form_has_type_per_generation (fk_form, fk_type, fk_generation, is_primary)
VALUES (1025, 12, 7, True);

INSERT INTO pokemon.pokemon_species (name, pokedex_index, is_baby, is_legendary, is_mythical, evolves_from)
VALUES ('golisopod', 768, False, False, False, wimpod);
INSERT INTO pokemon.form (name, is_default, fk_pokemon_species, height, weight, legacy_cry, latest_cry, artwork, shiny_artwork)
VALUES ('golisopod', True, 808, 20, 1080, None, https://raw.githubusercontent.com/PokeAPI/cries/main/cries/pokemon/latest/768.ogg, https://raw.githubusercontent.com/PokeAPI/sprites/master/sprites/pokemon/other/official-artwork/768.png, https://raw.githubusercontent.com/PokeAPI/sprites/master/sprites/pokemon/other/official-artwork/shiny/768.png);
INSERT INTO pokemon.base_stats (base_hp, base_attack, base_defense, base_special_attack, base_special_defense, base_speed, fk_generation, fk_form)
VALUES (75, 125, 140, 60, 90, 40, 7, 1026);
INSERT INTO pokemon.form_has_type_per_generation (fk_form, fk_type, fk_generation, is_primary)
VALUES (1026, 7, 7, True);
INSERT INTO pokemon.form_has_type_per_generation (fk_form, fk_type, fk_generation, is_primary)
VALUES (1026, 11, 7, False);

INSERT INTO pokemon.pokemon_species (name, pokedex_index, is_baby, is_legendary, is_mythical, evolves_from)
VALUES ('palossand', 770, False, False, False, sandygast);
INSERT INTO pokemon.form (name, is_default, fk_pokemon_species, height, weight, legacy_cry, latest_cry, artwork, shiny_artwork)
VALUES ('palossand', True, 809, 13, 2500, None, https://raw.githubusercontent.com/PokeAPI/cries/main/cries/pokemon/latest/770.ogg, https://raw.githubusercontent.com/PokeAPI/sprites/master/sprites/pokemon/other/official-artwork/770.png, https://raw.githubusercontent.com/PokeAPI/sprites/master/sprites/pokemon/other/official-artwork/shiny/770.png);
INSERT INTO pokemon.base_stats (base_hp, base_attack, base_defense, base_special_attack, base_special_defense, base_speed, fk_generation, fk_form)
VALUES (85, 75, 110, 100, 75, 35, 7, 1027);
INSERT INTO pokemon.form_has_type_per_generation (fk_form, fk_type, fk_generation, is_primary)
VALUES (1027, 8, 7, True);
INSERT INTO pokemon.form_has_type_per_generation (fk_form, fk_type, fk_generation, is_primary)
VALUES (1027, 5, 7, False);



-- POKEMON-SPECIES, FORMS, ITS TYPES AND BASE_STATS
-- POKEMON-SPECIES, FORMS, ITS TYPES AND BASE_STATS
-- POKEMON-SPECIES, FORMS, ITS TYPES AND BASE_STATS
INSERT INTO pokemon.pokemon_species (name, pokedex_index, is_baby, is_legendary, is_mythical, evolves_from)
VALUES ('grookey', 810, False, False, False, None);
INSERT INTO pokemon.form (name, is_default, fk_pokemon_species, height, weight, legacy_cry, latest_cry, artwork, shiny_artwork)
VALUES ('grookey', True, 810, 3, 50, None, https://raw.githubusercontent.com/PokeAPI/cries/main/cries/pokemon/latest/810.ogg, https://raw.githubusercontent.com/PokeAPI/sprites/master/sprites/pokemon/other/official-artwork/810.png, https://raw.githubusercontent.com/PokeAPI/sprites/master/sprites/pokemon/other/official-artwork/shiny/810.png);
INSERT INTO pokemon.base_stats (base_hp, base_attack, base_defense, base_special_attack, base_special_defense, base_speed, fk_generation, fk_form)
VALUES (50, 65, 50, 40, 40, 65, 8, 1028);
INSERT INTO pokemon.form_has_type_per_generation (fk_form, fk_type, fk_generation, is_primary)
VALUES (1028, 12, 8, True);

INSERT INTO pokemon.pokemon_species (name, pokedex_index, is_baby, is_legendary, is_mythical, evolves_from)
VALUES ('scorbunny', 813, False, False, False, None);
INSERT INTO pokemon.form (name, is_default, fk_pokemon_species, height, weight, legacy_cry, latest_cry, artwork, shiny_artwork)
VALUES ('scorbunny', True, 811, 3, 45, None, https://raw.githubusercontent.com/PokeAPI/cries/main/cries/pokemon/latest/813.ogg, https://raw.githubusercontent.com/PokeAPI/sprites/master/sprites/pokemon/other/official-artwork/813.png, https://raw.githubusercontent.com/PokeAPI/sprites/master/sprites/pokemon/other/official-artwork/shiny/813.png);
INSERT INTO pokemon.base_stats (base_hp, base_attack, base_defense, base_special_attack, base_special_defense, base_speed, fk_generation, fk_form)
VALUES (50, 71, 40, 40, 40, 69, 8, 1029);
INSERT INTO pokemon.form_has_type_per_generation (fk_form, fk_type, fk_generation, is_primary)
VALUES (1029, 10, 8, True);

INSERT INTO pokemon.pokemon_species (name, pokedex_index, is_baby, is_legendary, is_mythical, evolves_from)
VALUES ('sobble', 816, False, False, False, None);
INSERT INTO pokemon.form (name, is_default, fk_pokemon_species, height, weight, legacy_cry, latest_cry, artwork, shiny_artwork)
VALUES ('sobble', True, 812, 3, 40, None, https://raw.githubusercontent.com/PokeAPI/cries/main/cries/pokemon/latest/816.ogg, https://raw.githubusercontent.com/PokeAPI/sprites/master/sprites/pokemon/other/official-artwork/816.png, https://raw.githubusercontent.com/PokeAPI/sprites/master/sprites/pokemon/other/official-artwork/shiny/816.png);
INSERT INTO pokemon.base_stats (base_hp, base_attack, base_defense, base_special_attack, base_special_defense, base_speed, fk_generation, fk_form)
VALUES (50, 40, 40, 70, 40, 70, 8, 1030);
INSERT INTO pokemon.form_has_type_per_generation (fk_form, fk_type, fk_generation, is_primary)
VALUES (1030, 11, 8, True);

INSERT INTO pokemon.pokemon_species (name, pokedex_index, is_baby, is_legendary, is_mythical, evolves_from)
VALUES ('skwovet', 819, False, False, False, None);
INSERT INTO pokemon.form (name, is_default, fk_pokemon_species, height, weight, legacy_cry, latest_cry, artwork, shiny_artwork)
VALUES ('skwovet', True, 813, 3, 25, None, https://raw.githubusercontent.com/PokeAPI/cries/main/cries/pokemon/latest/819.ogg, https://raw.githubusercontent.com/PokeAPI/sprites/master/sprites/pokemon/other/official-artwork/819.png, https://raw.githubusercontent.com/PokeAPI/sprites/master/sprites/pokemon/other/official-artwork/shiny/819.png);
INSERT INTO pokemon.base_stats (base_hp, base_attack, base_defense, base_special_attack, base_special_defense, base_speed, fk_generation, fk_form)
VALUES (70, 55, 55, 35, 35, 25, 8, 1031);
INSERT INTO pokemon.form_has_type_per_generation (fk_form, fk_type, fk_generation, is_primary)
VALUES (1031, 1, 8, True);

INSERT INTO pokemon.pokemon_species (name, pokedex_index, is_baby, is_legendary, is_mythical, evolves_from)
VALUES ('rookidee', 821, False, False, False, None);
INSERT INTO pokemon.form (name, is_default, fk_pokemon_species, height, weight, legacy_cry, latest_cry, artwork, shiny_artwork)
VALUES ('rookidee', True, 814, 2, 18, None, https://raw.githubusercontent.com/PokeAPI/cries/main/cries/pokemon/latest/821.ogg, https://raw.githubusercontent.com/PokeAPI/sprites/master/sprites/pokemon/other/official-artwork/821.png, https://raw.githubusercontent.com/PokeAPI/sprites/master/sprites/pokemon/other/official-artwork/shiny/821.png);
INSERT INTO pokemon.base_stats (base_hp, base_attack, base_defense, base_special_attack, base_special_defense, base_speed, fk_generation, fk_form)
VALUES (38, 47, 35, 33, 35, 57, 8, 1032);
INSERT INTO pokemon.form_has_type_per_generation (fk_form, fk_type, fk_generation, is_primary)
VALUES (1032, 3, 8, True);

INSERT INTO pokemon.pokemon_species (name, pokedex_index, is_baby, is_legendary, is_mythical, evolves_from)
VALUES ('blipbug', 824, False, False, False, None);
INSERT INTO pokemon.form (name, is_default, fk_pokemon_species, height, weight, legacy_cry, latest_cry, artwork, shiny_artwork)
VALUES ('blipbug', True, 815, 4, 80, None, https://raw.githubusercontent.com/PokeAPI/cries/main/cries/pokemon/latest/824.ogg, https://raw.githubusercontent.com/PokeAPI/sprites/master/sprites/pokemon/other/official-artwork/824.png, https://raw.githubusercontent.com/PokeAPI/sprites/master/sprites/pokemon/other/official-artwork/shiny/824.png);
INSERT INTO pokemon.base_stats (base_hp, base_attack, base_defense, base_special_attack, base_special_defense, base_speed, fk_generation, fk_form)
VALUES (25, 20, 20, 25, 45, 45, 8, 1033);
INSERT INTO pokemon.form_has_type_per_generation (fk_form, fk_type, fk_generation, is_primary)
VALUES (1033, 7, 8, True);

INSERT INTO pokemon.pokemon_species (name, pokedex_index, is_baby, is_legendary, is_mythical, evolves_from)
VALUES ('nickit', 827, False, False, False, None);
INSERT INTO pokemon.form (name, is_default, fk_pokemon_species, height, weight, legacy_cry, latest_cry, artwork, shiny_artwork)
VALUES ('nickit', True, 816, 6, 89, None, https://raw.githubusercontent.com/PokeAPI/cries/main/cries/pokemon/latest/827.ogg, https://raw.githubusercontent.com/PokeAPI/sprites/master/sprites/pokemon/other/official-artwork/827.png, https://raw.githubusercontent.com/PokeAPI/sprites/master/sprites/pokemon/other/official-artwork/shiny/827.png);
INSERT INTO pokemon.base_stats (base_hp, base_attack, base_defense, base_special_attack, base_special_defense, base_speed, fk_generation, fk_form)
VALUES (40, 28, 28, 47, 52, 50, 8, 1034);
INSERT INTO pokemon.form_has_type_per_generation (fk_form, fk_type, fk_generation, is_primary)
VALUES (1034, 17, 8, True);

INSERT INTO pokemon.pokemon_species (name, pokedex_index, is_baby, is_legendary, is_mythical, evolves_from)
VALUES ('gossifleur', 829, False, False, False, None);
INSERT INTO pokemon.form (name, is_default, fk_pokemon_species, height, weight, legacy_cry, latest_cry, artwork, shiny_artwork)
VALUES ('gossifleur', True, 817, 4, 22, None, https://raw.githubusercontent.com/PokeAPI/cries/main/cries/pokemon/latest/829.ogg, https://raw.githubusercontent.com/PokeAPI/sprites/master/sprites/pokemon/other/official-artwork/829.png, https://raw.githubusercontent.com/PokeAPI/sprites/master/sprites/pokemon/other/official-artwork/shiny/829.png);
INSERT INTO pokemon.base_stats (base_hp, base_attack, base_defense, base_special_attack, base_special_defense, base_speed, fk_generation, fk_form)
VALUES (40, 40, 60, 40, 60, 10, 8, 1035);
INSERT INTO pokemon.form_has_type_per_generation (fk_form, fk_type, fk_generation, is_primary)
VALUES (1035, 12, 8, True);

INSERT INTO pokemon.pokemon_species (name, pokedex_index, is_baby, is_legendary, is_mythical, evolves_from)
VALUES ('wooloo', 831, False, False, False, None);
INSERT INTO pokemon.form (name, is_default, fk_pokemon_species, height, weight, legacy_cry, latest_cry, artwork, shiny_artwork)
VALUES ('wooloo', True, 818, 6, 60, None, https://raw.githubusercontent.com/PokeAPI/cries/main/cries/pokemon/latest/831.ogg, https://raw.githubusercontent.com/PokeAPI/sprites/master/sprites/pokemon/other/official-artwork/831.png, https://raw.githubusercontent.com/PokeAPI/sprites/master/sprites/pokemon/other/official-artwork/shiny/831.png);
INSERT INTO pokemon.base_stats (base_hp, base_attack, base_defense, base_special_attack, base_special_defense, base_speed, fk_generation, fk_form)
VALUES (42, 40, 55, 40, 45, 48, 8, 1036);
INSERT INTO pokemon.form_has_type_per_generation (fk_form, fk_type, fk_generation, is_primary)
VALUES (1036, 1, 8, True);

INSERT INTO pokemon.pokemon_species (name, pokedex_index, is_baby, is_legendary, is_mythical, evolves_from)
VALUES ('chewtle', 833, False, False, False, None);
INSERT INTO pokemon.form (name, is_default, fk_pokemon_species, height, weight, legacy_cry, latest_cry, artwork, shiny_artwork)
VALUES ('chewtle', True, 819, 3, 85, None, https://raw.githubusercontent.com/PokeAPI/cries/main/cries/pokemon/latest/833.ogg, https://raw.githubusercontent.com/PokeAPI/sprites/master/sprites/pokemon/other/official-artwork/833.png, https://raw.githubusercontent.com/PokeAPI/sprites/master/sprites/pokemon/other/official-artwork/shiny/833.png);
INSERT INTO pokemon.base_stats (base_hp, base_attack, base_defense, base_special_attack, base_special_defense, base_speed, fk_generation, fk_form)
VALUES (50, 64, 50, 38, 38, 44, 8, 1037);
INSERT INTO pokemon.form_has_type_per_generation (fk_form, fk_type, fk_generation, is_primary)
VALUES (1037, 11, 8, True);

INSERT INTO pokemon.pokemon_species (name, pokedex_index, is_baby, is_legendary, is_mythical, evolves_from)
VALUES ('yamper', 835, False, False, False, None);
INSERT INTO pokemon.form (name, is_default, fk_pokemon_species, height, weight, legacy_cry, latest_cry, artwork, shiny_artwork)
VALUES ('yamper', True, 820, 3, 135, None, https://raw.githubusercontent.com/PokeAPI/cries/main/cries/pokemon/latest/835.ogg, https://raw.githubusercontent.com/PokeAPI/sprites/master/sprites/pokemon/other/official-artwork/835.png, https://raw.githubusercontent.com/PokeAPI/sprites/master/sprites/pokemon/other/official-artwork/shiny/835.png);
INSERT INTO pokemon.base_stats (base_hp, base_attack, base_defense, base_special_attack, base_special_defense, base_speed, fk_generation, fk_form)
VALUES (59, 45, 50, 40, 50, 26, 8, 1038);
INSERT INTO pokemon.form_has_type_per_generation (fk_form, fk_type, fk_generation, is_primary)
VALUES (1038, 13, 8, True);

INSERT INTO pokemon.pokemon_species (name, pokedex_index, is_baby, is_legendary, is_mythical, evolves_from)
VALUES ('rolycoly', 837, False, False, False, None);
INSERT INTO pokemon.form (name, is_default, fk_pokemon_species, height, weight, legacy_cry, latest_cry, artwork, shiny_artwork)
VALUES ('rolycoly', True, 821, 3, 120, None, https://raw.githubusercontent.com/PokeAPI/cries/main/cries/pokemon/latest/837.ogg, https://raw.githubusercontent.com/PokeAPI/sprites/master/sprites/pokemon/other/official-artwork/837.png, https://raw.githubusercontent.com/PokeAPI/sprites/master/sprites/pokemon/other/official-artwork/shiny/837.png);
INSERT INTO pokemon.base_stats (base_hp, base_attack, base_defense, base_special_attack, base_special_defense, base_speed, fk_generation, fk_form)
VALUES (30, 40, 50, 40, 50, 30, 8, 1039);
INSERT INTO pokemon.form_has_type_per_generation (fk_form, fk_type, fk_generation, is_primary)
VALUES (1039, 6, 8, True);

INSERT INTO pokemon.pokemon_species (name, pokedex_index, is_baby, is_legendary, is_mythical, evolves_from)
VALUES ('applin', 840, False, False, False, None);
INSERT INTO pokemon.form (name, is_default, fk_pokemon_species, height, weight, legacy_cry, latest_cry, artwork, shiny_artwork)
VALUES ('applin', True, 822, 2, 5, None, https://raw.githubusercontent.com/PokeAPI/cries/main/cries/pokemon/latest/840.ogg, https://raw.githubusercontent.com/PokeAPI/sprites/master/sprites/pokemon/other/official-artwork/840.png, https://raw.githubusercontent.com/PokeAPI/sprites/master/sprites/pokemon/other/official-artwork/shiny/840.png);
INSERT INTO pokemon.base_stats (base_hp, base_attack, base_defense, base_special_attack, base_special_defense, base_speed, fk_generation, fk_form)
VALUES (40, 40, 80, 40, 40, 20, 8, 1040);
INSERT INTO pokemon.form_has_type_per_generation (fk_form, fk_type, fk_generation, is_primary)
VALUES (1040, 12, 8, True);
INSERT INTO pokemon.form_has_type_per_generation (fk_form, fk_type, fk_generation, is_primary)
VALUES (1040, 16, 8, False);

INSERT INTO pokemon.pokemon_species (name, pokedex_index, is_baby, is_legendary, is_mythical, evolves_from)
VALUES ('thwackey', 811, False, False, False, grookey);
INSERT INTO pokemon.form (name, is_default, fk_pokemon_species, height, weight, legacy_cry, latest_cry, artwork, shiny_artwork)
VALUES ('thwackey', True, 823, 7, 140, None, https://raw.githubusercontent.com/PokeAPI/cries/main/cries/pokemon/latest/811.ogg, https://raw.githubusercontent.com/PokeAPI/sprites/master/sprites/pokemon/other/official-artwork/811.png, https://raw.githubusercontent.com/PokeAPI/sprites/master/sprites/pokemon/other/official-artwork/shiny/811.png);
INSERT INTO pokemon.base_stats (base_hp, base_attack, base_defense, base_special_attack, base_special_defense, base_speed, fk_generation, fk_form)
VALUES (70, 85, 70, 55, 60, 80, 8, 1041);
INSERT INTO pokemon.form_has_type_per_generation (fk_form, fk_type, fk_generation, is_primary)
VALUES (1041, 12, 8, True);

INSERT INTO pokemon.pokemon_species (name, pokedex_index, is_baby, is_legendary, is_mythical, evolves_from)
VALUES ('rillaboom', 812, False, False, False, thwackey);
INSERT INTO pokemon.form (name, is_default, fk_pokemon_species, height, weight, legacy_cry, latest_cry, artwork, shiny_artwork)
VALUES ('rillaboom', True, 824, 21, 900, None, https://raw.githubusercontent.com/PokeAPI/cries/main/cries/pokemon/latest/812.ogg, https://raw.githubusercontent.com/PokeAPI/sprites/master/sprites/pokemon/other/official-artwork/812.png, https://raw.githubusercontent.com/PokeAPI/sprites/master/sprites/pokemon/other/official-artwork/shiny/812.png);
INSERT INTO pokemon.base_stats (base_hp, base_attack, base_defense, base_special_attack, base_special_defense, base_speed, fk_generation, fk_form)
VALUES (100, 125, 90, 60, 70, 85, 8, 1042);
INSERT INTO pokemon.form_has_type_per_generation (fk_form, fk_type, fk_generation, is_primary)
VALUES (1042, 12, 8, True);

INSERT INTO pokemon.form (name, is_default, fk_pokemon_species, height, weight, legacy_cry, latest_cry, artwork, shiny_artwork)
VALUES ('rillaboom-gmax', False, 824, 280, 10000, None, https://raw.githubusercontent.com/PokeAPI/cries/main/cries/pokemon/latest/10209.ogg, https://raw.githubusercontent.com/PokeAPI/sprites/master/sprites/pokemon/other/official-artwork/10209.png, https://raw.githubusercontent.com/PokeAPI/sprites/master/sprites/pokemon/other/official-artwork/shiny/10209.png);
INSERT INTO pokemon.base_stats (base_hp, base_attack, base_defense, base_special_attack, base_special_defense, base_speed, fk_generation, fk_form)
VALUES (100, 125, 90, 60, 70, 85, 8, 1043);
INSERT INTO pokemon.form_has_type_per_generation (fk_form, fk_type, fk_generation, is_primary)
VALUES (1043, 12, 8, True);

INSERT INTO pokemon.pokemon_species (name, pokedex_index, is_baby, is_legendary, is_mythical, evolves_from)
VALUES ('raboot', 814, False, False, False, scorbunny);
INSERT INTO pokemon.form (name, is_default, fk_pokemon_species, height, weight, legacy_cry, latest_cry, artwork, shiny_artwork)
VALUES ('raboot', True, 825, 6, 90, None, https://raw.githubusercontent.com/PokeAPI/cries/main/cries/pokemon/latest/814.ogg, https://raw.githubusercontent.com/PokeAPI/sprites/master/sprites/pokemon/other/official-artwork/814.png, https://raw.githubusercontent.com/PokeAPI/sprites/master/sprites/pokemon/other/official-artwork/shiny/814.png);
INSERT INTO pokemon.base_stats (base_hp, base_attack, base_defense, base_special_attack, base_special_defense, base_speed, fk_generation, fk_form)
VALUES (65, 86, 60, 55, 60, 94, 8, 1044);
INSERT INTO pokemon.form_has_type_per_generation (fk_form, fk_type, fk_generation, is_primary)
VALUES (1044, 10, 8, True);

INSERT INTO pokemon.pokemon_species (name, pokedex_index, is_baby, is_legendary, is_mythical, evolves_from)
VALUES ('cinderace', 815, False, False, False, raboot);
INSERT INTO pokemon.form (name, is_default, fk_pokemon_species, height, weight, legacy_cry, latest_cry, artwork, shiny_artwork)
VALUES ('cinderace', True, 826, 14, 330, None, https://raw.githubusercontent.com/PokeAPI/cries/main/cries/pokemon/latest/815.ogg, https://raw.githubusercontent.com/PokeAPI/sprites/master/sprites/pokemon/other/official-artwork/815.png, https://raw.githubusercontent.com/PokeAPI/sprites/master/sprites/pokemon/other/official-artwork/shiny/815.png);
INSERT INTO pokemon.base_stats (base_hp, base_attack, base_defense, base_special_attack, base_special_defense, base_speed, fk_generation, fk_form)
VALUES (80, 116, 75, 65, 75, 119, 8, 1045);
INSERT INTO pokemon.form_has_type_per_generation (fk_form, fk_type, fk_generation, is_primary)
VALUES (1045, 10, 8, True);

INSERT INTO pokemon.form (name, is_default, fk_pokemon_species, height, weight, legacy_cry, latest_cry, artwork, shiny_artwork)
VALUES ('cinderace-gmax', False, 826, 270, 10000, None, https://raw.githubusercontent.com/PokeAPI/cries/main/cries/pokemon/latest/10210.ogg, https://raw.githubusercontent.com/PokeAPI/sprites/master/sprites/pokemon/other/official-artwork/10210.png, https://raw.githubusercontent.com/PokeAPI/sprites/master/sprites/pokemon/other/official-artwork/shiny/10210.png);
INSERT INTO pokemon.base_stats (base_hp, base_attack, base_defense, base_special_attack, base_special_defense, base_speed, fk_generation, fk_form)
VALUES (80, 116, 75, 65, 75, 119, 8, 1046);
INSERT INTO pokemon.form_has_type_per_generation (fk_form, fk_type, fk_generation, is_primary)
VALUES (1046, 10, 8, True);

INSERT INTO pokemon.pokemon_species (name, pokedex_index, is_baby, is_legendary, is_mythical, evolves_from)
VALUES ('drizzile', 817, False, False, False, sobble);
INSERT INTO pokemon.form (name, is_default, fk_pokemon_species, height, weight, legacy_cry, latest_cry, artwork, shiny_artwork)
VALUES ('drizzile', True, 827, 7, 115, None, https://raw.githubusercontent.com/PokeAPI/cries/main/cries/pokemon/latest/817.ogg, https://raw.githubusercontent.com/PokeAPI/sprites/master/sprites/pokemon/other/official-artwork/817.png, https://raw.githubusercontent.com/PokeAPI/sprites/master/sprites/pokemon/other/official-artwork/shiny/817.png);
INSERT INTO pokemon.base_stats (base_hp, base_attack, base_defense, base_special_attack, base_special_defense, base_speed, fk_generation, fk_form)
VALUES (65, 60, 55, 95, 55, 90, 8, 1047);
INSERT INTO pokemon.form_has_type_per_generation (fk_form, fk_type, fk_generation, is_primary)
VALUES (1047, 11, 8, True);

INSERT INTO pokemon.pokemon_species (name, pokedex_index, is_baby, is_legendary, is_mythical, evolves_from)
VALUES ('inteleon', 818, False, False, False, drizzile);
INSERT INTO pokemon.form (name, is_default, fk_pokemon_species, height, weight, legacy_cry, latest_cry, artwork, shiny_artwork)
VALUES ('inteleon', True, 828, 19, 452, None, https://raw.githubusercontent.com/PokeAPI/cries/main/cries/pokemon/latest/818.ogg, https://raw.githubusercontent.com/PokeAPI/sprites/master/sprites/pokemon/other/official-artwork/818.png, https://raw.githubusercontent.com/PokeAPI/sprites/master/sprites/pokemon/other/official-artwork/shiny/818.png);
INSERT INTO pokemon.base_stats (base_hp, base_attack, base_defense, base_special_attack, base_special_defense, base_speed, fk_generation, fk_form)
VALUES (70, 85, 65, 125, 65, 120, 8, 1048);
INSERT INTO pokemon.form_has_type_per_generation (fk_form, fk_type, fk_generation, is_primary)
VALUES (1048, 11, 8, True);

INSERT INTO pokemon.form (name, is_default, fk_pokemon_species, height, weight, legacy_cry, latest_cry, artwork, shiny_artwork)
VALUES ('inteleon-gmax', False, 828, 400, 10000, None, https://raw.githubusercontent.com/PokeAPI/cries/main/cries/pokemon/latest/10211.ogg, https://raw.githubusercontent.com/PokeAPI/sprites/master/sprites/pokemon/other/official-artwork/10211.png, https://raw.githubusercontent.com/PokeAPI/sprites/master/sprites/pokemon/other/official-artwork/shiny/10211.png);
INSERT INTO pokemon.base_stats (base_hp, base_attack, base_defense, base_special_attack, base_special_defense, base_speed, fk_generation, fk_form)
VALUES (70, 85, 65, 125, 65, 120, 8, 1049);
INSERT INTO pokemon.form_has_type_per_generation (fk_form, fk_type, fk_generation, is_primary)
VALUES (1049, 11, 8, True);

INSERT INTO pokemon.pokemon_species (name, pokedex_index, is_baby, is_legendary, is_mythical, evolves_from)
VALUES ('greedent', 820, False, False, False, skwovet);
INSERT INTO pokemon.form (name, is_default, fk_pokemon_species, height, weight, legacy_cry, latest_cry, artwork, shiny_artwork)
VALUES ('greedent', True, 829, 6, 60, None, https://raw.githubusercontent.com/PokeAPI/cries/main/cries/pokemon/latest/820.ogg, https://raw.githubusercontent.com/PokeAPI/sprites/master/sprites/pokemon/other/official-artwork/820.png, https://raw.githubusercontent.com/PokeAPI/sprites/master/sprites/pokemon/other/official-artwork/shiny/820.png);
INSERT INTO pokemon.base_stats (base_hp, base_attack, base_defense, base_special_attack, base_special_defense, base_speed, fk_generation, fk_form)
VALUES (120, 95, 95, 55, 75, 20, 8, 1050);
INSERT INTO pokemon.form_has_type_per_generation (fk_form, fk_type, fk_generation, is_primary)
VALUES (1050, 1, 8, True);

INSERT INTO pokemon.pokemon_species (name, pokedex_index, is_baby, is_legendary, is_mythical, evolves_from)
VALUES ('corvisquire', 822, False, False, False, rookidee);
INSERT INTO pokemon.form (name, is_default, fk_pokemon_species, height, weight, legacy_cry, latest_cry, artwork, shiny_artwork)
VALUES ('corvisquire', True, 830, 8, 160, None, https://raw.githubusercontent.com/PokeAPI/cries/main/cries/pokemon/latest/822.ogg, https://raw.githubusercontent.com/PokeAPI/sprites/master/sprites/pokemon/other/official-artwork/822.png, https://raw.githubusercontent.com/PokeAPI/sprites/master/sprites/pokemon/other/official-artwork/shiny/822.png);
INSERT INTO pokemon.base_stats (base_hp, base_attack, base_defense, base_special_attack, base_special_defense, base_speed, fk_generation, fk_form)
VALUES (68, 67, 55, 43, 55, 77, 8, 1051);
INSERT INTO pokemon.form_has_type_per_generation (fk_form, fk_type, fk_generation, is_primary)
VALUES (1051, 3, 8, True);

INSERT INTO pokemon.pokemon_species (name, pokedex_index, is_baby, is_legendary, is_mythical, evolves_from)
VALUES ('corviknight', 823, False, False, False, corvisquire);
INSERT INTO pokemon.form (name, is_default, fk_pokemon_species, height, weight, legacy_cry, latest_cry, artwork, shiny_artwork)
VALUES ('corviknight', True, 831, 22, 750, None, https://raw.githubusercontent.com/PokeAPI/cries/main/cries/pokemon/latest/823.ogg, https://raw.githubusercontent.com/PokeAPI/sprites/master/sprites/pokemon/other/official-artwork/823.png, https://raw.githubusercontent.com/PokeAPI/sprites/master/sprites/pokemon/other/official-artwork/shiny/823.png);
INSERT INTO pokemon.base_stats (base_hp, base_attack, base_defense, base_special_attack, base_special_defense, base_speed, fk_generation, fk_form)
VALUES (98, 87, 105, 53, 85, 67, 8, 1052);
INSERT INTO pokemon.form_has_type_per_generation (fk_form, fk_type, fk_generation, is_primary)
VALUES (1052, 3, 8, True);
INSERT INTO pokemon.form_has_type_per_generation (fk_form, fk_type, fk_generation, is_primary)
VALUES (1052, 9, 8, False);

INSERT INTO pokemon.form (name, is_default, fk_pokemon_species, height, weight, legacy_cry, latest_cry, artwork, shiny_artwork)
VALUES ('corviknight-gmax', False, 831, 140, 10000, None, https://raw.githubusercontent.com/PokeAPI/cries/main/cries/pokemon/latest/10212.ogg, https://raw.githubusercontent.com/PokeAPI/sprites/master/sprites/pokemon/other/official-artwork/10212.png, https://raw.githubusercontent.com/PokeAPI/sprites/master/sprites/pokemon/other/official-artwork/shiny/10212.png);
INSERT INTO pokemon.base_stats (base_hp, base_attack, base_defense, base_special_attack, base_special_defense, base_speed, fk_generation, fk_form)
VALUES (98, 87, 105, 53, 85, 67, 8, 1053);
INSERT INTO pokemon.form_has_type_per_generation (fk_form, fk_type, fk_generation, is_primary)
VALUES (1053, 3, 8, True);
INSERT INTO pokemon.form_has_type_per_generation (fk_form, fk_type, fk_generation, is_primary)
VALUES (1053, 9, 8, False);

INSERT INTO pokemon.pokemon_species (name, pokedex_index, is_baby, is_legendary, is_mythical, evolves_from)
VALUES ('dottler', 825, False, False, False, blipbug);
INSERT INTO pokemon.form (name, is_default, fk_pokemon_species, height, weight, legacy_cry, latest_cry, artwork, shiny_artwork)
VALUES ('dottler', True, 832, 4, 195, None, https://raw.githubusercontent.com/PokeAPI/cries/main/cries/pokemon/latest/825.ogg, https://raw.githubusercontent.com/PokeAPI/sprites/master/sprites/pokemon/other/official-artwork/825.png, https://raw.githubusercontent.com/PokeAPI/sprites/master/sprites/pokemon/other/official-artwork/shiny/825.png);
INSERT INTO pokemon.base_stats (base_hp, base_attack, base_defense, base_special_attack, base_special_defense, base_speed, fk_generation, fk_form)
VALUES (50, 35, 80, 50, 90, 30, 8, 1054);
INSERT INTO pokemon.form_has_type_per_generation (fk_form, fk_type, fk_generation, is_primary)
VALUES (1054, 7, 8, True);
INSERT INTO pokemon.form_has_type_per_generation (fk_form, fk_type, fk_generation, is_primary)
VALUES (1054, 14, 8, False);

INSERT INTO pokemon.pokemon_species (name, pokedex_index, is_baby, is_legendary, is_mythical, evolves_from)
VALUES ('thievul', 828, False, False, False, nickit);
INSERT INTO pokemon.form (name, is_default, fk_pokemon_species, height, weight, legacy_cry, latest_cry, artwork, shiny_artwork)
VALUES ('thievul', True, 833, 12, 199, None, https://raw.githubusercontent.com/PokeAPI/cries/main/cries/pokemon/latest/828.ogg, https://raw.githubusercontent.com/PokeAPI/sprites/master/sprites/pokemon/other/official-artwork/828.png, https://raw.githubusercontent.com/PokeAPI/sprites/master/sprites/pokemon/other/official-artwork/shiny/828.png);
INSERT INTO pokemon.base_stats (base_hp, base_attack, base_defense, base_special_attack, base_special_defense, base_speed, fk_generation, fk_form)
VALUES (70, 58, 58, 87, 92, 90, 8, 1055);
INSERT INTO pokemon.form_has_type_per_generation (fk_form, fk_type, fk_generation, is_primary)
VALUES (1055, 17, 8, True);

INSERT INTO pokemon.pokemon_species (name, pokedex_index, is_baby, is_legendary, is_mythical, evolves_from)
VALUES ('eldegoss', 830, False, False, False, gossifleur);
INSERT INTO pokemon.form (name, is_default, fk_pokemon_species, height, weight, legacy_cry, latest_cry, artwork, shiny_artwork)
VALUES ('eldegoss', True, 834, 5, 25, None, https://raw.githubusercontent.com/PokeAPI/cries/main/cries/pokemon/latest/830.ogg, https://raw.githubusercontent.com/PokeAPI/sprites/master/sprites/pokemon/other/official-artwork/830.png, https://raw.githubusercontent.com/PokeAPI/sprites/master/sprites/pokemon/other/official-artwork/shiny/830.png);
INSERT INTO pokemon.base_stats (base_hp, base_attack, base_defense, base_special_attack, base_special_defense, base_speed, fk_generation, fk_form)
VALUES (60, 50, 90, 80, 120, 60, 8, 1056);
INSERT INTO pokemon.form_has_type_per_generation (fk_form, fk_type, fk_generation, is_primary)
VALUES (1056, 12, 8, True);

INSERT INTO pokemon.pokemon_species (name, pokedex_index, is_baby, is_legendary, is_mythical, evolves_from)
VALUES ('dubwool', 832, False, False, False, wooloo);
INSERT INTO pokemon.form (name, is_default, fk_pokemon_species, height, weight, legacy_cry, latest_cry, artwork, shiny_artwork)
VALUES ('dubwool', True, 835, 13, 430, None, https://raw.githubusercontent.com/PokeAPI/cries/main/cries/pokemon/latest/832.ogg, https://raw.githubusercontent.com/PokeAPI/sprites/master/sprites/pokemon/other/official-artwork/832.png, https://raw.githubusercontent.com/PokeAPI/sprites/master/sprites/pokemon/other/official-artwork/shiny/832.png);
INSERT INTO pokemon.base_stats (base_hp, base_attack, base_defense, base_special_attack, base_special_defense, base_speed, fk_generation, fk_form)
VALUES (72, 80, 100, 60, 90, 88, 8, 1057);
INSERT INTO pokemon.form_has_type_per_generation (fk_form, fk_type, fk_generation, is_primary)
VALUES (1057, 1, 8, True);

INSERT INTO pokemon.pokemon_species (name, pokedex_index, is_baby, is_legendary, is_mythical, evolves_from)
VALUES ('drednaw', 834, False, False, False, chewtle);
INSERT INTO pokemon.form (name, is_default, fk_pokemon_species, height, weight, legacy_cry, latest_cry, artwork, shiny_artwork)
VALUES ('drednaw', True, 836, 10, 1155, None, https://raw.githubusercontent.com/PokeAPI/cries/main/cries/pokemon/latest/834.ogg, https://raw.githubusercontent.com/PokeAPI/sprites/master/sprites/pokemon/other/official-artwork/834.png, https://raw.githubusercontent.com/PokeAPI/sprites/master/sprites/pokemon/other/official-artwork/shiny/834.png);
INSERT INTO pokemon.base_stats (base_hp, base_attack, base_defense, base_special_attack, base_special_defense, base_speed, fk_generation, fk_form)
VALUES (90, 115, 90, 48, 68, 74, 8, 1058);
INSERT INTO pokemon.form_has_type_per_generation (fk_form, fk_type, fk_generation, is_primary)
VALUES (1058, 11, 8, True);
INSERT INTO pokemon.form_has_type_per_generation (fk_form, fk_type, fk_generation, is_primary)
VALUES (1058, 6, 8, False);

INSERT INTO pokemon.form (name, is_default, fk_pokemon_species, height, weight, legacy_cry, latest_cry, artwork, shiny_artwork)
VALUES ('drednaw-gmax', False, 836, 240, 10000, None, https://raw.githubusercontent.com/PokeAPI/cries/main/cries/pokemon/latest/10214.ogg, https://raw.githubusercontent.com/PokeAPI/sprites/master/sprites/pokemon/other/official-artwork/10214.png, https://raw.githubusercontent.com/PokeAPI/sprites/master/sprites/pokemon/other/official-artwork/shiny/10214.png);
INSERT INTO pokemon.base_stats (base_hp, base_attack, base_defense, base_special_attack, base_special_defense, base_speed, fk_generation, fk_form)
VALUES (90, 115, 90, 48, 68, 74, 8, 1059);
INSERT INTO pokemon.form_has_type_per_generation (fk_form, fk_type, fk_generation, is_primary)
VALUES (1059, 11, 8, True);
INSERT INTO pokemon.form_has_type_per_generation (fk_form, fk_type, fk_generation, is_primary)
VALUES (1059, 6, 8, False);

INSERT INTO pokemon.pokemon_species (name, pokedex_index, is_baby, is_legendary, is_mythical, evolves_from)
VALUES ('boltund', 836, False, False, False, yamper);
INSERT INTO pokemon.form (name, is_default, fk_pokemon_species, height, weight, legacy_cry, latest_cry, artwork, shiny_artwork)
VALUES ('boltund', True, 837, 10, 340, None, https://raw.githubusercontent.com/PokeAPI/cries/main/cries/pokemon/latest/836.ogg, https://raw.githubusercontent.com/PokeAPI/sprites/master/sprites/pokemon/other/official-artwork/836.png, https://raw.githubusercontent.com/PokeAPI/sprites/master/sprites/pokemon/other/official-artwork/shiny/836.png);
INSERT INTO pokemon.base_stats (base_hp, base_attack, base_defense, base_special_attack, base_special_defense, base_speed, fk_generation, fk_form)
VALUES (69, 90, 60, 90, 60, 121, 8, 1060);
INSERT INTO pokemon.form_has_type_per_generation (fk_form, fk_type, fk_generation, is_primary)
VALUES (1060, 13, 8, True);

INSERT INTO pokemon.pokemon_species (name, pokedex_index, is_baby, is_legendary, is_mythical, evolves_from)
VALUES ('carkol', 838, False, False, False, rolycoly);
INSERT INTO pokemon.form (name, is_default, fk_pokemon_species, height, weight, legacy_cry, latest_cry, artwork, shiny_artwork)
VALUES ('carkol', True, 838, 11, 780, None, https://raw.githubusercontent.com/PokeAPI/cries/main/cries/pokemon/latest/838.ogg, https://raw.githubusercontent.com/PokeAPI/sprites/master/sprites/pokemon/other/official-artwork/838.png, https://raw.githubusercontent.com/PokeAPI/sprites/master/sprites/pokemon/other/official-artwork/shiny/838.png);
INSERT INTO pokemon.base_stats (base_hp, base_attack, base_defense, base_special_attack, base_special_defense, base_speed, fk_generation, fk_form)
VALUES (80, 60, 90, 60, 70, 50, 8, 1061);
INSERT INTO pokemon.form_has_type_per_generation (fk_form, fk_type, fk_generation, is_primary)
VALUES (1061, 6, 8, True);
INSERT INTO pokemon.form_has_type_per_generation (fk_form, fk_type, fk_generation, is_primary)
VALUES (1061, 10, 8, False);

INSERT INTO pokemon.pokemon_species (name, pokedex_index, is_baby, is_legendary, is_mythical, evolves_from)
VALUES ('coalossal', 839, False, False, False, carkol);
INSERT INTO pokemon.form (name, is_default, fk_pokemon_species, height, weight, legacy_cry, latest_cry, artwork, shiny_artwork)
VALUES ('coalossal', True, 839, 28, 3105, None, https://raw.githubusercontent.com/PokeAPI/cries/main/cries/pokemon/latest/839.ogg, https://raw.githubusercontent.com/PokeAPI/sprites/master/sprites/pokemon/other/official-artwork/839.png, https://raw.githubusercontent.com/PokeAPI/sprites/master/sprites/pokemon/other/official-artwork/shiny/839.png);
INSERT INTO pokemon.base_stats (base_hp, base_attack, base_defense, base_special_attack, base_special_defense, base_speed, fk_generation, fk_form)
VALUES (110, 80, 120, 80, 90, 30, 8, 1062);
INSERT INTO pokemon.form_has_type_per_generation (fk_form, fk_type, fk_generation, is_primary)
VALUES (1062, 6, 8, True);
INSERT INTO pokemon.form_has_type_per_generation (fk_form, fk_type, fk_generation, is_primary)
VALUES (1062, 10, 8, False);

INSERT INTO pokemon.form (name, is_default, fk_pokemon_species, height, weight, legacy_cry, latest_cry, artwork, shiny_artwork)
VALUES ('coalossal-gmax', False, 839, 420, 10000, None, https://raw.githubusercontent.com/PokeAPI/cries/main/cries/pokemon/latest/10215.ogg, https://raw.githubusercontent.com/PokeAPI/sprites/master/sprites/pokemon/other/official-artwork/10215.png, https://raw.githubusercontent.com/PokeAPI/sprites/master/sprites/pokemon/other/official-artwork/shiny/10215.png);
INSERT INTO pokemon.base_stats (base_hp, base_attack, base_defense, base_special_attack, base_special_defense, base_speed, fk_generation, fk_form)
VALUES (110, 80, 120, 80, 90, 30, 8, 1063);
INSERT INTO pokemon.form_has_type_per_generation (fk_form, fk_type, fk_generation, is_primary)
VALUES (1063, 6, 8, True);
INSERT INTO pokemon.form_has_type_per_generation (fk_form, fk_type, fk_generation, is_primary)
VALUES (1063, 10, 8, False);

INSERT INTO pokemon.pokemon_species (name, pokedex_index, is_baby, is_legendary, is_mythical, evolves_from)
VALUES ('flapple', 841, False, False, False, applin);
INSERT INTO pokemon.form (name, is_default, fk_pokemon_species, height, weight, legacy_cry, latest_cry, artwork, shiny_artwork)
VALUES ('flapple', True, 840, 3, 10, None, https://raw.githubusercontent.com/PokeAPI/cries/main/cries/pokemon/latest/841.ogg, https://raw.githubusercontent.com/PokeAPI/sprites/master/sprites/pokemon/other/official-artwork/841.png, https://raw.githubusercontent.com/PokeAPI/sprites/master/sprites/pokemon/other/official-artwork/shiny/841.png);
INSERT INTO pokemon.base_stats (base_hp, base_attack, base_defense, base_special_attack, base_special_defense, base_speed, fk_generation, fk_form)
VALUES (70, 110, 80, 95, 60, 70, 8, 1064);
INSERT INTO pokemon.form_has_type_per_generation (fk_form, fk_type, fk_generation, is_primary)
VALUES (1064, 12, 8, True);
INSERT INTO pokemon.form_has_type_per_generation (fk_form, fk_type, fk_generation, is_primary)
VALUES (1064, 16, 8, False);

INSERT INTO pokemon.form (name, is_default, fk_pokemon_species, height, weight, legacy_cry, latest_cry, artwork, shiny_artwork)
VALUES ('flapple-gmax', False, 840, 240, 10000, None, https://raw.githubusercontent.com/PokeAPI/cries/main/cries/pokemon/latest/10216.ogg, https://raw.githubusercontent.com/PokeAPI/sprites/master/sprites/pokemon/other/official-artwork/10216.png, https://raw.githubusercontent.com/PokeAPI/sprites/master/sprites/pokemon/other/official-artwork/shiny/10216.png);
INSERT INTO pokemon.base_stats (base_hp, base_attack, base_defense, base_special_attack, base_special_defense, base_speed, fk_generation, fk_form)
VALUES (70, 110, 80, 95, 60, 70, 8, 1065);
INSERT INTO pokemon.form_has_type_per_generation (fk_form, fk_type, fk_generation, is_primary)
VALUES (1065, 12, 8, True);
INSERT INTO pokemon.form_has_type_per_generation (fk_form, fk_type, fk_generation, is_primary)
VALUES (1065, 16, 8, False);

INSERT INTO pokemon.pokemon_species (name, pokedex_index, is_baby, is_legendary, is_mythical, evolves_from)
VALUES ('silicobra', 843, False, False, False, None);
INSERT INTO pokemon.form (name, is_default, fk_pokemon_species, height, weight, legacy_cry, latest_cry, artwork, shiny_artwork)
VALUES ('silicobra', True, 841, 22, 76, None, https://raw.githubusercontent.com/PokeAPI/cries/main/cries/pokemon/latest/843.ogg, https://raw.githubusercontent.com/PokeAPI/sprites/master/sprites/pokemon/other/official-artwork/843.png, https://raw.githubusercontent.com/PokeAPI/sprites/master/sprites/pokemon/other/official-artwork/shiny/843.png);
INSERT INTO pokemon.base_stats (base_hp, base_attack, base_defense, base_special_attack, base_special_defense, base_speed, fk_generation, fk_form)
VALUES (52, 57, 75, 35, 50, 46, 8, 1066);
INSERT INTO pokemon.form_has_type_per_generation (fk_form, fk_type, fk_generation, is_primary)
VALUES (1066, 5, 8, True);

INSERT INTO pokemon.pokemon_species (name, pokedex_index, is_baby, is_legendary, is_mythical, evolves_from)
VALUES ('cramorant', 845, False, False, False, None);
INSERT INTO pokemon.form (name, is_default, fk_pokemon_species, height, weight, legacy_cry, latest_cry, artwork, shiny_artwork)
VALUES ('cramorant', True, 842, 8, 180, None, https://raw.githubusercontent.com/PokeAPI/cries/main/cries/pokemon/latest/845.ogg, https://raw.githubusercontent.com/PokeAPI/sprites/master/sprites/pokemon/other/official-artwork/845.png, https://raw.githubusercontent.com/PokeAPI/sprites/master/sprites/pokemon/other/official-artwork/shiny/845.png);
INSERT INTO pokemon.base_stats (base_hp, base_attack, base_defense, base_special_attack, base_special_defense, base_speed, fk_generation, fk_form)
VALUES (70, 85, 55, 85, 95, 85, 8, 1067);
INSERT INTO pokemon.form_has_type_per_generation (fk_form, fk_type, fk_generation, is_primary)
VALUES (1067, 3, 8, True);
INSERT INTO pokemon.form_has_type_per_generation (fk_form, fk_type, fk_generation, is_primary)
VALUES (1067, 11, 8, False);

INSERT INTO pokemon.form (name, is_default, fk_pokemon_species, height, weight, legacy_cry, latest_cry, artwork, shiny_artwork)
VALUES ('cramorant-gulping', False, 842, 8, 180, None, https://raw.githubusercontent.com/PokeAPI/cries/main/cries/pokemon/latest/10182.ogg, https://raw.githubusercontent.com/PokeAPI/sprites/master/sprites/pokemon/other/official-artwork/10182.png, https://raw.githubusercontent.com/PokeAPI/sprites/master/sprites/pokemon/other/official-artwork/shiny/10182.png);
INSERT INTO pokemon.base_stats (base_hp, base_attack, base_defense, base_special_attack, base_special_defense, base_speed, fk_generation, fk_form)
VALUES (70, 85, 55, 85, 95, 85, 8, 1068);
INSERT INTO pokemon.form_has_type_per_generation (fk_form, fk_type, fk_generation, is_primary)
VALUES (1068, 3, 8, True);
INSERT INTO pokemon.form_has_type_per_generation (fk_form, fk_type, fk_generation, is_primary)
VALUES (1068, 11, 8, False);

INSERT INTO pokemon.form (name, is_default, fk_pokemon_species, height, weight, legacy_cry, latest_cry, artwork, shiny_artwork)
VALUES ('cramorant-gorging', False, 842, 8, 180, None, https://raw.githubusercontent.com/PokeAPI/cries/main/cries/pokemon/latest/10183.ogg, https://raw.githubusercontent.com/PokeAPI/sprites/master/sprites/pokemon/other/official-artwork/10183.png, https://raw.githubusercontent.com/PokeAPI/sprites/master/sprites/pokemon/other/official-artwork/shiny/10183.png);
INSERT INTO pokemon.base_stats (base_hp, base_attack, base_defense, base_special_attack, base_special_defense, base_speed, fk_generation, fk_form)
VALUES (70, 85, 55, 85, 95, 85, 8, 1069);
INSERT INTO pokemon.form_has_type_per_generation (fk_form, fk_type, fk_generation, is_primary)
VALUES (1069, 3, 8, True);
INSERT INTO pokemon.form_has_type_per_generation (fk_form, fk_type, fk_generation, is_primary)
VALUES (1069, 11, 8, False);

INSERT INTO pokemon.pokemon_species (name, pokedex_index, is_baby, is_legendary, is_mythical, evolves_from)
VALUES ('arrokuda', 846, False, False, False, None);
INSERT INTO pokemon.form (name, is_default, fk_pokemon_species, height, weight, legacy_cry, latest_cry, artwork, shiny_artwork)
VALUES ('arrokuda', True, 843, 5, 10, None, https://raw.githubusercontent.com/PokeAPI/cries/main/cries/pokemon/latest/846.ogg, https://raw.githubusercontent.com/PokeAPI/sprites/master/sprites/pokemon/other/official-artwork/846.png, https://raw.githubusercontent.com/PokeAPI/sprites/master/sprites/pokemon/other/official-artwork/shiny/846.png);
INSERT INTO pokemon.base_stats (base_hp, base_attack, base_defense, base_special_attack, base_special_defense, base_speed, fk_generation, fk_form)
VALUES (41, 63, 40, 40, 30, 66, 8, 1070);
INSERT INTO pokemon.form_has_type_per_generation (fk_form, fk_type, fk_generation, is_primary)
VALUES (1070, 11, 8, True);

INSERT INTO pokemon.pokemon_species (name, pokedex_index, is_baby, is_legendary, is_mythical, evolves_from)
VALUES ('toxel', 848, True, False, False, None);
INSERT INTO pokemon.form (name, is_default, fk_pokemon_species, height, weight, legacy_cry, latest_cry, artwork, shiny_artwork)
VALUES ('toxel', True, 844, 4, 110, None, https://raw.githubusercontent.com/PokeAPI/cries/main/cries/pokemon/latest/848.ogg, https://raw.githubusercontent.com/PokeAPI/sprites/master/sprites/pokemon/other/official-artwork/848.png, https://raw.githubusercontent.com/PokeAPI/sprites/master/sprites/pokemon/other/official-artwork/shiny/848.png);
INSERT INTO pokemon.base_stats (base_hp, base_attack, base_defense, base_special_attack, base_special_defense, base_speed, fk_generation, fk_form)
VALUES (40, 38, 35, 54, 35, 40, 8, 1071);
INSERT INTO pokemon.form_has_type_per_generation (fk_form, fk_type, fk_generation, is_primary)
VALUES (1071, 13, 8, True);
INSERT INTO pokemon.form_has_type_per_generation (fk_form, fk_type, fk_generation, is_primary)
VALUES (1071, 4, 8, False);

INSERT INTO pokemon.pokemon_species (name, pokedex_index, is_baby, is_legendary, is_mythical, evolves_from)
VALUES ('sizzlipede', 850, False, False, False, None);
INSERT INTO pokemon.form (name, is_default, fk_pokemon_species, height, weight, legacy_cry, latest_cry, artwork, shiny_artwork)
VALUES ('sizzlipede', True, 845, 7, 10, None, https://raw.githubusercontent.com/PokeAPI/cries/main/cries/pokemon/latest/850.ogg, https://raw.githubusercontent.com/PokeAPI/sprites/master/sprites/pokemon/other/official-artwork/850.png, https://raw.githubusercontent.com/PokeAPI/sprites/master/sprites/pokemon/other/official-artwork/shiny/850.png);
INSERT INTO pokemon.base_stats (base_hp, base_attack, base_defense, base_special_attack, base_special_defense, base_speed, fk_generation, fk_form)
VALUES (50, 65, 45, 50, 50, 45, 8, 1072);
INSERT INTO pokemon.form_has_type_per_generation (fk_form, fk_type, fk_generation, is_primary)
VALUES (1072, 10, 8, True);
INSERT INTO pokemon.form_has_type_per_generation (fk_form, fk_type, fk_generation, is_primary)
VALUES (1072, 7, 8, False);

INSERT INTO pokemon.pokemon_species (name, pokedex_index, is_baby, is_legendary, is_mythical, evolves_from)
VALUES ('clobbopus', 852, False, False, False, None);
INSERT INTO pokemon.form (name, is_default, fk_pokemon_species, height, weight, legacy_cry, latest_cry, artwork, shiny_artwork)
VALUES ('clobbopus', True, 846, 6, 40, None, https://raw.githubusercontent.com/PokeAPI/cries/main/cries/pokemon/latest/852.ogg, https://raw.githubusercontent.com/PokeAPI/sprites/master/sprites/pokemon/other/official-artwork/852.png, https://raw.githubusercontent.com/PokeAPI/sprites/master/sprites/pokemon/other/official-artwork/shiny/852.png);
INSERT INTO pokemon.base_stats (base_hp, base_attack, base_defense, base_special_attack, base_special_defense, base_speed, fk_generation, fk_form)
VALUES (50, 68, 60, 50, 50, 32, 8, 1073);
INSERT INTO pokemon.form_has_type_per_generation (fk_form, fk_type, fk_generation, is_primary)
VALUES (1073, 2, 8, True);

INSERT INTO pokemon.pokemon_species (name, pokedex_index, is_baby, is_legendary, is_mythical, evolves_from)
VALUES ('sinistea', 854, False, False, False, None);
INSERT INTO pokemon.form (name, is_default, fk_pokemon_species, height, weight, legacy_cry, latest_cry, artwork, shiny_artwork)
VALUES ('sinistea', True, 847, 1, 2, None, https://raw.githubusercontent.com/PokeAPI/cries/main/cries/pokemon/latest/854.ogg, https://raw.githubusercontent.com/PokeAPI/sprites/master/sprites/pokemon/other/official-artwork/854.png, https://raw.githubusercontent.com/PokeAPI/sprites/master/sprites/pokemon/other/official-artwork/shiny/854.png);
INSERT INTO pokemon.base_stats (base_hp, base_attack, base_defense, base_special_attack, base_special_defense, base_speed, fk_generation, fk_form)
VALUES (40, 45, 45, 74, 54, 50, 8, 1074);
INSERT INTO pokemon.form_has_type_per_generation (fk_form, fk_type, fk_generation, is_primary)
VALUES (1074, 8, 8, True);

INSERT INTO pokemon.pokemon_species (name, pokedex_index, is_baby, is_legendary, is_mythical, evolves_from)
VALUES ('hatenna', 856, False, False, False, None);
INSERT INTO pokemon.form (name, is_default, fk_pokemon_species, height, weight, legacy_cry, latest_cry, artwork, shiny_artwork)
VALUES ('hatenna', True, 848, 4, 34, None, https://raw.githubusercontent.com/PokeAPI/cries/main/cries/pokemon/latest/856.ogg, https://raw.githubusercontent.com/PokeAPI/sprites/master/sprites/pokemon/other/official-artwork/856.png, https://raw.githubusercontent.com/PokeAPI/sprites/master/sprites/pokemon/other/official-artwork/shiny/856.png);
INSERT INTO pokemon.base_stats (base_hp, base_attack, base_defense, base_special_attack, base_special_defense, base_speed, fk_generation, fk_form)
VALUES (42, 30, 45, 56, 53, 39, 8, 1075);
INSERT INTO pokemon.form_has_type_per_generation (fk_form, fk_type, fk_generation, is_primary)
VALUES (1075, 14, 8, True);

INSERT INTO pokemon.pokemon_species (name, pokedex_index, is_baby, is_legendary, is_mythical, evolves_from)
VALUES ('impidimp', 859, False, False, False, None);
INSERT INTO pokemon.form (name, is_default, fk_pokemon_species, height, weight, legacy_cry, latest_cry, artwork, shiny_artwork)
VALUES ('impidimp', True, 849, 4, 55, None, https://raw.githubusercontent.com/PokeAPI/cries/main/cries/pokemon/latest/859.ogg, https://raw.githubusercontent.com/PokeAPI/sprites/master/sprites/pokemon/other/official-artwork/859.png, https://raw.githubusercontent.com/PokeAPI/sprites/master/sprites/pokemon/other/official-artwork/shiny/859.png);
INSERT INTO pokemon.base_stats (base_hp, base_attack, base_defense, base_special_attack, base_special_defense, base_speed, fk_generation, fk_form)
VALUES (45, 45, 30, 55, 40, 50, 8, 1076);
INSERT INTO pokemon.form_has_type_per_generation (fk_form, fk_type, fk_generation, is_primary)
VALUES (1076, 17, 8, True);
INSERT INTO pokemon.form_has_type_per_generation (fk_form, fk_type, fk_generation, is_primary)
VALUES (1076, 18, 8, False);

INSERT INTO pokemon.pokemon_species (name, pokedex_index, is_baby, is_legendary, is_mythical, evolves_from)
VALUES ('milcery', 868, False, False, False, None);
INSERT INTO pokemon.form (name, is_default, fk_pokemon_species, height, weight, legacy_cry, latest_cry, artwork, shiny_artwork)
VALUES ('milcery', True, 850, 2, 3, None, https://raw.githubusercontent.com/PokeAPI/cries/main/cries/pokemon/latest/868.ogg, https://raw.githubusercontent.com/PokeAPI/sprites/master/sprites/pokemon/other/official-artwork/868.png, https://raw.githubusercontent.com/PokeAPI/sprites/master/sprites/pokemon/other/official-artwork/shiny/868.png);
INSERT INTO pokemon.base_stats (base_hp, base_attack, base_defense, base_special_attack, base_special_defense, base_speed, fk_generation, fk_form)
VALUES (45, 40, 40, 50, 61, 34, 8, 1077);
INSERT INTO pokemon.form_has_type_per_generation (fk_form, fk_type, fk_generation, is_primary)
VALUES (1077, 18, 8, True);

INSERT INTO pokemon.pokemon_species (name, pokedex_index, is_baby, is_legendary, is_mythical, evolves_from)
VALUES ('falinks', 870, False, False, False, None);
INSERT INTO pokemon.form (name, is_default, fk_pokemon_species, height, weight, legacy_cry, latest_cry, artwork, shiny_artwork)
VALUES ('falinks', True, 851, 30, 620, None, https://raw.githubusercontent.com/PokeAPI/cries/main/cries/pokemon/latest/870.ogg, https://raw.githubusercontent.com/PokeAPI/sprites/master/sprites/pokemon/other/official-artwork/870.png, https://raw.githubusercontent.com/PokeAPI/sprites/master/sprites/pokemon/other/official-artwork/shiny/870.png);
INSERT INTO pokemon.base_stats (base_hp, base_attack, base_defense, base_special_attack, base_special_defense, base_speed, fk_generation, fk_form)
VALUES (65, 100, 100, 70, 60, 75, 8, 1078);
INSERT INTO pokemon.form_has_type_per_generation (fk_form, fk_type, fk_generation, is_primary)
VALUES (1078, 2, 8, True);

INSERT INTO pokemon.pokemon_species (name, pokedex_index, is_baby, is_legendary, is_mythical, evolves_from)
VALUES ('pincurchin', 871, False, False, False, None);
INSERT INTO pokemon.form (name, is_default, fk_pokemon_species, height, weight, legacy_cry, latest_cry, artwork, shiny_artwork)
VALUES ('pincurchin', True, 852, 3, 10, None, https://raw.githubusercontent.com/PokeAPI/cries/main/cries/pokemon/latest/871.ogg, https://raw.githubusercontent.com/PokeAPI/sprites/master/sprites/pokemon/other/official-artwork/871.png, https://raw.githubusercontent.com/PokeAPI/sprites/master/sprites/pokemon/other/official-artwork/shiny/871.png);
INSERT INTO pokemon.base_stats (base_hp, base_attack, base_defense, base_special_attack, base_special_defense, base_speed, fk_generation, fk_form)
VALUES (48, 101, 95, 91, 85, 15, 8, 1079);
INSERT INTO pokemon.form_has_type_per_generation (fk_form, fk_type, fk_generation, is_primary)
VALUES (1079, 13, 8, True);

INSERT INTO pokemon.pokemon_species (name, pokedex_index, is_baby, is_legendary, is_mythical, evolves_from)
VALUES ('snom', 872, False, False, False, None);
INSERT INTO pokemon.form (name, is_default, fk_pokemon_species, height, weight, legacy_cry, latest_cry, artwork, shiny_artwork)
VALUES ('snom', True, 853, 3, 38, None, https://raw.githubusercontent.com/PokeAPI/cries/main/cries/pokemon/latest/872.ogg, https://raw.githubusercontent.com/PokeAPI/sprites/master/sprites/pokemon/other/official-artwork/872.png, https://raw.githubusercontent.com/PokeAPI/sprites/master/sprites/pokemon/other/official-artwork/shiny/872.png);
INSERT INTO pokemon.base_stats (base_hp, base_attack, base_defense, base_special_attack, base_special_defense, base_speed, fk_generation, fk_form)
VALUES (30, 25, 35, 45, 30, 20, 8, 1080);
INSERT INTO pokemon.form_has_type_per_generation (fk_form, fk_type, fk_generation, is_primary)
VALUES (1080, 15, 8, True);
INSERT INTO pokemon.form_has_type_per_generation (fk_form, fk_type, fk_generation, is_primary)
VALUES (1080, 7, 8, False);

INSERT INTO pokemon.pokemon_species (name, pokedex_index, is_baby, is_legendary, is_mythical, evolves_from)
VALUES ('stonjourner', 874, False, False, False, None);
INSERT INTO pokemon.form (name, is_default, fk_pokemon_species, height, weight, legacy_cry, latest_cry, artwork, shiny_artwork)
VALUES ('stonjourner', True, 854, 25, 5200, None, https://raw.githubusercontent.com/PokeAPI/cries/main/cries/pokemon/latest/874.ogg, https://raw.githubusercontent.com/PokeAPI/sprites/master/sprites/pokemon/other/official-artwork/874.png, https://raw.githubusercontent.com/PokeAPI/sprites/master/sprites/pokemon/other/official-artwork/shiny/874.png);
INSERT INTO pokemon.base_stats (base_hp, base_attack, base_defense, base_special_attack, base_special_defense, base_speed, fk_generation, fk_form)
VALUES (100, 125, 135, 20, 20, 70, 8, 1081);
INSERT INTO pokemon.form_has_type_per_generation (fk_form, fk_type, fk_generation, is_primary)
VALUES (1081, 6, 8, True);

INSERT INTO pokemon.pokemon_species (name, pokedex_index, is_baby, is_legendary, is_mythical, evolves_from)
VALUES ('eiscue', 875, False, False, False, None);
INSERT INTO pokemon.form (name, is_default, fk_pokemon_species, height, weight, legacy_cry, latest_cry, artwork, shiny_artwork)
VALUES ('eiscue-ice', False, 855, 14, 890, None, https://raw.githubusercontent.com/PokeAPI/cries/main/cries/pokemon/latest/875.ogg, https://raw.githubusercontent.com/PokeAPI/sprites/master/sprites/pokemon/other/official-artwork/875.png, https://raw.githubusercontent.com/PokeAPI/sprites/master/sprites/pokemon/other/official-artwork/shiny/875.png);
INSERT INTO pokemon.base_stats (base_hp, base_attack, base_defense, base_special_attack, base_special_defense, base_speed, fk_generation, fk_form)
VALUES (75, 80, 110, 65, 90, 50, 8, 1082);
INSERT INTO pokemon.form_has_type_per_generation (fk_form, fk_type, fk_generation, is_primary)
VALUES (1082, 15, 8, True);

INSERT INTO pokemon.form (name, is_default, fk_pokemon_species, height, weight, legacy_cry, latest_cry, artwork, shiny_artwork)
VALUES ('eiscue-noice', False, 855, 14, 890, None, https://raw.githubusercontent.com/PokeAPI/cries/main/cries/pokemon/latest/10185.ogg, https://raw.githubusercontent.com/PokeAPI/sprites/master/sprites/pokemon/other/official-artwork/10185.png, https://raw.githubusercontent.com/PokeAPI/sprites/master/sprites/pokemon/other/official-artwork/shiny/10185.png);
INSERT INTO pokemon.base_stats (base_hp, base_attack, base_defense, base_special_attack, base_special_defense, base_speed, fk_generation, fk_form)
VALUES (75, 80, 70, 65, 50, 130, 8, 1083);
INSERT INTO pokemon.form_has_type_per_generation (fk_form, fk_type, fk_generation, is_primary)
VALUES (1083, 15, 8, True);

INSERT INTO pokemon.pokemon_species (name, pokedex_index, is_baby, is_legendary, is_mythical, evolves_from)
VALUES ('indeedee', 876, False, False, False, None);
INSERT INTO pokemon.form (name, is_default, fk_pokemon_species, height, weight, legacy_cry, latest_cry, artwork, shiny_artwork)
VALUES ('indeedee-male', False, 856, 9, 280, None, https://raw.githubusercontent.com/PokeAPI/cries/main/cries/pokemon/latest/876.ogg, https://raw.githubusercontent.com/PokeAPI/sprites/master/sprites/pokemon/other/official-artwork/876.png, https://raw.githubusercontent.com/PokeAPI/sprites/master/sprites/pokemon/other/official-artwork/shiny/876.png);
INSERT INTO pokemon.base_stats (base_hp, base_attack, base_defense, base_special_attack, base_special_defense, base_speed, fk_generation, fk_form)
VALUES (60, 65, 55, 105, 95, 95, 8, 1084);
INSERT INTO pokemon.form_has_type_per_generation (fk_form, fk_type, fk_generation, is_primary)
VALUES (1084, 14, 8, True);
INSERT INTO pokemon.form_has_type_per_generation (fk_form, fk_type, fk_generation, is_primary)
VALUES (1084, 1, 8, False);

INSERT INTO pokemon.form (name, is_default, fk_pokemon_species, height, weight, legacy_cry, latest_cry, artwork, shiny_artwork)
VALUES ('indeedee-female', False, 856, 9, 280, None, https://raw.githubusercontent.com/PokeAPI/cries/main/cries/pokemon/latest/10186.ogg, https://raw.githubusercontent.com/PokeAPI/sprites/master/sprites/pokemon/other/official-artwork/10186.png, https://raw.githubusercontent.com/PokeAPI/sprites/master/sprites/pokemon/other/official-artwork/shiny/10186.png);
INSERT INTO pokemon.base_stats (base_hp, base_attack, base_defense, base_special_attack, base_special_defense, base_speed, fk_generation, fk_form)
VALUES (70, 55, 65, 95, 105, 85, 8, 1085);
INSERT INTO pokemon.form_has_type_per_generation (fk_form, fk_type, fk_generation, is_primary)
VALUES (1085, 14, 8, True);
INSERT INTO pokemon.form_has_type_per_generation (fk_form, fk_type, fk_generation, is_primary)
VALUES (1085, 1, 8, False);

INSERT INTO pokemon.pokemon_species (name, pokedex_index, is_baby, is_legendary, is_mythical, evolves_from)
VALUES ('morpeko', 877, False, False, False, None);
INSERT INTO pokemon.form (name, is_default, fk_pokemon_species, height, weight, legacy_cry, latest_cry, artwork, shiny_artwork)
VALUES ('morpeko-full-belly', False, 857, 3, 30, None, https://raw.githubusercontent.com/PokeAPI/cries/main/cries/pokemon/latest/877.ogg, https://raw.githubusercontent.com/PokeAPI/sprites/master/sprites/pokemon/other/official-artwork/877.png, https://raw.githubusercontent.com/PokeAPI/sprites/master/sprites/pokemon/other/official-artwork/shiny/877.png);
INSERT INTO pokemon.base_stats (base_hp, base_attack, base_defense, base_special_attack, base_special_defense, base_speed, fk_generation, fk_form)
VALUES (58, 95, 58, 70, 58, 97, 8, 1086);
INSERT INTO pokemon.form_has_type_per_generation (fk_form, fk_type, fk_generation, is_primary)
VALUES (1086, 13, 8, True);
INSERT INTO pokemon.form_has_type_per_generation (fk_form, fk_type, fk_generation, is_primary)
VALUES (1086, 17, 8, False);

INSERT INTO pokemon.form (name, is_default, fk_pokemon_species, height, weight, legacy_cry, latest_cry, artwork, shiny_artwork)
VALUES ('morpeko-hangry', False, 857, 3, 30, None, https://raw.githubusercontent.com/PokeAPI/cries/main/cries/pokemon/latest/10187.ogg, https://raw.githubusercontent.com/PokeAPI/sprites/master/sprites/pokemon/other/official-artwork/10187.png, https://raw.githubusercontent.com/PokeAPI/sprites/master/sprites/pokemon/other/official-artwork/shiny/10187.png);
INSERT INTO pokemon.base_stats (base_hp, base_attack, base_defense, base_special_attack, base_special_defense, base_speed, fk_generation, fk_form)
VALUES (58, 95, 58, 70, 58, 97, 8, 1087);
INSERT INTO pokemon.form_has_type_per_generation (fk_form, fk_type, fk_generation, is_primary)
VALUES (1087, 13, 8, True);
INSERT INTO pokemon.form_has_type_per_generation (fk_form, fk_type, fk_generation, is_primary)
VALUES (1087, 17, 8, False);

INSERT INTO pokemon.pokemon_species (name, pokedex_index, is_baby, is_legendary, is_mythical, evolves_from)
VALUES ('cufant', 878, False, False, False, None);
INSERT INTO pokemon.form (name, is_default, fk_pokemon_species, height, weight, legacy_cry, latest_cry, artwork, shiny_artwork)
VALUES ('cufant', True, 858, 12, 1000, None, https://raw.githubusercontent.com/PokeAPI/cries/main/cries/pokemon/latest/878.ogg, https://raw.githubusercontent.com/PokeAPI/sprites/master/sprites/pokemon/other/official-artwork/878.png, https://raw.githubusercontent.com/PokeAPI/sprites/master/sprites/pokemon/other/official-artwork/shiny/878.png);
INSERT INTO pokemon.base_stats (base_hp, base_attack, base_defense, base_special_attack, base_special_defense, base_speed, fk_generation, fk_form)
VALUES (72, 80, 49, 40, 49, 40, 8, 1088);
INSERT INTO pokemon.form_has_type_per_generation (fk_form, fk_type, fk_generation, is_primary)
VALUES (1088, 9, 8, True);

INSERT INTO pokemon.pokemon_species (name, pokedex_index, is_baby, is_legendary, is_mythical, evolves_from)
VALUES ('dracozolt', 880, False, False, False, None);
INSERT INTO pokemon.form (name, is_default, fk_pokemon_species, height, weight, legacy_cry, latest_cry, artwork, shiny_artwork)
VALUES ('dracozolt', True, 859, 18, 1900, None, https://raw.githubusercontent.com/PokeAPI/cries/main/cries/pokemon/latest/880.ogg, https://raw.githubusercontent.com/PokeAPI/sprites/master/sprites/pokemon/other/official-artwork/880.png, https://raw.githubusercontent.com/PokeAPI/sprites/master/sprites/pokemon/other/official-artwork/shiny/880.png);
INSERT INTO pokemon.base_stats (base_hp, base_attack, base_defense, base_special_attack, base_special_defense, base_speed, fk_generation, fk_form)
VALUES (90, 100, 90, 80, 70, 75, 8, 1089);
INSERT INTO pokemon.form_has_type_per_generation (fk_form, fk_type, fk_generation, is_primary)
VALUES (1089, 13, 8, True);
INSERT INTO pokemon.form_has_type_per_generation (fk_form, fk_type, fk_generation, is_primary)
VALUES (1089, 16, 8, False);

INSERT INTO pokemon.pokemon_species (name, pokedex_index, is_baby, is_legendary, is_mythical, evolves_from)
VALUES ('arctozolt', 881, False, False, False, None);
INSERT INTO pokemon.form (name, is_default, fk_pokemon_species, height, weight, legacy_cry, latest_cry, artwork, shiny_artwork)
VALUES ('arctozolt', True, 860, 23, 1500, None, https://raw.githubusercontent.com/PokeAPI/cries/main/cries/pokemon/latest/881.ogg, https://raw.githubusercontent.com/PokeAPI/sprites/master/sprites/pokemon/other/official-artwork/881.png, https://raw.githubusercontent.com/PokeAPI/sprites/master/sprites/pokemon/other/official-artwork/shiny/881.png);
INSERT INTO pokemon.base_stats (base_hp, base_attack, base_defense, base_special_attack, base_special_defense, base_speed, fk_generation, fk_form)
VALUES (90, 100, 90, 90, 80, 55, 8, 1090);
INSERT INTO pokemon.form_has_type_per_generation (fk_form, fk_type, fk_generation, is_primary)
VALUES (1090, 13, 8, True);
INSERT INTO pokemon.form_has_type_per_generation (fk_form, fk_type, fk_generation, is_primary)
VALUES (1090, 15, 8, False);

INSERT INTO pokemon.pokemon_species (name, pokedex_index, is_baby, is_legendary, is_mythical, evolves_from)
VALUES ('dracovish', 882, False, False, False, None);
INSERT INTO pokemon.form (name, is_default, fk_pokemon_species, height, weight, legacy_cry, latest_cry, artwork, shiny_artwork)
VALUES ('dracovish', True, 861, 23, 2150, None, https://raw.githubusercontent.com/PokeAPI/cries/main/cries/pokemon/latest/882.ogg, https://raw.githubusercontent.com/PokeAPI/sprites/master/sprites/pokemon/other/official-artwork/882.png, https://raw.githubusercontent.com/PokeAPI/sprites/master/sprites/pokemon/other/official-artwork/shiny/882.png);
INSERT INTO pokemon.base_stats (base_hp, base_attack, base_defense, base_special_attack, base_special_defense, base_speed, fk_generation, fk_form)
VALUES (90, 90, 100, 70, 80, 75, 8, 1091);
INSERT INTO pokemon.form_has_type_per_generation (fk_form, fk_type, fk_generation, is_primary)
VALUES (1091, 11, 8, True);
INSERT INTO pokemon.form_has_type_per_generation (fk_form, fk_type, fk_generation, is_primary)
VALUES (1091, 16, 8, False);

INSERT INTO pokemon.pokemon_species (name, pokedex_index, is_baby, is_legendary, is_mythical, evolves_from)
VALUES ('arctovish', 883, False, False, False, None);
INSERT INTO pokemon.form (name, is_default, fk_pokemon_species, height, weight, legacy_cry, latest_cry, artwork, shiny_artwork)
VALUES ('arctovish', True, 862, 20, 1750, None, https://raw.githubusercontent.com/PokeAPI/cries/main/cries/pokemon/latest/883.ogg, https://raw.githubusercontent.com/PokeAPI/sprites/master/sprites/pokemon/other/official-artwork/883.png, https://raw.githubusercontent.com/PokeAPI/sprites/master/sprites/pokemon/other/official-artwork/shiny/883.png);
INSERT INTO pokemon.base_stats (base_hp, base_attack, base_defense, base_special_attack, base_special_defense, base_speed, fk_generation, fk_form)
VALUES (90, 90, 100, 80, 90, 55, 8, 1092);
INSERT INTO pokemon.form_has_type_per_generation (fk_form, fk_type, fk_generation, is_primary)
VALUES (1092, 11, 8, True);
INSERT INTO pokemon.form_has_type_per_generation (fk_form, fk_type, fk_generation, is_primary)
VALUES (1092, 15, 8, False);

INSERT INTO pokemon.pokemon_species (name, pokedex_index, is_baby, is_legendary, is_mythical, evolves_from)
VALUES ('duraludon', 884, False, False, False, None);
INSERT INTO pokemon.form (name, is_default, fk_pokemon_species, height, weight, legacy_cry, latest_cry, artwork, shiny_artwork)
VALUES ('duraludon', True, 863, 18, 400, None, https://raw.githubusercontent.com/PokeAPI/cries/main/cries/pokemon/latest/884.ogg, https://raw.githubusercontent.com/PokeAPI/sprites/master/sprites/pokemon/other/official-artwork/884.png, https://raw.githubusercontent.com/PokeAPI/sprites/master/sprites/pokemon/other/official-artwork/shiny/884.png);
INSERT INTO pokemon.base_stats (base_hp, base_attack, base_defense, base_special_attack, base_special_defense, base_speed, fk_generation, fk_form)
VALUES (70, 95, 115, 120, 50, 85, 8, 1093);
INSERT INTO pokemon.form_has_type_per_generation (fk_form, fk_type, fk_generation, is_primary)
VALUES (1093, 9, 8, True);
INSERT INTO pokemon.form_has_type_per_generation (fk_form, fk_type, fk_generation, is_primary)
VALUES (1093, 16, 8, False);

INSERT INTO pokemon.form (name, is_default, fk_pokemon_species, height, weight, legacy_cry, latest_cry, artwork, shiny_artwork)
VALUES ('duraludon-gmax', False, 863, 430, 10000, None, https://raw.githubusercontent.com/PokeAPI/cries/main/cries/pokemon/latest/10225.ogg, https://raw.githubusercontent.com/PokeAPI/sprites/master/sprites/pokemon/other/official-artwork/10225.png, https://raw.githubusercontent.com/PokeAPI/sprites/master/sprites/pokemon/other/official-artwork/shiny/10225.png);
INSERT INTO pokemon.base_stats (base_hp, base_attack, base_defense, base_special_attack, base_special_defense, base_speed, fk_generation, fk_form)
VALUES (70, 95, 115, 120, 50, 85, 8, 1094);
INSERT INTO pokemon.form_has_type_per_generation (fk_form, fk_type, fk_generation, is_primary)
VALUES (1094, 9, 8, True);
INSERT INTO pokemon.form_has_type_per_generation (fk_form, fk_type, fk_generation, is_primary)
VALUES (1094, 16, 8, False);

INSERT INTO pokemon.pokemon_species (name, pokedex_index, is_baby, is_legendary, is_mythical, evolves_from)
VALUES ('dreepy', 885, False, False, False, None);
INSERT INTO pokemon.form (name, is_default, fk_pokemon_species, height, weight, legacy_cry, latest_cry, artwork, shiny_artwork)
VALUES ('dreepy', True, 864, 5, 20, None, https://raw.githubusercontent.com/PokeAPI/cries/main/cries/pokemon/latest/885.ogg, https://raw.githubusercontent.com/PokeAPI/sprites/master/sprites/pokemon/other/official-artwork/885.png, https://raw.githubusercontent.com/PokeAPI/sprites/master/sprites/pokemon/other/official-artwork/shiny/885.png);
INSERT INTO pokemon.base_stats (base_hp, base_attack, base_defense, base_special_attack, base_special_defense, base_speed, fk_generation, fk_form)
VALUES (28, 60, 30, 40, 30, 82, 8, 1095);
INSERT INTO pokemon.form_has_type_per_generation (fk_form, fk_type, fk_generation, is_primary)
VALUES (1095, 16, 8, True);
INSERT INTO pokemon.form_has_type_per_generation (fk_form, fk_type, fk_generation, is_primary)
VALUES (1095, 8, 8, False);

INSERT INTO pokemon.pokemon_species (name, pokedex_index, is_baby, is_legendary, is_mythical, evolves_from)
VALUES ('zacian', 888, False, True, False, None);
INSERT INTO pokemon.form (name, is_default, fk_pokemon_species, height, weight, legacy_cry, latest_cry, artwork, shiny_artwork)
VALUES ('zacian', True, 865, 28, 1100, None, https://raw.githubusercontent.com/PokeAPI/cries/main/cries/pokemon/latest/888.ogg, https://raw.githubusercontent.com/PokeAPI/sprites/master/sprites/pokemon/other/official-artwork/888.png, https://raw.githubusercontent.com/PokeAPI/sprites/master/sprites/pokemon/other/official-artwork/shiny/888.png);
INSERT INTO pokemon.base_stats (base_hp, base_attack, base_defense, base_special_attack, base_special_defense, base_speed, fk_generation, fk_form)
VALUES (92, 120, 115, 80, 115, 138, 8, 1096);
INSERT INTO pokemon.form_has_type_per_generation (fk_form, fk_type, fk_generation, is_primary)
VALUES (1096, 18, 8, True);

INSERT INTO pokemon.form (name, is_default, fk_pokemon_species, height, weight, legacy_cry, latest_cry, artwork, shiny_artwork)
VALUES ('zacian-crowned', False, 865, 28, 3550, None, https://raw.githubusercontent.com/PokeAPI/cries/main/cries/pokemon/latest/10188.ogg, https://raw.githubusercontent.com/PokeAPI/sprites/master/sprites/pokemon/other/official-artwork/10188.png, https://raw.githubusercontent.com/PokeAPI/sprites/master/sprites/pokemon/other/official-artwork/shiny/10188.png);
INSERT INTO pokemon.base_stats (base_hp, base_attack, base_defense, base_special_attack, base_special_defense, base_speed, fk_generation, fk_form)
VALUES (92, 150, 115, 80, 115, 148, 8, 1097);
INSERT INTO pokemon.form_has_type_per_generation (fk_form, fk_type, fk_generation, is_primary)
VALUES (1097, 18, 8, True);
INSERT INTO pokemon.form_has_type_per_generation (fk_form, fk_type, fk_generation, is_primary)
VALUES (1097, 9, 8, False);

INSERT INTO pokemon.pokemon_species (name, pokedex_index, is_baby, is_legendary, is_mythical, evolves_from)
VALUES ('zamazenta', 889, False, True, False, None);
INSERT INTO pokemon.form (name, is_default, fk_pokemon_species, height, weight, legacy_cry, latest_cry, artwork, shiny_artwork)
VALUES ('zamazenta', True, 866, 29, 2100, None, https://raw.githubusercontent.com/PokeAPI/cries/main/cries/pokemon/latest/889.ogg, https://raw.githubusercontent.com/PokeAPI/sprites/master/sprites/pokemon/other/official-artwork/889.png, https://raw.githubusercontent.com/PokeAPI/sprites/master/sprites/pokemon/other/official-artwork/shiny/889.png);
INSERT INTO pokemon.base_stats (base_hp, base_attack, base_defense, base_special_attack, base_special_defense, base_speed, fk_generation, fk_form)
VALUES (92, 120, 115, 80, 115, 138, 8, 1098);
INSERT INTO pokemon.form_has_type_per_generation (fk_form, fk_type, fk_generation, is_primary)
VALUES (1098, 2, 8, True);

INSERT INTO pokemon.form (name, is_default, fk_pokemon_species, height, weight, legacy_cry, latest_cry, artwork, shiny_artwork)
VALUES ('zamazenta-crowned', False, 866, 29, 7850, None, https://raw.githubusercontent.com/PokeAPI/cries/main/cries/pokemon/latest/10189.ogg, https://raw.githubusercontent.com/PokeAPI/sprites/master/sprites/pokemon/other/official-artwork/10189.png, https://raw.githubusercontent.com/PokeAPI/sprites/master/sprites/pokemon/other/official-artwork/shiny/10189.png);
INSERT INTO pokemon.base_stats (base_hp, base_attack, base_defense, base_special_attack, base_special_defense, base_speed, fk_generation, fk_form)
VALUES (92, 120, 140, 80, 140, 128, 8, 1099);
INSERT INTO pokemon.form_has_type_per_generation (fk_form, fk_type, fk_generation, is_primary)
VALUES (1099, 2, 8, True);
INSERT INTO pokemon.form_has_type_per_generation (fk_form, fk_type, fk_generation, is_primary)
VALUES (1099, 9, 8, False);

INSERT INTO pokemon.pokemon_species (name, pokedex_index, is_baby, is_legendary, is_mythical, evolves_from)
VALUES ('eternatus', 890, False, True, False, None);
INSERT INTO pokemon.form (name, is_default, fk_pokemon_species, height, weight, legacy_cry, latest_cry, artwork, shiny_artwork)
VALUES ('eternatus', True, 867, 200, 9500, None, https://raw.githubusercontent.com/PokeAPI/cries/main/cries/pokemon/latest/890.ogg, https://raw.githubusercontent.com/PokeAPI/sprites/master/sprites/pokemon/other/official-artwork/890.png, https://raw.githubusercontent.com/PokeAPI/sprites/master/sprites/pokemon/other/official-artwork/shiny/890.png);
INSERT INTO pokemon.base_stats (base_hp, base_attack, base_defense, base_special_attack, base_special_defense, base_speed, fk_generation, fk_form)
VALUES (140, 85, 95, 145, 95, 130, 8, 1100);
INSERT INTO pokemon.form_has_type_per_generation (fk_form, fk_type, fk_generation, is_primary)
VALUES (1100, 4, 8, True);
INSERT INTO pokemon.form_has_type_per_generation (fk_form, fk_type, fk_generation, is_primary)
VALUES (1100, 16, 8, False);

INSERT INTO pokemon.form (name, is_default, fk_pokemon_species, height, weight, legacy_cry, latest_cry, artwork, shiny_artwork)
VALUES ('eternatus-eternamax', False, 867, 1000, 0, None, https://raw.githubusercontent.com/PokeAPI/cries/main/cries/pokemon/latest/10190.ogg, https://raw.githubusercontent.com/PokeAPI/sprites/master/sprites/pokemon/other/official-artwork/10190.png, https://raw.githubusercontent.com/PokeAPI/sprites/master/sprites/pokemon/other/official-artwork/shiny/10190.png);
INSERT INTO pokemon.base_stats (base_hp, base_attack, base_defense, base_special_attack, base_special_defense, base_speed, fk_generation, fk_form)
VALUES (255, 115, 250, 125, 250, 130, 8, 1101);
INSERT INTO pokemon.form_has_type_per_generation (fk_form, fk_type, fk_generation, is_primary)
VALUES (1101, 4, 8, True);
INSERT INTO pokemon.form_has_type_per_generation (fk_form, fk_type, fk_generation, is_primary)
VALUES (1101, 16, 8, False);

INSERT INTO pokemon.pokemon_species (name, pokedex_index, is_baby, is_legendary, is_mythical, evolves_from)
VALUES ('kubfu', 891, False, True, False, None);
INSERT INTO pokemon.form (name, is_default, fk_pokemon_species, height, weight, legacy_cry, latest_cry, artwork, shiny_artwork)
VALUES ('kubfu', True, 868, 6, 120, None, https://raw.githubusercontent.com/PokeAPI/cries/main/cries/pokemon/latest/891.ogg, https://raw.githubusercontent.com/PokeAPI/sprites/master/sprites/pokemon/other/official-artwork/891.png, https://raw.githubusercontent.com/PokeAPI/sprites/master/sprites/pokemon/other/official-artwork/shiny/891.png);
INSERT INTO pokemon.base_stats (base_hp, base_attack, base_defense, base_special_attack, base_special_defense, base_speed, fk_generation, fk_form)
VALUES (60, 90, 60, 53, 50, 72, 8, 1102);
INSERT INTO pokemon.form_has_type_per_generation (fk_form, fk_type, fk_generation, is_primary)
VALUES (1102, 2, 8, True);

INSERT INTO pokemon.pokemon_species (name, pokedex_index, is_baby, is_legendary, is_mythical, evolves_from)
VALUES ('zarude', 893, False, False, True, None);
INSERT INTO pokemon.form (name, is_default, fk_pokemon_species, height, weight, legacy_cry, latest_cry, artwork, shiny_artwork)
VALUES ('zarude', True, 869, 18, 700, None, https://raw.githubusercontent.com/PokeAPI/cries/main/cries/pokemon/latest/893.ogg, https://raw.githubusercontent.com/PokeAPI/sprites/master/sprites/pokemon/other/official-artwork/893.png, https://raw.githubusercontent.com/PokeAPI/sprites/master/sprites/pokemon/other/official-artwork/shiny/893.png);
INSERT INTO pokemon.base_stats (base_hp, base_attack, base_defense, base_special_attack, base_special_defense, base_speed, fk_generation, fk_form)
VALUES (105, 120, 105, 70, 95, 105, 8, 1103);
INSERT INTO pokemon.form_has_type_per_generation (fk_form, fk_type, fk_generation, is_primary)
VALUES (1103, 17, 8, True);
INSERT INTO pokemon.form_has_type_per_generation (fk_form, fk_type, fk_generation, is_primary)
VALUES (1103, 12, 8, False);

INSERT INTO pokemon.form (name, is_default, fk_pokemon_species, height, weight, legacy_cry, latest_cry, artwork, shiny_artwork)
VALUES ('zarude-dada', False, 869, 18, 700, None, https://raw.githubusercontent.com/PokeAPI/cries/main/cries/pokemon/latest/10192.ogg, https://raw.githubusercontent.com/PokeAPI/sprites/master/sprites/pokemon/other/official-artwork/10192.png, None);
INSERT INTO pokemon.base_stats (base_hp, base_attack, base_defense, base_special_attack, base_special_defense, base_speed, fk_generation, fk_form)
VALUES (105, 120, 105, 70, 95, 105, 8, 1104);
INSERT INTO pokemon.form_has_type_per_generation (fk_form, fk_type, fk_generation, is_primary)
VALUES (1104, 17, 8, True);
INSERT INTO pokemon.form_has_type_per_generation (fk_form, fk_type, fk_generation, is_primary)
VALUES (1104, 12, 8, False);

INSERT INTO pokemon.pokemon_species (name, pokedex_index, is_baby, is_legendary, is_mythical, evolves_from)
VALUES ('regieleki', 894, False, True, False, None);
INSERT INTO pokemon.form (name, is_default, fk_pokemon_species, height, weight, legacy_cry, latest_cry, artwork, shiny_artwork)
VALUES ('regieleki', True, 870, 12, 1450, None, https://raw.githubusercontent.com/PokeAPI/cries/main/cries/pokemon/latest/894.ogg, https://raw.githubusercontent.com/PokeAPI/sprites/master/sprites/pokemon/other/official-artwork/894.png, https://raw.githubusercontent.com/PokeAPI/sprites/master/sprites/pokemon/other/official-artwork/shiny/894.png);
INSERT INTO pokemon.base_stats (base_hp, base_attack, base_defense, base_special_attack, base_special_defense, base_speed, fk_generation, fk_form)
VALUES (80, 100, 50, 100, 50, 200, 8, 1105);
INSERT INTO pokemon.form_has_type_per_generation (fk_form, fk_type, fk_generation, is_primary)
VALUES (1105, 13, 8, True);

INSERT INTO pokemon.pokemon_species (name, pokedex_index, is_baby, is_legendary, is_mythical, evolves_from)
VALUES ('regidrago', 895, False, True, False, None);
INSERT INTO pokemon.form (name, is_default, fk_pokemon_species, height, weight, legacy_cry, latest_cry, artwork, shiny_artwork)
VALUES ('regidrago', True, 871, 21, 2000, None, https://raw.githubusercontent.com/PokeAPI/cries/main/cries/pokemon/latest/895.ogg, https://raw.githubusercontent.com/PokeAPI/sprites/master/sprites/pokemon/other/official-artwork/895.png, https://raw.githubusercontent.com/PokeAPI/sprites/master/sprites/pokemon/other/official-artwork/shiny/895.png);
INSERT INTO pokemon.base_stats (base_hp, base_attack, base_defense, base_special_attack, base_special_defense, base_speed, fk_generation, fk_form)
VALUES (200, 100, 50, 100, 50, 80, 8, 1106);
INSERT INTO pokemon.form_has_type_per_generation (fk_form, fk_type, fk_generation, is_primary)
VALUES (1106, 16, 8, True);

INSERT INTO pokemon.pokemon_species (name, pokedex_index, is_baby, is_legendary, is_mythical, evolves_from)
VALUES ('glastrier', 896, False, True, False, None);
INSERT INTO pokemon.form (name, is_default, fk_pokemon_species, height, weight, legacy_cry, latest_cry, artwork, shiny_artwork)
VALUES ('glastrier', True, 872, 22, 8000, None, https://raw.githubusercontent.com/PokeAPI/cries/main/cries/pokemon/latest/896.ogg, https://raw.githubusercontent.com/PokeAPI/sprites/master/sprites/pokemon/other/official-artwork/896.png, https://raw.githubusercontent.com/PokeAPI/sprites/master/sprites/pokemon/other/official-artwork/shiny/896.png);
INSERT INTO pokemon.base_stats (base_hp, base_attack, base_defense, base_special_attack, base_special_defense, base_speed, fk_generation, fk_form)
VALUES (100, 145, 130, 65, 110, 30, 8, 1107);
INSERT INTO pokemon.form_has_type_per_generation (fk_form, fk_type, fk_generation, is_primary)
VALUES (1107, 15, 8, True);

INSERT INTO pokemon.pokemon_species (name, pokedex_index, is_baby, is_legendary, is_mythical, evolves_from)
VALUES ('spectrier', 897, False, True, False, None);
INSERT INTO pokemon.form (name, is_default, fk_pokemon_species, height, weight, legacy_cry, latest_cry, artwork, shiny_artwork)
VALUES ('spectrier', True, 873, 20, 445, None, https://raw.githubusercontent.com/PokeAPI/cries/main/cries/pokemon/latest/897.ogg, https://raw.githubusercontent.com/PokeAPI/sprites/master/sprites/pokemon/other/official-artwork/897.png, https://raw.githubusercontent.com/PokeAPI/sprites/master/sprites/pokemon/other/official-artwork/shiny/897.png);
INSERT INTO pokemon.base_stats (base_hp, base_attack, base_defense, base_special_attack, base_special_defense, base_speed, fk_generation, fk_form)
VALUES (100, 65, 60, 145, 80, 130, 8, 1108);
INSERT INTO pokemon.form_has_type_per_generation (fk_form, fk_type, fk_generation, is_primary)
VALUES (1108, 8, 8, True);

INSERT INTO pokemon.pokemon_species (name, pokedex_index, is_baby, is_legendary, is_mythical, evolves_from)
VALUES ('calyrex', 898, False, True, False, None);
INSERT INTO pokemon.form (name, is_default, fk_pokemon_species, height, weight, legacy_cry, latest_cry, artwork, shiny_artwork)
VALUES ('calyrex', True, 874, 11, 77, None, https://raw.githubusercontent.com/PokeAPI/cries/main/cries/pokemon/latest/898.ogg, https://raw.githubusercontent.com/PokeAPI/sprites/master/sprites/pokemon/other/official-artwork/898.png, https://raw.githubusercontent.com/PokeAPI/sprites/master/sprites/pokemon/other/official-artwork/shiny/898.png);
INSERT INTO pokemon.base_stats (base_hp, base_attack, base_defense, base_special_attack, base_special_defense, base_speed, fk_generation, fk_form)
VALUES (100, 80, 80, 80, 80, 80, 8, 1109);
INSERT INTO pokemon.form_has_type_per_generation (fk_form, fk_type, fk_generation, is_primary)
VALUES (1109, 14, 8, True);
INSERT INTO pokemon.form_has_type_per_generation (fk_form, fk_type, fk_generation, is_primary)
VALUES (1109, 12, 8, False);

INSERT INTO pokemon.form (name, is_default, fk_pokemon_species, height, weight, legacy_cry, latest_cry, artwork, shiny_artwork)
VALUES ('calyrex-ice', False, 874, 24, 8091, None, https://raw.githubusercontent.com/PokeAPI/cries/main/cries/pokemon/latest/10193.ogg, https://raw.githubusercontent.com/PokeAPI/sprites/master/sprites/pokemon/other/official-artwork/10193.png, https://raw.githubusercontent.com/PokeAPI/sprites/master/sprites/pokemon/other/official-artwork/shiny/10193.png);
INSERT INTO pokemon.base_stats (base_hp, base_attack, base_defense, base_special_attack, base_special_defense, base_speed, fk_generation, fk_form)
VALUES (100, 165, 150, 85, 130, 50, 8, 1110);
INSERT INTO pokemon.form_has_type_per_generation (fk_form, fk_type, fk_generation, is_primary)
VALUES (1110, 14, 8, True);
INSERT INTO pokemon.form_has_type_per_generation (fk_form, fk_type, fk_generation, is_primary)
VALUES (1110, 15, 8, False);

INSERT INTO pokemon.form (name, is_default, fk_pokemon_species, height, weight, legacy_cry, latest_cry, artwork, shiny_artwork)
VALUES ('calyrex-shadow', False, 874, 24, 536, None, https://raw.githubusercontent.com/PokeAPI/cries/main/cries/pokemon/latest/10194.ogg, https://raw.githubusercontent.com/PokeAPI/sprites/master/sprites/pokemon/other/official-artwork/10194.png, https://raw.githubusercontent.com/PokeAPI/sprites/master/sprites/pokemon/other/official-artwork/shiny/10194.png);
INSERT INTO pokemon.base_stats (base_hp, base_attack, base_defense, base_special_attack, base_special_defense, base_speed, fk_generation, fk_form)
VALUES (100, 85, 80, 165, 100, 150, 8, 1111);
INSERT INTO pokemon.form_has_type_per_generation (fk_form, fk_type, fk_generation, is_primary)
VALUES (1111, 14, 8, True);
INSERT INTO pokemon.form_has_type_per_generation (fk_form, fk_type, fk_generation, is_primary)
VALUES (1111, 8, 8, False);

INSERT INTO pokemon.pokemon_species (name, pokedex_index, is_baby, is_legendary, is_mythical, evolves_from)
VALUES ('enamorus', 905, False, True, False, None);
INSERT INTO pokemon.form (name, is_default, fk_pokemon_species, height, weight, legacy_cry, latest_cry, artwork, shiny_artwork)
VALUES ('enamorus-incarnate', False, 875, 16, 480, None, https://raw.githubusercontent.com/PokeAPI/cries/main/cries/pokemon/latest/905.ogg, https://raw.githubusercontent.com/PokeAPI/sprites/master/sprites/pokemon/other/official-artwork/905.png, https://raw.githubusercontent.com/PokeAPI/sprites/master/sprites/pokemon/other/official-artwork/shiny/905.png);
INSERT INTO pokemon.base_stats (base_hp, base_attack, base_defense, base_special_attack, base_special_defense, base_speed, fk_generation, fk_form)
VALUES (74, 115, 70, 135, 80, 106, 8, 1112);
INSERT INTO pokemon.form_has_type_per_generation (fk_form, fk_type, fk_generation, is_primary)
VALUES (1112, 18, 8, True);
INSERT INTO pokemon.form_has_type_per_generation (fk_form, fk_type, fk_generation, is_primary)
VALUES (1112, 3, 8, False);

INSERT INTO pokemon.form (name, is_default, fk_pokemon_species, height, weight, legacy_cry, latest_cry, artwork, shiny_artwork)
VALUES ('enamorus-therian', False, 875, 16, 480, None, https://raw.githubusercontent.com/PokeAPI/cries/main/cries/pokemon/latest/10249.ogg, https://raw.githubusercontent.com/PokeAPI/sprites/master/sprites/pokemon/other/official-artwork/10249.png, https://raw.githubusercontent.com/PokeAPI/sprites/master/sprites/pokemon/other/official-artwork/shiny/10249.png);
INSERT INTO pokemon.base_stats (base_hp, base_attack, base_defense, base_special_attack, base_special_defense, base_speed, fk_generation, fk_form)
VALUES (74, 115, 110, 135, 100, 46, 8, 1113);
INSERT INTO pokemon.form_has_type_per_generation (fk_form, fk_type, fk_generation, is_primary)
VALUES (1113, 18, 8, True);
INSERT INTO pokemon.form_has_type_per_generation (fk_form, fk_type, fk_generation, is_primary)
VALUES (1113, 3, 8, False);

INSERT INTO pokemon.pokemon_species (name, pokedex_index, is_baby, is_legendary, is_mythical, evolves_from)
VALUES ('sandaconda', 844, False, False, False, silicobra);
INSERT INTO pokemon.form (name, is_default, fk_pokemon_species, height, weight, legacy_cry, latest_cry, artwork, shiny_artwork)
VALUES ('sandaconda', True, 876, 38, 655, None, https://raw.githubusercontent.com/PokeAPI/cries/main/cries/pokemon/latest/844.ogg, https://raw.githubusercontent.com/PokeAPI/sprites/master/sprites/pokemon/other/official-artwork/844.png, https://raw.githubusercontent.com/PokeAPI/sprites/master/sprites/pokemon/other/official-artwork/shiny/844.png);
INSERT INTO pokemon.base_stats (base_hp, base_attack, base_defense, base_special_attack, base_special_defense, base_speed, fk_generation, fk_form)
VALUES (72, 107, 125, 65, 70, 71, 8, 1114);
INSERT INTO pokemon.form_has_type_per_generation (fk_form, fk_type, fk_generation, is_primary)
VALUES (1114, 5, 8, True);

INSERT INTO pokemon.form (name, is_default, fk_pokemon_species, height, weight, legacy_cry, latest_cry, artwork, shiny_artwork)
VALUES ('sandaconda-gmax', False, 876, 220, 10000, None, https://raw.githubusercontent.com/PokeAPI/cries/main/cries/pokemon/latest/10218.ogg, https://raw.githubusercontent.com/PokeAPI/sprites/master/sprites/pokemon/other/official-artwork/10218.png, https://raw.githubusercontent.com/PokeAPI/sprites/master/sprites/pokemon/other/official-artwork/shiny/10218.png);
INSERT INTO pokemon.base_stats (base_hp, base_attack, base_defense, base_special_attack, base_special_defense, base_speed, fk_generation, fk_form)
VALUES (72, 107, 125, 65, 70, 71, 8, 1115);
INSERT INTO pokemon.form_has_type_per_generation (fk_form, fk_type, fk_generation, is_primary)
VALUES (1115, 5, 8, True);

INSERT INTO pokemon.pokemon_species (name, pokedex_index, is_baby, is_legendary, is_mythical, evolves_from)
VALUES ('barraskewda', 847, False, False, False, arrokuda);
INSERT INTO pokemon.form (name, is_default, fk_pokemon_species, height, weight, legacy_cry, latest_cry, artwork, shiny_artwork)
VALUES ('barraskewda', True, 877, 13, 300, None, https://raw.githubusercontent.com/PokeAPI/cries/main/cries/pokemon/latest/847.ogg, https://raw.githubusercontent.com/PokeAPI/sprites/master/sprites/pokemon/other/official-artwork/847.png, https://raw.githubusercontent.com/PokeAPI/sprites/master/sprites/pokemon/other/official-artwork/shiny/847.png);
INSERT INTO pokemon.base_stats (base_hp, base_attack, base_defense, base_special_attack, base_special_defense, base_speed, fk_generation, fk_form)
VALUES (61, 123, 60, 60, 50, 136, 8, 1116);
INSERT INTO pokemon.form_has_type_per_generation (fk_form, fk_type, fk_generation, is_primary)
VALUES (1116, 11, 8, True);

INSERT INTO pokemon.pokemon_species (name, pokedex_index, is_baby, is_legendary, is_mythical, evolves_from)
VALUES ('toxtricity', 849, False, False, False, toxel);
INSERT INTO pokemon.form (name, is_default, fk_pokemon_species, height, weight, legacy_cry, latest_cry, artwork, shiny_artwork)
VALUES ('toxtricity-amped', False, 878, 16, 400, None, https://raw.githubusercontent.com/PokeAPI/cries/main/cries/pokemon/latest/849.ogg, https://raw.githubusercontent.com/PokeAPI/sprites/master/sprites/pokemon/other/official-artwork/849.png, https://raw.githubusercontent.com/PokeAPI/sprites/master/sprites/pokemon/other/official-artwork/shiny/849.png);
INSERT INTO pokemon.base_stats (base_hp, base_attack, base_defense, base_special_attack, base_special_defense, base_speed, fk_generation, fk_form)
VALUES (75, 98, 70, 114, 70, 75, 8, 1117);
INSERT INTO pokemon.form_has_type_per_generation (fk_form, fk_type, fk_generation, is_primary)
VALUES (1117, 13, 8, True);
INSERT INTO pokemon.form_has_type_per_generation (fk_form, fk_type, fk_generation, is_primary)
VALUES (1117, 4, 8, False);

INSERT INTO pokemon.form (name, is_default, fk_pokemon_species, height, weight, legacy_cry, latest_cry, artwork, shiny_artwork)
VALUES ('toxtricity-low-key', False, 878, 16, 400, None, https://raw.githubusercontent.com/PokeAPI/cries/main/cries/pokemon/latest/10184.ogg, https://raw.githubusercontent.com/PokeAPI/sprites/master/sprites/pokemon/other/official-artwork/10184.png, https://raw.githubusercontent.com/PokeAPI/sprites/master/sprites/pokemon/other/official-artwork/shiny/10184.png);
INSERT INTO pokemon.base_stats (base_hp, base_attack, base_defense, base_special_attack, base_special_defense, base_speed, fk_generation, fk_form)
VALUES (75, 98, 70, 114, 70, 75, 8, 1118);
INSERT INTO pokemon.form_has_type_per_generation (fk_form, fk_type, fk_generation, is_primary)
VALUES (1118, 13, 8, True);
INSERT INTO pokemon.form_has_type_per_generation (fk_form, fk_type, fk_generation, is_primary)
VALUES (1118, 4, 8, False);

INSERT INTO pokemon.form (name, is_default, fk_pokemon_species, height, weight, legacy_cry, latest_cry, artwork, shiny_artwork)
VALUES ('toxtricity-amped-gmax', False, 878, 240, 10000, None, https://raw.githubusercontent.com/PokeAPI/cries/main/cries/pokemon/latest/10219.ogg, https://raw.githubusercontent.com/PokeAPI/sprites/master/sprites/pokemon/other/official-artwork/10219.png, https://raw.githubusercontent.com/PokeAPI/sprites/master/sprites/pokemon/other/official-artwork/shiny/10219.png);
INSERT INTO pokemon.base_stats (base_hp, base_attack, base_defense, base_special_attack, base_special_defense, base_speed, fk_generation, fk_form)
VALUES (75, 98, 70, 114, 70, 75, 8, 1119);
INSERT INTO pokemon.form_has_type_per_generation (fk_form, fk_type, fk_generation, is_primary)
VALUES (1119, 13, 8, True);
INSERT INTO pokemon.form_has_type_per_generation (fk_form, fk_type, fk_generation, is_primary)
VALUES (1119, 4, 8, False);

INSERT INTO pokemon.form (name, is_default, fk_pokemon_species, height, weight, legacy_cry, latest_cry, artwork, shiny_artwork)
VALUES ('toxtricity-low-key-gmax', False, 878, 240, 10000, None, https://raw.githubusercontent.com/PokeAPI/cries/main/cries/pokemon/latest/10228.ogg, https://raw.githubusercontent.com/PokeAPI/sprites/master/sprites/pokemon/other/official-artwork/10228.png, https://raw.githubusercontent.com/PokeAPI/sprites/master/sprites/pokemon/other/official-artwork/shiny/10228.png);
INSERT INTO pokemon.base_stats (base_hp, base_attack, base_defense, base_special_attack, base_special_defense, base_speed, fk_generation, fk_form)
VALUES (75, 98, 70, 114, 70, 75, 8, 1120);
INSERT INTO pokemon.form_has_type_per_generation (fk_form, fk_type, fk_generation, is_primary)
VALUES (1120, 13, 8, True);
INSERT INTO pokemon.form_has_type_per_generation (fk_form, fk_type, fk_generation, is_primary)
VALUES (1120, 4, 8, False);

INSERT INTO pokemon.pokemon_species (name, pokedex_index, is_baby, is_legendary, is_mythical, evolves_from)
VALUES ('centiskorch', 851, False, False, False, sizzlipede);
INSERT INTO pokemon.form (name, is_default, fk_pokemon_species, height, weight, legacy_cry, latest_cry, artwork, shiny_artwork)
VALUES ('centiskorch', True, 879, 30, 1200, None, https://raw.githubusercontent.com/PokeAPI/cries/main/cries/pokemon/latest/851.ogg, https://raw.githubusercontent.com/PokeAPI/sprites/master/sprites/pokemon/other/official-artwork/851.png, https://raw.githubusercontent.com/PokeAPI/sprites/master/sprites/pokemon/other/official-artwork/shiny/851.png);
INSERT INTO pokemon.base_stats (base_hp, base_attack, base_defense, base_special_attack, base_special_defense, base_speed, fk_generation, fk_form)
VALUES (100, 115, 65, 90, 90, 65, 8, 1121);
INSERT INTO pokemon.form_has_type_per_generation (fk_form, fk_type, fk_generation, is_primary)
VALUES (1121, 10, 8, True);
INSERT INTO pokemon.form_has_type_per_generation (fk_form, fk_type, fk_generation, is_primary)
VALUES (1121, 7, 8, False);

INSERT INTO pokemon.form (name, is_default, fk_pokemon_species, height, weight, legacy_cry, latest_cry, artwork, shiny_artwork)
VALUES ('centiskorch-gmax', False, 879, 750, 10000, None, https://raw.githubusercontent.com/PokeAPI/cries/main/cries/pokemon/latest/10220.ogg, https://raw.githubusercontent.com/PokeAPI/sprites/master/sprites/pokemon/other/official-artwork/10220.png, https://raw.githubusercontent.com/PokeAPI/sprites/master/sprites/pokemon/other/official-artwork/shiny/10220.png);
INSERT INTO pokemon.base_stats (base_hp, base_attack, base_defense, base_special_attack, base_special_defense, base_speed, fk_generation, fk_form)
VALUES (100, 115, 65, 90, 90, 65, 8, 1122);
INSERT INTO pokemon.form_has_type_per_generation (fk_form, fk_type, fk_generation, is_primary)
VALUES (1122, 10, 8, True);
INSERT INTO pokemon.form_has_type_per_generation (fk_form, fk_type, fk_generation, is_primary)
VALUES (1122, 7, 8, False);

INSERT INTO pokemon.pokemon_species (name, pokedex_index, is_baby, is_legendary, is_mythical, evolves_from)
VALUES ('grapploct', 853, False, False, False, clobbopus);
INSERT INTO pokemon.form (name, is_default, fk_pokemon_species, height, weight, legacy_cry, latest_cry, artwork, shiny_artwork)
VALUES ('grapploct', True, 880, 16, 390, None, https://raw.githubusercontent.com/PokeAPI/cries/main/cries/pokemon/latest/853.ogg, https://raw.githubusercontent.com/PokeAPI/sprites/master/sprites/pokemon/other/official-artwork/853.png, https://raw.githubusercontent.com/PokeAPI/sprites/master/sprites/pokemon/other/official-artwork/shiny/853.png);
INSERT INTO pokemon.base_stats (base_hp, base_attack, base_defense, base_special_attack, base_special_defense, base_speed, fk_generation, fk_form)
VALUES (80, 118, 90, 70, 80, 42, 8, 1123);
INSERT INTO pokemon.form_has_type_per_generation (fk_form, fk_type, fk_generation, is_primary)
VALUES (1123, 2, 8, True);

INSERT INTO pokemon.pokemon_species (name, pokedex_index, is_baby, is_legendary, is_mythical, evolves_from)
VALUES ('polteageist', 855, False, False, False, sinistea);
INSERT INTO pokemon.form (name, is_default, fk_pokemon_species, height, weight, legacy_cry, latest_cry, artwork, shiny_artwork)
VALUES ('polteageist', True, 881, 2, 4, None, https://raw.githubusercontent.com/PokeAPI/cries/main/cries/pokemon/latest/855.ogg, https://raw.githubusercontent.com/PokeAPI/sprites/master/sprites/pokemon/other/official-artwork/855.png, https://raw.githubusercontent.com/PokeAPI/sprites/master/sprites/pokemon/other/official-artwork/shiny/855.png);
INSERT INTO pokemon.base_stats (base_hp, base_attack, base_defense, base_special_attack, base_special_defense, base_speed, fk_generation, fk_form)
VALUES (60, 65, 65, 134, 114, 70, 8, 1124);
INSERT INTO pokemon.form_has_type_per_generation (fk_form, fk_type, fk_generation, is_primary)
VALUES (1124, 8, 8, True);

INSERT INTO pokemon.pokemon_species (name, pokedex_index, is_baby, is_legendary, is_mythical, evolves_from)
VALUES ('hattrem', 857, False, False, False, hatenna);
INSERT INTO pokemon.form (name, is_default, fk_pokemon_species, height, weight, legacy_cry, latest_cry, artwork, shiny_artwork)
VALUES ('hattrem', True, 882, 6, 48, None, https://raw.githubusercontent.com/PokeAPI/cries/main/cries/pokemon/latest/857.ogg, https://raw.githubusercontent.com/PokeAPI/sprites/master/sprites/pokemon/other/official-artwork/857.png, https://raw.githubusercontent.com/PokeAPI/sprites/master/sprites/pokemon/other/official-artwork/shiny/857.png);
INSERT INTO pokemon.base_stats (base_hp, base_attack, base_defense, base_special_attack, base_special_defense, base_speed, fk_generation, fk_form)
VALUES (57, 40, 65, 86, 73, 49, 8, 1125);
INSERT INTO pokemon.form_has_type_per_generation (fk_form, fk_type, fk_generation, is_primary)
VALUES (1125, 14, 8, True);

INSERT INTO pokemon.pokemon_species (name, pokedex_index, is_baby, is_legendary, is_mythical, evolves_from)
VALUES ('hatterene', 858, False, False, False, hattrem);
INSERT INTO pokemon.form (name, is_default, fk_pokemon_species, height, weight, legacy_cry, latest_cry, artwork, shiny_artwork)
VALUES ('hatterene', True, 883, 21, 51, None, https://raw.githubusercontent.com/PokeAPI/cries/main/cries/pokemon/latest/858.ogg, https://raw.githubusercontent.com/PokeAPI/sprites/master/sprites/pokemon/other/official-artwork/858.png, https://raw.githubusercontent.com/PokeAPI/sprites/master/sprites/pokemon/other/official-artwork/shiny/858.png);
INSERT INTO pokemon.base_stats (base_hp, base_attack, base_defense, base_special_attack, base_special_defense, base_speed, fk_generation, fk_form)
VALUES (57, 90, 95, 136, 103, 29, 8, 1126);
INSERT INTO pokemon.form_has_type_per_generation (fk_form, fk_type, fk_generation, is_primary)
VALUES (1126, 14, 8, True);
INSERT INTO pokemon.form_has_type_per_generation (fk_form, fk_type, fk_generation, is_primary)
VALUES (1126, 18, 8, False);

INSERT INTO pokemon.form (name, is_default, fk_pokemon_species, height, weight, legacy_cry, latest_cry, artwork, shiny_artwork)
VALUES ('hatterene-gmax', False, 883, 260, 10000, None, https://raw.githubusercontent.com/PokeAPI/cries/main/cries/pokemon/latest/10221.ogg, https://raw.githubusercontent.com/PokeAPI/sprites/master/sprites/pokemon/other/official-artwork/10221.png, https://raw.githubusercontent.com/PokeAPI/sprites/master/sprites/pokemon/other/official-artwork/shiny/10221.png);
INSERT INTO pokemon.base_stats (base_hp, base_attack, base_defense, base_special_attack, base_special_defense, base_speed, fk_generation, fk_form)
VALUES (57, 90, 95, 136, 103, 29, 8, 1127);
INSERT INTO pokemon.form_has_type_per_generation (fk_form, fk_type, fk_generation, is_primary)
VALUES (1127, 14, 8, True);
INSERT INTO pokemon.form_has_type_per_generation (fk_form, fk_type, fk_generation, is_primary)
VALUES (1127, 18, 8, False);

INSERT INTO pokemon.pokemon_species (name, pokedex_index, is_baby, is_legendary, is_mythical, evolves_from)
VALUES ('morgrem', 860, False, False, False, impidimp);
INSERT INTO pokemon.form (name, is_default, fk_pokemon_species, height, weight, legacy_cry, latest_cry, artwork, shiny_artwork)
VALUES ('morgrem', True, 884, 8, 125, None, https://raw.githubusercontent.com/PokeAPI/cries/main/cries/pokemon/latest/860.ogg, https://raw.githubusercontent.com/PokeAPI/sprites/master/sprites/pokemon/other/official-artwork/860.png, https://raw.githubusercontent.com/PokeAPI/sprites/master/sprites/pokemon/other/official-artwork/shiny/860.png);
INSERT INTO pokemon.base_stats (base_hp, base_attack, base_defense, base_special_attack, base_special_defense, base_speed, fk_generation, fk_form)
VALUES (65, 60, 45, 75, 55, 70, 8, 1128);
INSERT INTO pokemon.form_has_type_per_generation (fk_form, fk_type, fk_generation, is_primary)
VALUES (1128, 17, 8, True);
INSERT INTO pokemon.form_has_type_per_generation (fk_form, fk_type, fk_generation, is_primary)
VALUES (1128, 18, 8, False);

INSERT INTO pokemon.pokemon_species (name, pokedex_index, is_baby, is_legendary, is_mythical, evolves_from)
VALUES ('obstagoon', 862, False, False, False, linoone);
INSERT INTO pokemon.form (name, is_default, fk_pokemon_species, height, weight, legacy_cry, latest_cry, artwork, shiny_artwork)
VALUES ('obstagoon', True, 885, 16, 460, None, https://raw.githubusercontent.com/PokeAPI/cries/main/cries/pokemon/latest/862.ogg, https://raw.githubusercontent.com/PokeAPI/sprites/master/sprites/pokemon/other/official-artwork/862.png, https://raw.githubusercontent.com/PokeAPI/sprites/master/sprites/pokemon/other/official-artwork/shiny/862.png);
INSERT INTO pokemon.base_stats (base_hp, base_attack, base_defense, base_special_attack, base_special_defense, base_speed, fk_generation, fk_form)
VALUES (93, 90, 101, 60, 81, 95, 8, 1129);
INSERT INTO pokemon.form_has_type_per_generation (fk_form, fk_type, fk_generation, is_primary)
VALUES (1129, 17, 8, True);
INSERT INTO pokemon.form_has_type_per_generation (fk_form, fk_type, fk_generation, is_primary)
VALUES (1129, 1, 8, False);

INSERT INTO pokemon.pokemon_species (name, pokedex_index, is_baby, is_legendary, is_mythical, evolves_from)
VALUES ('perrserker', 863, False, False, False, meowth);
INSERT INTO pokemon.form (name, is_default, fk_pokemon_species, height, weight, legacy_cry, latest_cry, artwork, shiny_artwork)
VALUES ('perrserker', True, 886, 8, 280, None, https://raw.githubusercontent.com/PokeAPI/cries/main/cries/pokemon/latest/863.ogg, https://raw.githubusercontent.com/PokeAPI/sprites/master/sprites/pokemon/other/official-artwork/863.png, https://raw.githubusercontent.com/PokeAPI/sprites/master/sprites/pokemon/other/official-artwork/shiny/863.png);
INSERT INTO pokemon.base_stats (base_hp, base_attack, base_defense, base_special_attack, base_special_defense, base_speed, fk_generation, fk_form)
VALUES (70, 110, 100, 50, 60, 50, 8, 1130);
INSERT INTO pokemon.form_has_type_per_generation (fk_form, fk_type, fk_generation, is_primary)
VALUES (1130, 9, 8, True);

INSERT INTO pokemon.pokemon_species (name, pokedex_index, is_baby, is_legendary, is_mythical, evolves_from)
VALUES ('cursola', 864, False, False, False, corsola);
INSERT INTO pokemon.form (name, is_default, fk_pokemon_species, height, weight, legacy_cry, latest_cry, artwork, shiny_artwork)
VALUES ('cursola', True, 887, 10, 4, None, https://raw.githubusercontent.com/PokeAPI/cries/main/cries/pokemon/latest/864.ogg, https://raw.githubusercontent.com/PokeAPI/sprites/master/sprites/pokemon/other/official-artwork/864.png, https://raw.githubusercontent.com/PokeAPI/sprites/master/sprites/pokemon/other/official-artwork/shiny/864.png);
INSERT INTO pokemon.base_stats (base_hp, base_attack, base_defense, base_special_attack, base_special_defense, base_speed, fk_generation, fk_form)
VALUES (60, 95, 50, 145, 130, 30, 8, 1131);
INSERT INTO pokemon.form_has_type_per_generation (fk_form, fk_type, fk_generation, is_primary)
VALUES (1131, 8, 8, True);

INSERT INTO pokemon.pokemon_species (name, pokedex_index, is_baby, is_legendary, is_mythical, evolves_from)
VALUES ('sirfetchd', 865, False, False, False, farfetchd);
INSERT INTO pokemon.form (name, is_default, fk_pokemon_species, height, weight, legacy_cry, latest_cry, artwork, shiny_artwork)
VALUES ('sirfetchd', True, 888, 8, 1170, None, https://raw.githubusercontent.com/PokeAPI/cries/main/cries/pokemon/latest/865.ogg, https://raw.githubusercontent.com/PokeAPI/sprites/master/sprites/pokemon/other/official-artwork/865.png, https://raw.githubusercontent.com/PokeAPI/sprites/master/sprites/pokemon/other/official-artwork/shiny/865.png);
INSERT INTO pokemon.base_stats (base_hp, base_attack, base_defense, base_special_attack, base_special_defense, base_speed, fk_generation, fk_form)
VALUES (62, 135, 95, 68, 82, 65, 8, 1132);
INSERT INTO pokemon.form_has_type_per_generation (fk_form, fk_type, fk_generation, is_primary)
VALUES (1132, 2, 8, True);

INSERT INTO pokemon.pokemon_species (name, pokedex_index, is_baby, is_legendary, is_mythical, evolves_from)
VALUES ('mr-rime', 866, False, False, False, mr-mime);
INSERT INTO pokemon.form (name, is_default, fk_pokemon_species, height, weight, legacy_cry, latest_cry, artwork, shiny_artwork)
VALUES ('mr-rime', True, 889, 15, 582, None, https://raw.githubusercontent.com/PokeAPI/cries/main/cries/pokemon/latest/866.ogg, https://raw.githubusercontent.com/PokeAPI/sprites/master/sprites/pokemon/other/official-artwork/866.png, https://raw.githubusercontent.com/PokeAPI/sprites/master/sprites/pokemon/other/official-artwork/shiny/866.png);
INSERT INTO pokemon.base_stats (base_hp, base_attack, base_defense, base_special_attack, base_special_defense, base_speed, fk_generation, fk_form)
VALUES (80, 85, 75, 110, 100, 70, 8, 1133);
INSERT INTO pokemon.form_has_type_per_generation (fk_form, fk_type, fk_generation, is_primary)
VALUES (1133, 15, 8, True);
INSERT INTO pokemon.form_has_type_per_generation (fk_form, fk_type, fk_generation, is_primary)
VALUES (1133, 14, 8, False);

INSERT INTO pokemon.pokemon_species (name, pokedex_index, is_baby, is_legendary, is_mythical, evolves_from)
VALUES ('runerigus', 867, False, False, False, yamask);
INSERT INTO pokemon.form (name, is_default, fk_pokemon_species, height, weight, legacy_cry, latest_cry, artwork, shiny_artwork)
VALUES ('runerigus', True, 890, 16, 666, None, https://raw.githubusercontent.com/PokeAPI/cries/main/cries/pokemon/latest/867.ogg, https://raw.githubusercontent.com/PokeAPI/sprites/master/sprites/pokemon/other/official-artwork/867.png, https://raw.githubusercontent.com/PokeAPI/sprites/master/sprites/pokemon/other/official-artwork/shiny/867.png);
INSERT INTO pokemon.base_stats (base_hp, base_attack, base_defense, base_special_attack, base_special_defense, base_speed, fk_generation, fk_form)
VALUES (58, 95, 145, 50, 105, 30, 8, 1134);
INSERT INTO pokemon.form_has_type_per_generation (fk_form, fk_type, fk_generation, is_primary)
VALUES (1134, 5, 8, True);
INSERT INTO pokemon.form_has_type_per_generation (fk_form, fk_type, fk_generation, is_primary)
VALUES (1134, 8, 8, False);

INSERT INTO pokemon.pokemon_species (name, pokedex_index, is_baby, is_legendary, is_mythical, evolves_from)
VALUES ('alcremie', 869, False, False, False, milcery);
INSERT INTO pokemon.form (name, is_default, fk_pokemon_species, height, weight, legacy_cry, latest_cry, artwork, shiny_artwork)
VALUES ('alcremie', True, 891, 3, 5, None, https://raw.githubusercontent.com/PokeAPI/cries/main/cries/pokemon/latest/869.ogg, https://raw.githubusercontent.com/PokeAPI/sprites/master/sprites/pokemon/other/official-artwork/869.png, https://raw.githubusercontent.com/PokeAPI/sprites/master/sprites/pokemon/other/official-artwork/shiny/869.png);
INSERT INTO pokemon.base_stats (base_hp, base_attack, base_defense, base_special_attack, base_special_defense, base_speed, fk_generation, fk_form)
VALUES (65, 60, 75, 110, 121, 64, 8, 1135);
INSERT INTO pokemon.form_has_type_per_generation (fk_form, fk_type, fk_generation, is_primary)
VALUES (1135, 18, 8, True);

INSERT INTO pokemon.form (name, is_default, fk_pokemon_species, height, weight, legacy_cry, latest_cry, artwork, shiny_artwork)
VALUES ('alcremie-gmax', False, 891, 300, 10000, None, https://raw.githubusercontent.com/PokeAPI/cries/main/cries/pokemon/latest/10223.ogg, https://raw.githubusercontent.com/PokeAPI/sprites/master/sprites/pokemon/other/official-artwork/10223.png, https://raw.githubusercontent.com/PokeAPI/sprites/master/sprites/pokemon/other/official-artwork/shiny/10223.png);
INSERT INTO pokemon.base_stats (base_hp, base_attack, base_defense, base_special_attack, base_special_defense, base_speed, fk_generation, fk_form)
VALUES (65, 60, 75, 110, 121, 64, 8, 1136);
INSERT INTO pokemon.form_has_type_per_generation (fk_form, fk_type, fk_generation, is_primary)
VALUES (1136, 18, 8, True);

INSERT INTO pokemon.pokemon_species (name, pokedex_index, is_baby, is_legendary, is_mythical, evolves_from)
VALUES ('frosmoth', 873, False, False, False, snom);
INSERT INTO pokemon.form (name, is_default, fk_pokemon_species, height, weight, legacy_cry, latest_cry, artwork, shiny_artwork)
VALUES ('frosmoth', True, 892, 13, 420, None, https://raw.githubusercontent.com/PokeAPI/cries/main/cries/pokemon/latest/873.ogg, https://raw.githubusercontent.com/PokeAPI/sprites/master/sprites/pokemon/other/official-artwork/873.png, https://raw.githubusercontent.com/PokeAPI/sprites/master/sprites/pokemon/other/official-artwork/shiny/873.png);
INSERT INTO pokemon.base_stats (base_hp, base_attack, base_defense, base_special_attack, base_special_defense, base_speed, fk_generation, fk_form)
VALUES (70, 65, 60, 125, 90, 65, 8, 1137);
INSERT INTO pokemon.form_has_type_per_generation (fk_form, fk_type, fk_generation, is_primary)
VALUES (1137, 15, 8, True);
INSERT INTO pokemon.form_has_type_per_generation (fk_form, fk_type, fk_generation, is_primary)
VALUES (1137, 7, 8, False);

INSERT INTO pokemon.pokemon_species (name, pokedex_index, is_baby, is_legendary, is_mythical, evolves_from)
VALUES ('copperajah', 879, False, False, False, cufant);
INSERT INTO pokemon.form (name, is_default, fk_pokemon_species, height, weight, legacy_cry, latest_cry, artwork, shiny_artwork)
VALUES ('copperajah', True, 893, 30, 6500, None, https://raw.githubusercontent.com/PokeAPI/cries/main/cries/pokemon/latest/879.ogg, https://raw.githubusercontent.com/PokeAPI/sprites/master/sprites/pokemon/other/official-artwork/879.png, https://raw.githubusercontent.com/PokeAPI/sprites/master/sprites/pokemon/other/official-artwork/shiny/879.png);
INSERT INTO pokemon.base_stats (base_hp, base_attack, base_defense, base_special_attack, base_special_defense, base_speed, fk_generation, fk_form)
VALUES (122, 130, 69, 80, 69, 30, 8, 1138);
INSERT INTO pokemon.form_has_type_per_generation (fk_form, fk_type, fk_generation, is_primary)
VALUES (1138, 9, 8, True);

INSERT INTO pokemon.form (name, is_default, fk_pokemon_species, height, weight, legacy_cry, latest_cry, artwork, shiny_artwork)
VALUES ('copperajah-gmax', False, 893, 230, 10000, None, https://raw.githubusercontent.com/PokeAPI/cries/main/cries/pokemon/latest/10224.ogg, https://raw.githubusercontent.com/PokeAPI/sprites/master/sprites/pokemon/other/official-artwork/10224.png, https://raw.githubusercontent.com/PokeAPI/sprites/master/sprites/pokemon/other/official-artwork/shiny/10224.png);
INSERT INTO pokemon.base_stats (base_hp, base_attack, base_defense, base_special_attack, base_special_defense, base_speed, fk_generation, fk_form)
VALUES (122, 130, 69, 80, 69, 30, 8, 1139);
INSERT INTO pokemon.form_has_type_per_generation (fk_form, fk_type, fk_generation, is_primary)
VALUES (1139, 9, 8, True);

INSERT INTO pokemon.pokemon_species (name, pokedex_index, is_baby, is_legendary, is_mythical, evolves_from)
VALUES ('drakloak', 886, False, False, False, dreepy);
INSERT INTO pokemon.form (name, is_default, fk_pokemon_species, height, weight, legacy_cry, latest_cry, artwork, shiny_artwork)
VALUES ('drakloak', True, 894, 14, 110, None, https://raw.githubusercontent.com/PokeAPI/cries/main/cries/pokemon/latest/886.ogg, https://raw.githubusercontent.com/PokeAPI/sprites/master/sprites/pokemon/other/official-artwork/886.png, https://raw.githubusercontent.com/PokeAPI/sprites/master/sprites/pokemon/other/official-artwork/shiny/886.png);
INSERT INTO pokemon.base_stats (base_hp, base_attack, base_defense, base_special_attack, base_special_defense, base_speed, fk_generation, fk_form)
VALUES (68, 80, 50, 60, 50, 102, 8, 1140);
INSERT INTO pokemon.form_has_type_per_generation (fk_form, fk_type, fk_generation, is_primary)
VALUES (1140, 16, 8, True);
INSERT INTO pokemon.form_has_type_per_generation (fk_form, fk_type, fk_generation, is_primary)
VALUES (1140, 8, 8, False);

INSERT INTO pokemon.pokemon_species (name, pokedex_index, is_baby, is_legendary, is_mythical, evolves_from)
VALUES ('dragapult', 887, False, False, False, drakloak);
INSERT INTO pokemon.form (name, is_default, fk_pokemon_species, height, weight, legacy_cry, latest_cry, artwork, shiny_artwork)
VALUES ('dragapult', True, 895, 30, 500, None, https://raw.githubusercontent.com/PokeAPI/cries/main/cries/pokemon/latest/887.ogg, https://raw.githubusercontent.com/PokeAPI/sprites/master/sprites/pokemon/other/official-artwork/887.png, https://raw.githubusercontent.com/PokeAPI/sprites/master/sprites/pokemon/other/official-artwork/shiny/887.png);
INSERT INTO pokemon.base_stats (base_hp, base_attack, base_defense, base_special_attack, base_special_defense, base_speed, fk_generation, fk_form)
VALUES (88, 120, 75, 100, 75, 142, 8, 1141);
INSERT INTO pokemon.form_has_type_per_generation (fk_form, fk_type, fk_generation, is_primary)
VALUES (1141, 16, 8, True);
INSERT INTO pokemon.form_has_type_per_generation (fk_form, fk_type, fk_generation, is_primary)
VALUES (1141, 8, 8, False);

INSERT INTO pokemon.pokemon_species (name, pokedex_index, is_baby, is_legendary, is_mythical, evolves_from)
VALUES ('urshifu', 892, False, True, False, kubfu);
INSERT INTO pokemon.form (name, is_default, fk_pokemon_species, height, weight, legacy_cry, latest_cry, artwork, shiny_artwork)
VALUES ('urshifu-single-strike', False, 896, 19, 1050, None, https://raw.githubusercontent.com/PokeAPI/cries/main/cries/pokemon/latest/892.ogg, https://raw.githubusercontent.com/PokeAPI/sprites/master/sprites/pokemon/other/official-artwork/892.png, https://raw.githubusercontent.com/PokeAPI/sprites/master/sprites/pokemon/other/official-artwork/shiny/892.png);
INSERT INTO pokemon.base_stats (base_hp, base_attack, base_defense, base_special_attack, base_special_defense, base_speed, fk_generation, fk_form)
VALUES (100, 130, 100, 63, 60, 97, 8, 1142);
INSERT INTO pokemon.form_has_type_per_generation (fk_form, fk_type, fk_generation, is_primary)
VALUES (1142, 2, 8, True);
INSERT INTO pokemon.form_has_type_per_generation (fk_form, fk_type, fk_generation, is_primary)
VALUES (1142, 17, 8, False);

INSERT INTO pokemon.form (name, is_default, fk_pokemon_species, height, weight, legacy_cry, latest_cry, artwork, shiny_artwork)
VALUES ('urshifu-rapid-strike', False, 896, 19, 1050, None, https://raw.githubusercontent.com/PokeAPI/cries/main/cries/pokemon/latest/10191.ogg, https://raw.githubusercontent.com/PokeAPI/sprites/master/sprites/pokemon/other/official-artwork/10191.png, https://raw.githubusercontent.com/PokeAPI/sprites/master/sprites/pokemon/other/official-artwork/shiny/10191.png);
INSERT INTO pokemon.base_stats (base_hp, base_attack, base_defense, base_special_attack, base_special_defense, base_speed, fk_generation, fk_form)
VALUES (100, 130, 100, 63, 60, 97, 8, 1143);
INSERT INTO pokemon.form_has_type_per_generation (fk_form, fk_type, fk_generation, is_primary)
VALUES (1143, 2, 8, True);
INSERT INTO pokemon.form_has_type_per_generation (fk_form, fk_type, fk_generation, is_primary)
VALUES (1143, 11, 8, False);

INSERT INTO pokemon.form (name, is_default, fk_pokemon_species, height, weight, legacy_cry, latest_cry, artwork, shiny_artwork)
VALUES ('urshifu-single-strike-gmax', False, 896, 290, 10000, None, https://raw.githubusercontent.com/PokeAPI/cries/main/cries/pokemon/latest/10226.ogg, https://raw.githubusercontent.com/PokeAPI/sprites/master/sprites/pokemon/other/official-artwork/10226.png, https://raw.githubusercontent.com/PokeAPI/sprites/master/sprites/pokemon/other/official-artwork/shiny/10226.png);
INSERT INTO pokemon.base_stats (base_hp, base_attack, base_defense, base_special_attack, base_special_defense, base_speed, fk_generation, fk_form)
VALUES (100, 130, 100, 63, 60, 97, 8, 1144);
INSERT INTO pokemon.form_has_type_per_generation (fk_form, fk_type, fk_generation, is_primary)
VALUES (1144, 2, 8, True);
INSERT INTO pokemon.form_has_type_per_generation (fk_form, fk_type, fk_generation, is_primary)
VALUES (1144, 17, 8, False);

INSERT INTO pokemon.form (name, is_default, fk_pokemon_species, height, weight, legacy_cry, latest_cry, artwork, shiny_artwork)
VALUES ('urshifu-rapid-strike-gmax', False, 896, 260, 10000, None, https://raw.githubusercontent.com/PokeAPI/cries/main/cries/pokemon/latest/10227.ogg, https://raw.githubusercontent.com/PokeAPI/sprites/master/sprites/pokemon/other/official-artwork/10227.png, https://raw.githubusercontent.com/PokeAPI/sprites/master/sprites/pokemon/other/official-artwork/shiny/10227.png);
INSERT INTO pokemon.base_stats (base_hp, base_attack, base_defense, base_special_attack, base_special_defense, base_speed, fk_generation, fk_form)
VALUES (100, 130, 100, 63, 60, 97, 8, 1145);
INSERT INTO pokemon.form_has_type_per_generation (fk_form, fk_type, fk_generation, is_primary)
VALUES (1145, 2, 8, True);
INSERT INTO pokemon.form_has_type_per_generation (fk_form, fk_type, fk_generation, is_primary)
VALUES (1145, 11, 8, False);

INSERT INTO pokemon.pokemon_species (name, pokedex_index, is_baby, is_legendary, is_mythical, evolves_from)
VALUES ('wyrdeer', 899, False, False, False, stantler);
INSERT INTO pokemon.form (name, is_default, fk_pokemon_species, height, weight, legacy_cry, latest_cry, artwork, shiny_artwork)
VALUES ('wyrdeer', True, 897, 18, 951, None, https://raw.githubusercontent.com/PokeAPI/cries/main/cries/pokemon/latest/899.ogg, https://raw.githubusercontent.com/PokeAPI/sprites/master/sprites/pokemon/other/official-artwork/899.png, https://raw.githubusercontent.com/PokeAPI/sprites/master/sprites/pokemon/other/official-artwork/shiny/899.png);
INSERT INTO pokemon.base_stats (base_hp, base_attack, base_defense, base_special_attack, base_special_defense, base_speed, fk_generation, fk_form)
VALUES (103, 105, 72, 105, 75, 65, 8, 1146);
INSERT INTO pokemon.form_has_type_per_generation (fk_form, fk_type, fk_generation, is_primary)
VALUES (1146, 1, 8, True);
INSERT INTO pokemon.form_has_type_per_generation (fk_form, fk_type, fk_generation, is_primary)
VALUES (1146, 14, 8, False);

INSERT INTO pokemon.pokemon_species (name, pokedex_index, is_baby, is_legendary, is_mythical, evolves_from)
VALUES ('kleavor', 900, False, False, False, scyther);
INSERT INTO pokemon.form (name, is_default, fk_pokemon_species, height, weight, legacy_cry, latest_cry, artwork, shiny_artwork)
VALUES ('kleavor', True, 898, 18, 890, None, https://raw.githubusercontent.com/PokeAPI/cries/main/cries/pokemon/latest/900.ogg, https://raw.githubusercontent.com/PokeAPI/sprites/master/sprites/pokemon/other/official-artwork/900.png, https://raw.githubusercontent.com/PokeAPI/sprites/master/sprites/pokemon/other/official-artwork/shiny/900.png);
INSERT INTO pokemon.base_stats (base_hp, base_attack, base_defense, base_special_attack, base_special_defense, base_speed, fk_generation, fk_form)
VALUES (70, 135, 95, 45, 70, 85, 8, 1147);
INSERT INTO pokemon.form_has_type_per_generation (fk_form, fk_type, fk_generation, is_primary)
VALUES (1147, 7, 8, True);
INSERT INTO pokemon.form_has_type_per_generation (fk_form, fk_type, fk_generation, is_primary)
VALUES (1147, 6, 8, False);

INSERT INTO pokemon.pokemon_species (name, pokedex_index, is_baby, is_legendary, is_mythical, evolves_from)
VALUES ('basculegion', 902, False, False, False, basculin);
INSERT INTO pokemon.form (name, is_default, fk_pokemon_species, height, weight, legacy_cry, latest_cry, artwork, shiny_artwork)
VALUES ('basculegion-male', False, 899, 30, 1100, None, https://raw.githubusercontent.com/PokeAPI/cries/main/cries/pokemon/latest/902.ogg, https://raw.githubusercontent.com/PokeAPI/sprites/master/sprites/pokemon/other/official-artwork/902.png, https://raw.githubusercontent.com/PokeAPI/sprites/master/sprites/pokemon/other/official-artwork/shiny/902.png);
INSERT INTO pokemon.base_stats (base_hp, base_attack, base_defense, base_special_attack, base_special_defense, base_speed, fk_generation, fk_form)
VALUES (120, 112, 65, 80, 75, 78, 8, 1148);
INSERT INTO pokemon.form_has_type_per_generation (fk_form, fk_type, fk_generation, is_primary)
VALUES (1148, 11, 8, True);
INSERT INTO pokemon.form_has_type_per_generation (fk_form, fk_type, fk_generation, is_primary)
VALUES (1148, 8, 8, False);

INSERT INTO pokemon.form (name, is_default, fk_pokemon_species, height, weight, legacy_cry, latest_cry, artwork, shiny_artwork)
VALUES ('basculegion-female', False, 899, 30, 1100, None, https://raw.githubusercontent.com/PokeAPI/cries/main/cries/pokemon/latest/10248.ogg, https://raw.githubusercontent.com/PokeAPI/sprites/master/sprites/pokemon/other/official-artwork/10248.png, https://raw.githubusercontent.com/PokeAPI/sprites/master/sprites/pokemon/other/official-artwork/shiny/10248.png);
INSERT INTO pokemon.base_stats (base_hp, base_attack, base_defense, base_special_attack, base_special_defense, base_speed, fk_generation, fk_form)
VALUES (120, 92, 65, 100, 75, 78, 8, 1149);
INSERT INTO pokemon.form_has_type_per_generation (fk_form, fk_type, fk_generation, is_primary)
VALUES (1149, 11, 8, True);
INSERT INTO pokemon.form_has_type_per_generation (fk_form, fk_type, fk_generation, is_primary)
VALUES (1149, 8, 8, False);

INSERT INTO pokemon.pokemon_species (name, pokedex_index, is_baby, is_legendary, is_mythical, evolves_from)
VALUES ('sneasler', 903, False, False, False, sneasel);
INSERT INTO pokemon.form (name, is_default, fk_pokemon_species, height, weight, legacy_cry, latest_cry, artwork, shiny_artwork)
VALUES ('sneasler', True, 900, 13, 430, None, https://raw.githubusercontent.com/PokeAPI/cries/main/cries/pokemon/latest/903.ogg, https://raw.githubusercontent.com/PokeAPI/sprites/master/sprites/pokemon/other/official-artwork/903.png, https://raw.githubusercontent.com/PokeAPI/sprites/master/sprites/pokemon/other/official-artwork/shiny/903.png);
INSERT INTO pokemon.base_stats (base_hp, base_attack, base_defense, base_special_attack, base_special_defense, base_speed, fk_generation, fk_form)
VALUES (80, 130, 60, 40, 80, 120, 8, 1150);
INSERT INTO pokemon.form_has_type_per_generation (fk_form, fk_type, fk_generation, is_primary)
VALUES (1150, 2, 8, True);
INSERT INTO pokemon.form_has_type_per_generation (fk_form, fk_type, fk_generation, is_primary)
VALUES (1150, 4, 8, False);

INSERT INTO pokemon.pokemon_species (name, pokedex_index, is_baby, is_legendary, is_mythical, evolves_from)
VALUES ('overqwil', 904, False, False, False, qwilfish);
INSERT INTO pokemon.form (name, is_default, fk_pokemon_species, height, weight, legacy_cry, latest_cry, artwork, shiny_artwork)
VALUES ('overqwil', True, 901, 25, 605, None, https://raw.githubusercontent.com/PokeAPI/cries/main/cries/pokemon/latest/904.ogg, https://raw.githubusercontent.com/PokeAPI/sprites/master/sprites/pokemon/other/official-artwork/904.png, https://raw.githubusercontent.com/PokeAPI/sprites/master/sprites/pokemon/other/official-artwork/shiny/904.png);
INSERT INTO pokemon.base_stats (base_hp, base_attack, base_defense, base_special_attack, base_special_defense, base_speed, fk_generation, fk_form)
VALUES (85, 115, 95, 65, 65, 85, 8, 1151);
INSERT INTO pokemon.form_has_type_per_generation (fk_form, fk_type, fk_generation, is_primary)
VALUES (1151, 17, 8, True);
INSERT INTO pokemon.form_has_type_per_generation (fk_form, fk_type, fk_generation, is_primary)
VALUES (1151, 4, 8, False);

INSERT INTO pokemon.pokemon_species (name, pokedex_index, is_baby, is_legendary, is_mythical, evolves_from)
VALUES ('orbeetle', 826, False, False, False, dottler);
INSERT INTO pokemon.form (name, is_default, fk_pokemon_species, height, weight, legacy_cry, latest_cry, artwork, shiny_artwork)
VALUES ('orbeetle', True, 902, 4, 408, None, https://raw.githubusercontent.com/PokeAPI/cries/main/cries/pokemon/latest/826.ogg, https://raw.githubusercontent.com/PokeAPI/sprites/master/sprites/pokemon/other/official-artwork/826.png, https://raw.githubusercontent.com/PokeAPI/sprites/master/sprites/pokemon/other/official-artwork/shiny/826.png);
INSERT INTO pokemon.base_stats (base_hp, base_attack, base_defense, base_special_attack, base_special_defense, base_speed, fk_generation, fk_form)
VALUES (60, 45, 110, 80, 120, 90, 8, 1152);
INSERT INTO pokemon.form_has_type_per_generation (fk_form, fk_type, fk_generation, is_primary)
VALUES (1152, 7, 8, True);
INSERT INTO pokemon.form_has_type_per_generation (fk_form, fk_type, fk_generation, is_primary)
VALUES (1152, 14, 8, False);

INSERT INTO pokemon.form (name, is_default, fk_pokemon_species, height, weight, legacy_cry, latest_cry, artwork, shiny_artwork)
VALUES ('orbeetle-gmax', False, 902, 140, 10000, None, https://raw.githubusercontent.com/PokeAPI/cries/main/cries/pokemon/latest/10213.ogg, https://raw.githubusercontent.com/PokeAPI/sprites/master/sprites/pokemon/other/official-artwork/10213.png, https://raw.githubusercontent.com/PokeAPI/sprites/master/sprites/pokemon/other/official-artwork/shiny/10213.png);
INSERT INTO pokemon.base_stats (base_hp, base_attack, base_defense, base_special_attack, base_special_defense, base_speed, fk_generation, fk_form)
VALUES (60, 45, 110, 80, 120, 90, 8, 1153);
INSERT INTO pokemon.form_has_type_per_generation (fk_form, fk_type, fk_generation, is_primary)
VALUES (1153, 7, 8, True);
INSERT INTO pokemon.form_has_type_per_generation (fk_form, fk_type, fk_generation, is_primary)
VALUES (1153, 14, 8, False);

INSERT INTO pokemon.pokemon_species (name, pokedex_index, is_baby, is_legendary, is_mythical, evolves_from)
VALUES ('appletun', 842, False, False, False, applin);
INSERT INTO pokemon.form (name, is_default, fk_pokemon_species, height, weight, legacy_cry, latest_cry, artwork, shiny_artwork)
VALUES ('appletun', True, 903, 4, 130, None, https://raw.githubusercontent.com/PokeAPI/cries/main/cries/pokemon/latest/842.ogg, https://raw.githubusercontent.com/PokeAPI/sprites/master/sprites/pokemon/other/official-artwork/842.png, https://raw.githubusercontent.com/PokeAPI/sprites/master/sprites/pokemon/other/official-artwork/shiny/842.png);
INSERT INTO pokemon.base_stats (base_hp, base_attack, base_defense, base_special_attack, base_special_defense, base_speed, fk_generation, fk_form)
VALUES (110, 85, 80, 100, 80, 30, 8, 1154);
INSERT INTO pokemon.form_has_type_per_generation (fk_form, fk_type, fk_generation, is_primary)
VALUES (1154, 12, 8, True);
INSERT INTO pokemon.form_has_type_per_generation (fk_form, fk_type, fk_generation, is_primary)
VALUES (1154, 16, 8, False);

INSERT INTO pokemon.form (name, is_default, fk_pokemon_species, height, weight, legacy_cry, latest_cry, artwork, shiny_artwork)
VALUES ('appletun-gmax', False, 903, 240, 10000, None, https://raw.githubusercontent.com/PokeAPI/cries/main/cries/pokemon/latest/10217.ogg, https://raw.githubusercontent.com/PokeAPI/sprites/master/sprites/pokemon/other/official-artwork/10217.png, https://raw.githubusercontent.com/PokeAPI/sprites/master/sprites/pokemon/other/official-artwork/shiny/10217.png);
INSERT INTO pokemon.base_stats (base_hp, base_attack, base_defense, base_special_attack, base_special_defense, base_speed, fk_generation, fk_form)
VALUES (110, 85, 80, 100, 80, 30, 8, 1155);
INSERT INTO pokemon.form_has_type_per_generation (fk_form, fk_type, fk_generation, is_primary)
VALUES (1155, 12, 8, True);
INSERT INTO pokemon.form_has_type_per_generation (fk_form, fk_type, fk_generation, is_primary)
VALUES (1155, 16, 8, False);

INSERT INTO pokemon.pokemon_species (name, pokedex_index, is_baby, is_legendary, is_mythical, evolves_from)
VALUES ('grimmsnarl', 861, False, False, False, morgrem);
INSERT INTO pokemon.form (name, is_default, fk_pokemon_species, height, weight, legacy_cry, latest_cry, artwork, shiny_artwork)
VALUES ('grimmsnarl', True, 904, 15, 610, None, https://raw.githubusercontent.com/PokeAPI/cries/main/cries/pokemon/latest/861.ogg, https://raw.githubusercontent.com/PokeAPI/sprites/master/sprites/pokemon/other/official-artwork/861.png, https://raw.githubusercontent.com/PokeAPI/sprites/master/sprites/pokemon/other/official-artwork/shiny/861.png);
INSERT INTO pokemon.base_stats (base_hp, base_attack, base_defense, base_special_attack, base_special_defense, base_speed, fk_generation, fk_form)
VALUES (95, 120, 65, 95, 75, 60, 8, 1156);
INSERT INTO pokemon.form_has_type_per_generation (fk_form, fk_type, fk_generation, is_primary)
VALUES (1156, 17, 8, True);
INSERT INTO pokemon.form_has_type_per_generation (fk_form, fk_type, fk_generation, is_primary)
VALUES (1156, 18, 8, False);

INSERT INTO pokemon.form (name, is_default, fk_pokemon_species, height, weight, legacy_cry, latest_cry, artwork, shiny_artwork)
VALUES ('grimmsnarl-gmax', False, 904, 320, 10000, None, https://raw.githubusercontent.com/PokeAPI/cries/main/cries/pokemon/latest/10222.ogg, https://raw.githubusercontent.com/PokeAPI/sprites/master/sprites/pokemon/other/official-artwork/10222.png, https://raw.githubusercontent.com/PokeAPI/sprites/master/sprites/pokemon/other/official-artwork/shiny/10222.png);
INSERT INTO pokemon.base_stats (base_hp, base_attack, base_defense, base_special_attack, base_special_defense, base_speed, fk_generation, fk_form)
VALUES (95, 120, 65, 95, 75, 60, 8, 1157);
INSERT INTO pokemon.form_has_type_per_generation (fk_form, fk_type, fk_generation, is_primary)
VALUES (1157, 17, 8, True);
INSERT INTO pokemon.form_has_type_per_generation (fk_form, fk_type, fk_generation, is_primary)
VALUES (1157, 18, 8, False);

INSERT INTO pokemon.pokemon_species (name, pokedex_index, is_baby, is_legendary, is_mythical, evolves_from)
VALUES ('ursaluna', 901, False, False, False, ursaring);
INSERT INTO pokemon.form (name, is_default, fk_pokemon_species, height, weight, legacy_cry, latest_cry, artwork, shiny_artwork)
VALUES ('ursaluna', True, 905, 24, 2900, None, https://raw.githubusercontent.com/PokeAPI/cries/main/cries/pokemon/latest/901.ogg, https://raw.githubusercontent.com/PokeAPI/sprites/master/sprites/pokemon/other/official-artwork/901.png, https://raw.githubusercontent.com/PokeAPI/sprites/master/sprites/pokemon/other/official-artwork/shiny/901.png);
INSERT INTO pokemon.base_stats (base_hp, base_attack, base_defense, base_special_attack, base_special_defense, base_speed, fk_generation, fk_form)
VALUES (130, 140, 105, 45, 80, 50, 8, 1158);
INSERT INTO pokemon.form_has_type_per_generation (fk_form, fk_type, fk_generation, is_primary)
VALUES (1158, 5, 8, True);
INSERT INTO pokemon.form_has_type_per_generation (fk_form, fk_type, fk_generation, is_primary)
VALUES (1158, 1, 8, False);

INSERT INTO pokemon.form (name, is_default, fk_pokemon_species, height, weight, legacy_cry, latest_cry, artwork, shiny_artwork)
VALUES ('ursaluna-bloodmoon', False, 905, 24, 2900, None, https://raw.githubusercontent.com/PokeAPI/cries/main/cries/pokemon/latest/10272.ogg, https://raw.githubusercontent.com/PokeAPI/sprites/master/sprites/pokemon/other/official-artwork/10272.png, https://raw.githubusercontent.com/PokeAPI/sprites/master/sprites/pokemon/other/official-artwork/shiny/10272.png);
INSERT INTO pokemon.base_stats (base_hp, base_attack, base_defense, base_special_attack, base_special_defense, base_speed, fk_generation, fk_form)
VALUES (113, 70, 120, 135, 65, 52, 8, 1159);
INSERT INTO pokemon.form_has_type_per_generation (fk_form, fk_type, fk_generation, is_primary)
VALUES (1159, 5, 8, True);
INSERT INTO pokemon.form_has_type_per_generation (fk_form, fk_type, fk_generation, is_primary)
VALUES (1159, 1, 8, False);



-- POKEMON-SPECIES, FORMS, ITS TYPES AND BASE_STATS
-- POKEMON-SPECIES, FORMS, ITS TYPES AND BASE_STATS
-- POKEMON-SPECIES, FORMS, ITS TYPES AND BASE_STATS
INSERT INTO pokemon.pokemon_species (name, pokedex_index, is_baby, is_legendary, is_mythical, evolves_from)
VALUES ('nymble', 919, False, False, False, None);
INSERT INTO pokemon.form (name, is_default, fk_pokemon_species, height, weight, legacy_cry, latest_cry, artwork, shiny_artwork)
VALUES ('nymble', True, 906, 2, 10, None, https://raw.githubusercontent.com/PokeAPI/cries/main/cries/pokemon/latest/919.ogg, https://raw.githubusercontent.com/PokeAPI/sprites/master/sprites/pokemon/other/official-artwork/919.png, https://raw.githubusercontent.com/PokeAPI/sprites/master/sprites/pokemon/other/official-artwork/shiny/919.png);
INSERT INTO pokemon.base_stats (base_hp, base_attack, base_defense, base_special_attack, base_special_defense, base_speed, fk_generation, fk_form)
VALUES (33, 46, 40, 21, 25, 45, 9, 1160);
INSERT INTO pokemon.form_has_type_per_generation (fk_form, fk_type, fk_generation, is_primary)
VALUES (1160, 7, 9, True);

INSERT INTO pokemon.pokemon_species (name, pokedex_index, is_baby, is_legendary, is_mythical, evolves_from)
VALUES ('sprigatito', 906, False, False, False, None);
INSERT INTO pokemon.form (name, is_default, fk_pokemon_species, height, weight, legacy_cry, latest_cry, artwork, shiny_artwork)
VALUES ('sprigatito', True, 907, 4, 41, None, https://raw.githubusercontent.com/PokeAPI/cries/main/cries/pokemon/latest/906.ogg, https://raw.githubusercontent.com/PokeAPI/sprites/master/sprites/pokemon/other/official-artwork/906.png, https://raw.githubusercontent.com/PokeAPI/sprites/master/sprites/pokemon/other/official-artwork/shiny/906.png);
INSERT INTO pokemon.base_stats (base_hp, base_attack, base_defense, base_special_attack, base_special_defense, base_speed, fk_generation, fk_form)
VALUES (40, 61, 54, 45, 45, 65, 9, 1161);
INSERT INTO pokemon.form_has_type_per_generation (fk_form, fk_type, fk_generation, is_primary)
VALUES (1161, 12, 9, True);

INSERT INTO pokemon.pokemon_species (name, pokedex_index, is_baby, is_legendary, is_mythical, evolves_from)
VALUES ('fuecoco', 909, False, False, False, None);
INSERT INTO pokemon.form (name, is_default, fk_pokemon_species, height, weight, legacy_cry, latest_cry, artwork, shiny_artwork)
VALUES ('fuecoco', True, 908, 4, 98, None, https://raw.githubusercontent.com/PokeAPI/cries/main/cries/pokemon/latest/909.ogg, https://raw.githubusercontent.com/PokeAPI/sprites/master/sprites/pokemon/other/official-artwork/909.png, https://raw.githubusercontent.com/PokeAPI/sprites/master/sprites/pokemon/other/official-artwork/shiny/909.png);
INSERT INTO pokemon.base_stats (base_hp, base_attack, base_defense, base_special_attack, base_special_defense, base_speed, fk_generation, fk_form)
VALUES (67, 45, 59, 63, 40, 36, 9, 1162);
INSERT INTO pokemon.form_has_type_per_generation (fk_form, fk_type, fk_generation, is_primary)
VALUES (1162, 10, 9, True);

INSERT INTO pokemon.pokemon_species (name, pokedex_index, is_baby, is_legendary, is_mythical, evolves_from)
VALUES ('quaxly', 912, False, False, False, None);
INSERT INTO pokemon.form (name, is_default, fk_pokemon_species, height, weight, legacy_cry, latest_cry, artwork, shiny_artwork)
VALUES ('quaxly', True, 909, 5, 61, None, https://raw.githubusercontent.com/PokeAPI/cries/main/cries/pokemon/latest/912.ogg, https://raw.githubusercontent.com/PokeAPI/sprites/master/sprites/pokemon/other/official-artwork/912.png, https://raw.githubusercontent.com/PokeAPI/sprites/master/sprites/pokemon/other/official-artwork/shiny/912.png);
INSERT INTO pokemon.base_stats (base_hp, base_attack, base_defense, base_special_attack, base_special_defense, base_speed, fk_generation, fk_form)
VALUES (55, 65, 45, 50, 45, 50, 9, 1163);
INSERT INTO pokemon.form_has_type_per_generation (fk_form, fk_type, fk_generation, is_primary)
VALUES (1163, 11, 9, True);

INSERT INTO pokemon.pokemon_species (name, pokedex_index, is_baby, is_legendary, is_mythical, evolves_from)
VALUES ('lechonk', 915, False, False, False, None);
INSERT INTO pokemon.form (name, is_default, fk_pokemon_species, height, weight, legacy_cry, latest_cry, artwork, shiny_artwork)
VALUES ('lechonk', True, 910, 5, 102, None, https://raw.githubusercontent.com/PokeAPI/cries/main/cries/pokemon/latest/915.ogg, https://raw.githubusercontent.com/PokeAPI/sprites/master/sprites/pokemon/other/official-artwork/915.png, https://raw.githubusercontent.com/PokeAPI/sprites/master/sprites/pokemon/other/official-artwork/shiny/915.png);
INSERT INTO pokemon.base_stats (base_hp, base_attack, base_defense, base_special_attack, base_special_defense, base_speed, fk_generation, fk_form)
VALUES (54, 45, 40, 35, 45, 35, 9, 1164);
INSERT INTO pokemon.form_has_type_per_generation (fk_form, fk_type, fk_generation, is_primary)
VALUES (1164, 1, 9, True);

INSERT INTO pokemon.pokemon_species (name, pokedex_index, is_baby, is_legendary, is_mythical, evolves_from)
VALUES ('tarountula', 917, False, False, False, None);
INSERT INTO pokemon.form (name, is_default, fk_pokemon_species, height, weight, legacy_cry, latest_cry, artwork, shiny_artwork)
VALUES ('tarountula', True, 911, 3, 40, None, https://raw.githubusercontent.com/PokeAPI/cries/main/cries/pokemon/latest/917.ogg, https://raw.githubusercontent.com/PokeAPI/sprites/master/sprites/pokemon/other/official-artwork/917.png, https://raw.githubusercontent.com/PokeAPI/sprites/master/sprites/pokemon/other/official-artwork/shiny/917.png);
INSERT INTO pokemon.base_stats (base_hp, base_attack, base_defense, base_special_attack, base_special_defense, base_speed, fk_generation, fk_form)
VALUES (35, 41, 45, 29, 40, 20, 9, 1165);
INSERT INTO pokemon.form_has_type_per_generation (fk_form, fk_type, fk_generation, is_primary)
VALUES (1165, 7, 9, True);

INSERT INTO pokemon.pokemon_species (name, pokedex_index, is_baby, is_legendary, is_mythical, evolves_from)
VALUES ('floragato', 907, False, False, False, sprigatito);
INSERT INTO pokemon.form (name, is_default, fk_pokemon_species, height, weight, legacy_cry, latest_cry, artwork, shiny_artwork)
VALUES ('floragato', True, 912, 9, 122, None, https://raw.githubusercontent.com/PokeAPI/cries/main/cries/pokemon/latest/907.ogg, https://raw.githubusercontent.com/PokeAPI/sprites/master/sprites/pokemon/other/official-artwork/907.png, https://raw.githubusercontent.com/PokeAPI/sprites/master/sprites/pokemon/other/official-artwork/shiny/907.png);
INSERT INTO pokemon.base_stats (base_hp, base_attack, base_defense, base_special_attack, base_special_defense, base_speed, fk_generation, fk_form)
VALUES (61, 80, 63, 60, 63, 83, 9, 1166);
INSERT INTO pokemon.form_has_type_per_generation (fk_form, fk_type, fk_generation, is_primary)
VALUES (1166, 12, 9, True);

INSERT INTO pokemon.pokemon_species (name, pokedex_index, is_baby, is_legendary, is_mythical, evolves_from)
VALUES ('meowscarada', 908, False, False, False, floragato);
INSERT INTO pokemon.form (name, is_default, fk_pokemon_species, height, weight, legacy_cry, latest_cry, artwork, shiny_artwork)
VALUES ('meowscarada', True, 913, 15, 312, None, https://raw.githubusercontent.com/PokeAPI/cries/main/cries/pokemon/latest/908.ogg, https://raw.githubusercontent.com/PokeAPI/sprites/master/sprites/pokemon/other/official-artwork/908.png, https://raw.githubusercontent.com/PokeAPI/sprites/master/sprites/pokemon/other/official-artwork/shiny/908.png);
INSERT INTO pokemon.base_stats (base_hp, base_attack, base_defense, base_special_attack, base_special_defense, base_speed, fk_generation, fk_form)
VALUES (76, 110, 70, 81, 70, 123, 9, 1167);
INSERT INTO pokemon.form_has_type_per_generation (fk_form, fk_type, fk_generation, is_primary)
VALUES (1167, 12, 9, True);
INSERT INTO pokemon.form_has_type_per_generation (fk_form, fk_type, fk_generation, is_primary)
VALUES (1167, 17, 9, False);

INSERT INTO pokemon.pokemon_species (name, pokedex_index, is_baby, is_legendary, is_mythical, evolves_from)
VALUES ('crocalor', 910, False, False, False, fuecoco);
INSERT INTO pokemon.form (name, is_default, fk_pokemon_species, height, weight, legacy_cry, latest_cry, artwork, shiny_artwork)
VALUES ('crocalor', True, 914, 10, 307, None, https://raw.githubusercontent.com/PokeAPI/cries/main/cries/pokemon/latest/910.ogg, https://raw.githubusercontent.com/PokeAPI/sprites/master/sprites/pokemon/other/official-artwork/910.png, https://raw.githubusercontent.com/PokeAPI/sprites/master/sprites/pokemon/other/official-artwork/shiny/910.png);
INSERT INTO pokemon.base_stats (base_hp, base_attack, base_defense, base_special_attack, base_special_defense, base_speed, fk_generation, fk_form)
VALUES (81, 55, 78, 90, 58, 49, 9, 1168);
INSERT INTO pokemon.form_has_type_per_generation (fk_form, fk_type, fk_generation, is_primary)
VALUES (1168, 10, 9, True);

INSERT INTO pokemon.pokemon_species (name, pokedex_index, is_baby, is_legendary, is_mythical, evolves_from)
VALUES ('skeledirge', 911, False, False, False, crocalor);
INSERT INTO pokemon.form (name, is_default, fk_pokemon_species, height, weight, legacy_cry, latest_cry, artwork, shiny_artwork)
VALUES ('skeledirge', True, 915, 16, 3265, None, https://raw.githubusercontent.com/PokeAPI/cries/main/cries/pokemon/latest/911.ogg, https://raw.githubusercontent.com/PokeAPI/sprites/master/sprites/pokemon/other/official-artwork/911.png, https://raw.githubusercontent.com/PokeAPI/sprites/master/sprites/pokemon/other/official-artwork/shiny/911.png);
INSERT INTO pokemon.base_stats (base_hp, base_attack, base_defense, base_special_attack, base_special_defense, base_speed, fk_generation, fk_form)
VALUES (104, 75, 100, 110, 75, 66, 9, 1169);
INSERT INTO pokemon.form_has_type_per_generation (fk_form, fk_type, fk_generation, is_primary)
VALUES (1169, 10, 9, True);
INSERT INTO pokemon.form_has_type_per_generation (fk_form, fk_type, fk_generation, is_primary)
VALUES (1169, 8, 9, False);

INSERT INTO pokemon.pokemon_species (name, pokedex_index, is_baby, is_legendary, is_mythical, evolves_from)
VALUES ('quaxwell', 913, False, False, False, quaxly);
INSERT INTO pokemon.form (name, is_default, fk_pokemon_species, height, weight, legacy_cry, latest_cry, artwork, shiny_artwork)
VALUES ('quaxwell', True, 916, 12, 215, None, https://raw.githubusercontent.com/PokeAPI/cries/main/cries/pokemon/latest/913.ogg, https://raw.githubusercontent.com/PokeAPI/sprites/master/sprites/pokemon/other/official-artwork/913.png, https://raw.githubusercontent.com/PokeAPI/sprites/master/sprites/pokemon/other/official-artwork/shiny/913.png);
INSERT INTO pokemon.base_stats (base_hp, base_attack, base_defense, base_special_attack, base_special_defense, base_speed, fk_generation, fk_form)
VALUES (70, 85, 65, 65, 60, 65, 9, 1170);
INSERT INTO pokemon.form_has_type_per_generation (fk_form, fk_type, fk_generation, is_primary)
VALUES (1170, 11, 9, True);

INSERT INTO pokemon.pokemon_species (name, pokedex_index, is_baby, is_legendary, is_mythical, evolves_from)
VALUES ('quaquaval', 914, False, False, False, quaxwell);
INSERT INTO pokemon.form (name, is_default, fk_pokemon_species, height, weight, legacy_cry, latest_cry, artwork, shiny_artwork)
VALUES ('quaquaval', True, 917, 18, 619, None, https://raw.githubusercontent.com/PokeAPI/cries/main/cries/pokemon/latest/914.ogg, https://raw.githubusercontent.com/PokeAPI/sprites/master/sprites/pokemon/other/official-artwork/914.png, https://raw.githubusercontent.com/PokeAPI/sprites/master/sprites/pokemon/other/official-artwork/shiny/914.png);
INSERT INTO pokemon.base_stats (base_hp, base_attack, base_defense, base_special_attack, base_special_defense, base_speed, fk_generation, fk_form)
VALUES (85, 120, 80, 85, 75, 85, 9, 1171);
INSERT INTO pokemon.form_has_type_per_generation (fk_form, fk_type, fk_generation, is_primary)
VALUES (1171, 11, 9, True);
INSERT INTO pokemon.form_has_type_per_generation (fk_form, fk_type, fk_generation, is_primary)
VALUES (1171, 2, 9, False);

INSERT INTO pokemon.pokemon_species (name, pokedex_index, is_baby, is_legendary, is_mythical, evolves_from)
VALUES ('oinkologne', 916, False, False, False, lechonk);
INSERT INTO pokemon.form (name, is_default, fk_pokemon_species, height, weight, legacy_cry, latest_cry, artwork, shiny_artwork)
VALUES ('oinkologne-male', False, 918, 10, 1200, None, https://raw.githubusercontent.com/PokeAPI/cries/main/cries/pokemon/latest/916.ogg, https://raw.githubusercontent.com/PokeAPI/sprites/master/sprites/pokemon/other/official-artwork/916.png, https://raw.githubusercontent.com/PokeAPI/sprites/master/sprites/pokemon/other/official-artwork/shiny/916.png);
INSERT INTO pokemon.base_stats (base_hp, base_attack, base_defense, base_special_attack, base_special_defense, base_speed, fk_generation, fk_form)
VALUES (110, 100, 75, 59, 80, 65, 9, 1172);
INSERT INTO pokemon.form_has_type_per_generation (fk_form, fk_type, fk_generation, is_primary)
VALUES (1172, 1, 9, True);

INSERT INTO pokemon.form (name, is_default, fk_pokemon_species, height, weight, legacy_cry, latest_cry, artwork, shiny_artwork)
VALUES ('oinkologne-female', False, 918, 10, 1200, None, https://raw.githubusercontent.com/PokeAPI/cries/main/cries/pokemon/latest/10254.ogg, https://raw.githubusercontent.com/PokeAPI/sprites/master/sprites/pokemon/other/official-artwork/10254.png, https://raw.githubusercontent.com/PokeAPI/sprites/master/sprites/pokemon/other/official-artwork/shiny/10254.png);
INSERT INTO pokemon.base_stats (base_hp, base_attack, base_defense, base_special_attack, base_special_defense, base_speed, fk_generation, fk_form)
VALUES (115, 90, 70, 59, 90, 65, 9, 1173);
INSERT INTO pokemon.form_has_type_per_generation (fk_form, fk_type, fk_generation, is_primary)
VALUES (1173, 1, 9, True);

INSERT INTO pokemon.pokemon_species (name, pokedex_index, is_baby, is_legendary, is_mythical, evolves_from)
VALUES ('spidops', 918, False, False, False, tarountula);
INSERT INTO pokemon.form (name, is_default, fk_pokemon_species, height, weight, legacy_cry, latest_cry, artwork, shiny_artwork)
VALUES ('spidops', True, 919, 10, 165, None, https://raw.githubusercontent.com/PokeAPI/cries/main/cries/pokemon/latest/918.ogg, https://raw.githubusercontent.com/PokeAPI/sprites/master/sprites/pokemon/other/official-artwork/918.png, https://raw.githubusercontent.com/PokeAPI/sprites/master/sprites/pokemon/other/official-artwork/shiny/918.png);
INSERT INTO pokemon.base_stats (base_hp, base_attack, base_defense, base_special_attack, base_special_defense, base_speed, fk_generation, fk_form)
VALUES (60, 79, 92, 52, 86, 35, 9, 1174);
INSERT INTO pokemon.form_has_type_per_generation (fk_form, fk_type, fk_generation, is_primary)
VALUES (1174, 7, 9, True);

INSERT INTO pokemon.pokemon_species (name, pokedex_index, is_baby, is_legendary, is_mythical, evolves_from)
VALUES ('pawmi', 921, False, False, False, None);
INSERT INTO pokemon.form (name, is_default, fk_pokemon_species, height, weight, legacy_cry, latest_cry, artwork, shiny_artwork)
VALUES ('pawmi', True, 920, 3, 25, None, https://raw.githubusercontent.com/PokeAPI/cries/main/cries/pokemon/latest/921.ogg, https://raw.githubusercontent.com/PokeAPI/sprites/master/sprites/pokemon/other/official-artwork/921.png, https://raw.githubusercontent.com/PokeAPI/sprites/master/sprites/pokemon/other/official-artwork/shiny/921.png);
INSERT INTO pokemon.base_stats (base_hp, base_attack, base_defense, base_special_attack, base_special_defense, base_speed, fk_generation, fk_form)
VALUES (45, 50, 20, 40, 25, 60, 9, 1175);
INSERT INTO pokemon.form_has_type_per_generation (fk_form, fk_type, fk_generation, is_primary)
VALUES (1175, 13, 9, True);

INSERT INTO pokemon.pokemon_species (name, pokedex_index, is_baby, is_legendary, is_mythical, evolves_from)
VALUES ('tandemaus', 924, False, False, False, None);
INSERT INTO pokemon.form (name, is_default, fk_pokemon_species, height, weight, legacy_cry, latest_cry, artwork, shiny_artwork)
VALUES ('tandemaus', True, 921, 3, 18, None, https://raw.githubusercontent.com/PokeAPI/cries/main/cries/pokemon/latest/924.ogg, https://raw.githubusercontent.com/PokeAPI/sprites/master/sprites/pokemon/other/official-artwork/924.png, https://raw.githubusercontent.com/PokeAPI/sprites/master/sprites/pokemon/other/official-artwork/shiny/924.png);
INSERT INTO pokemon.base_stats (base_hp, base_attack, base_defense, base_special_attack, base_special_defense, base_speed, fk_generation, fk_form)
VALUES (50, 50, 45, 40, 45, 75, 9, 1176);
INSERT INTO pokemon.form_has_type_per_generation (fk_form, fk_type, fk_generation, is_primary)
VALUES (1176, 1, 9, True);

INSERT INTO pokemon.pokemon_species (name, pokedex_index, is_baby, is_legendary, is_mythical, evolves_from)
VALUES ('fidough', 926, False, False, False, None);
INSERT INTO pokemon.form (name, is_default, fk_pokemon_species, height, weight, legacy_cry, latest_cry, artwork, shiny_artwork)
VALUES ('fidough', True, 922, 3, 109, None, https://raw.githubusercontent.com/PokeAPI/cries/main/cries/pokemon/latest/926.ogg, https://raw.githubusercontent.com/PokeAPI/sprites/master/sprites/pokemon/other/official-artwork/926.png, https://raw.githubusercontent.com/PokeAPI/sprites/master/sprites/pokemon/other/official-artwork/shiny/926.png);
INSERT INTO pokemon.base_stats (base_hp, base_attack, base_defense, base_special_attack, base_special_defense, base_speed, fk_generation, fk_form)
VALUES (37, 55, 70, 30, 55, 65, 9, 1177);
INSERT INTO pokemon.form_has_type_per_generation (fk_form, fk_type, fk_generation, is_primary)
VALUES (1177, 18, 9, True);

INSERT INTO pokemon.pokemon_species (name, pokedex_index, is_baby, is_legendary, is_mythical, evolves_from)
VALUES ('smoliv', 928, False, False, False, None);
INSERT INTO pokemon.form (name, is_default, fk_pokemon_species, height, weight, legacy_cry, latest_cry, artwork, shiny_artwork)
VALUES ('smoliv', True, 923, 3, 65, None, https://raw.githubusercontent.com/PokeAPI/cries/main/cries/pokemon/latest/928.ogg, https://raw.githubusercontent.com/PokeAPI/sprites/master/sprites/pokemon/other/official-artwork/928.png, https://raw.githubusercontent.com/PokeAPI/sprites/master/sprites/pokemon/other/official-artwork/shiny/928.png);
INSERT INTO pokemon.base_stats (base_hp, base_attack, base_defense, base_special_attack, base_special_defense, base_speed, fk_generation, fk_form)
VALUES (41, 35, 45, 58, 51, 30, 9, 1178);
INSERT INTO pokemon.form_has_type_per_generation (fk_form, fk_type, fk_generation, is_primary)
VALUES (1178, 12, 9, True);
INSERT INTO pokemon.form_has_type_per_generation (fk_form, fk_type, fk_generation, is_primary)
VALUES (1178, 1, 9, False);

INSERT INTO pokemon.pokemon_species (name, pokedex_index, is_baby, is_legendary, is_mythical, evolves_from)
VALUES ('squawkabilly', 931, False, False, False, None);
INSERT INTO pokemon.form (name, is_default, fk_pokemon_species, height, weight, legacy_cry, latest_cry, artwork, shiny_artwork)
VALUES ('squawkabilly-green-plumage', False, 924, 6, 24, None, https://raw.githubusercontent.com/PokeAPI/cries/main/cries/pokemon/latest/931.ogg, https://raw.githubusercontent.com/PokeAPI/sprites/master/sprites/pokemon/other/official-artwork/931.png, https://raw.githubusercontent.com/PokeAPI/sprites/master/sprites/pokemon/other/official-artwork/shiny/931.png);
INSERT INTO pokemon.base_stats (base_hp, base_attack, base_defense, base_special_attack, base_special_defense, base_speed, fk_generation, fk_form)
VALUES (82, 96, 51, 45, 51, 92, 9, 1179);
INSERT INTO pokemon.form_has_type_per_generation (fk_form, fk_type, fk_generation, is_primary)
VALUES (1179, 1, 9, True);
INSERT INTO pokemon.form_has_type_per_generation (fk_form, fk_type, fk_generation, is_primary)
VALUES (1179, 3, 9, False);

INSERT INTO pokemon.form (name, is_default, fk_pokemon_species, height, weight, legacy_cry, latest_cry, artwork, shiny_artwork)
VALUES ('squawkabilly-blue-plumage', False, 924, 6, 24, None, https://raw.githubusercontent.com/PokeAPI/cries/main/cries/pokemon/latest/10260.ogg, https://raw.githubusercontent.com/PokeAPI/sprites/master/sprites/pokemon/other/official-artwork/10260.png, https://raw.githubusercontent.com/PokeAPI/sprites/master/sprites/pokemon/other/official-artwork/shiny/10260.png);
INSERT INTO pokemon.base_stats (base_hp, base_attack, base_defense, base_special_attack, base_special_defense, base_speed, fk_generation, fk_form)
VALUES (82, 96, 51, 45, 51, 92, 9, 1180);
INSERT INTO pokemon.form_has_type_per_generation (fk_form, fk_type, fk_generation, is_primary)
VALUES (1180, 1, 9, True);
INSERT INTO pokemon.form_has_type_per_generation (fk_form, fk_type, fk_generation, is_primary)
VALUES (1180, 3, 9, False);

INSERT INTO pokemon.form (name, is_default, fk_pokemon_species, height, weight, legacy_cry, latest_cry, artwork, shiny_artwork)
VALUES ('squawkabilly-yellow-plumage', False, 924, 6, 24, None, https://raw.githubusercontent.com/PokeAPI/cries/main/cries/pokemon/latest/10261.ogg, https://raw.githubusercontent.com/PokeAPI/sprites/master/sprites/pokemon/other/official-artwork/10261.png, https://raw.githubusercontent.com/PokeAPI/sprites/master/sprites/pokemon/other/official-artwork/shiny/10261.png);
INSERT INTO pokemon.base_stats (base_hp, base_attack, base_defense, base_special_attack, base_special_defense, base_speed, fk_generation, fk_form)
VALUES (82, 96, 51, 45, 51, 92, 9, 1181);
INSERT INTO pokemon.form_has_type_per_generation (fk_form, fk_type, fk_generation, is_primary)
VALUES (1181, 1, 9, True);
INSERT INTO pokemon.form_has_type_per_generation (fk_form, fk_type, fk_generation, is_primary)
VALUES (1181, 3, 9, False);

INSERT INTO pokemon.form (name, is_default, fk_pokemon_species, height, weight, legacy_cry, latest_cry, artwork, shiny_artwork)
VALUES ('squawkabilly-white-plumage', False, 924, 6, 24, None, https://raw.githubusercontent.com/PokeAPI/cries/main/cries/pokemon/latest/10262.ogg, https://raw.githubusercontent.com/PokeAPI/sprites/master/sprites/pokemon/other/official-artwork/10262.png, https://raw.githubusercontent.com/PokeAPI/sprites/master/sprites/pokemon/other/official-artwork/shiny/10262.png);
INSERT INTO pokemon.base_stats (base_hp, base_attack, base_defense, base_special_attack, base_special_defense, base_speed, fk_generation, fk_form)
VALUES (82, 96, 51, 45, 51, 92, 9, 1182);
INSERT INTO pokemon.form_has_type_per_generation (fk_form, fk_type, fk_generation, is_primary)
VALUES (1182, 1, 9, True);
INSERT INTO pokemon.form_has_type_per_generation (fk_form, fk_type, fk_generation, is_primary)
VALUES (1182, 3, 9, False);

INSERT INTO pokemon.pokemon_species (name, pokedex_index, is_baby, is_legendary, is_mythical, evolves_from)
VALUES ('nacli', 932, False, False, False, None);
INSERT INTO pokemon.form (name, is_default, fk_pokemon_species, height, weight, legacy_cry, latest_cry, artwork, shiny_artwork)
VALUES ('nacli', True, 925, 4, 160, None, https://raw.githubusercontent.com/PokeAPI/cries/main/cries/pokemon/latest/932.ogg, https://raw.githubusercontent.com/PokeAPI/sprites/master/sprites/pokemon/other/official-artwork/932.png, https://raw.githubusercontent.com/PokeAPI/sprites/master/sprites/pokemon/other/official-artwork/shiny/932.png);
INSERT INTO pokemon.base_stats (base_hp, base_attack, base_defense, base_special_attack, base_special_defense, base_speed, fk_generation, fk_form)
VALUES (55, 55, 75, 35, 35, 25, 9, 1183);
INSERT INTO pokemon.form_has_type_per_generation (fk_form, fk_type, fk_generation, is_primary)
VALUES (1183, 6, 9, True);

INSERT INTO pokemon.pokemon_species (name, pokedex_index, is_baby, is_legendary, is_mythical, evolves_from)
VALUES ('charcadet', 935, False, False, False, None);
INSERT INTO pokemon.form (name, is_default, fk_pokemon_species, height, weight, legacy_cry, latest_cry, artwork, shiny_artwork)
VALUES ('charcadet', True, 926, 6, 105, None, https://raw.githubusercontent.com/PokeAPI/cries/main/cries/pokemon/latest/935.ogg, https://raw.githubusercontent.com/PokeAPI/sprites/master/sprites/pokemon/other/official-artwork/935.png, https://raw.githubusercontent.com/PokeAPI/sprites/master/sprites/pokemon/other/official-artwork/shiny/935.png);
INSERT INTO pokemon.base_stats (base_hp, base_attack, base_defense, base_special_attack, base_special_defense, base_speed, fk_generation, fk_form)
VALUES (40, 50, 40, 50, 40, 35, 9, 1184);
INSERT INTO pokemon.form_has_type_per_generation (fk_form, fk_type, fk_generation, is_primary)
VALUES (1184, 10, 9, True);

INSERT INTO pokemon.pokemon_species (name, pokedex_index, is_baby, is_legendary, is_mythical, evolves_from)
VALUES ('tadbulb', 938, False, False, False, None);
INSERT INTO pokemon.form (name, is_default, fk_pokemon_species, height, weight, legacy_cry, latest_cry, artwork, shiny_artwork)
VALUES ('tadbulb', True, 927, 3, 4, None, https://raw.githubusercontent.com/PokeAPI/cries/main/cries/pokemon/latest/938.ogg, https://raw.githubusercontent.com/PokeAPI/sprites/master/sprites/pokemon/other/official-artwork/938.png, https://raw.githubusercontent.com/PokeAPI/sprites/master/sprites/pokemon/other/official-artwork/shiny/938.png);
INSERT INTO pokemon.base_stats (base_hp, base_attack, base_defense, base_special_attack, base_special_defense, base_speed, fk_generation, fk_form)
VALUES (61, 31, 41, 59, 35, 45, 9, 1185);
INSERT INTO pokemon.form_has_type_per_generation (fk_form, fk_type, fk_generation, is_primary)
VALUES (1185, 13, 9, True);

INSERT INTO pokemon.pokemon_species (name, pokedex_index, is_baby, is_legendary, is_mythical, evolves_from)
VALUES ('wattrel', 940, False, False, False, None);
INSERT INTO pokemon.form (name, is_default, fk_pokemon_species, height, weight, legacy_cry, latest_cry, artwork, shiny_artwork)
VALUES ('wattrel', True, 928, 4, 36, None, https://raw.githubusercontent.com/PokeAPI/cries/main/cries/pokemon/latest/940.ogg, https://raw.githubusercontent.com/PokeAPI/sprites/master/sprites/pokemon/other/official-artwork/940.png, https://raw.githubusercontent.com/PokeAPI/sprites/master/sprites/pokemon/other/official-artwork/shiny/940.png);
INSERT INTO pokemon.base_stats (base_hp, base_attack, base_defense, base_special_attack, base_special_defense, base_speed, fk_generation, fk_form)
VALUES (40, 40, 35, 55, 40, 70, 9, 1186);
INSERT INTO pokemon.form_has_type_per_generation (fk_form, fk_type, fk_generation, is_primary)
VALUES (1186, 13, 9, True);
INSERT INTO pokemon.form_has_type_per_generation (fk_form, fk_type, fk_generation, is_primary)
VALUES (1186, 3, 9, False);

INSERT INTO pokemon.pokemon_species (name, pokedex_index, is_baby, is_legendary, is_mythical, evolves_from)
VALUES ('maschiff', 942, False, False, False, None);
INSERT INTO pokemon.form (name, is_default, fk_pokemon_species, height, weight, legacy_cry, latest_cry, artwork, shiny_artwork)
VALUES ('maschiff', True, 929, 5, 160, None, https://raw.githubusercontent.com/PokeAPI/cries/main/cries/pokemon/latest/942.ogg, https://raw.githubusercontent.com/PokeAPI/sprites/master/sprites/pokemon/other/official-artwork/942.png, https://raw.githubusercontent.com/PokeAPI/sprites/master/sprites/pokemon/other/official-artwork/shiny/942.png);
INSERT INTO pokemon.base_stats (base_hp, base_attack, base_defense, base_special_attack, base_special_defense, base_speed, fk_generation, fk_form)
VALUES (60, 78, 60, 40, 51, 51, 9, 1187);
INSERT INTO pokemon.form_has_type_per_generation (fk_form, fk_type, fk_generation, is_primary)
VALUES (1187, 17, 9, True);

INSERT INTO pokemon.pokemon_species (name, pokedex_index, is_baby, is_legendary, is_mythical, evolves_from)
VALUES ('shroodle', 944, False, False, False, None);
INSERT INTO pokemon.form (name, is_default, fk_pokemon_species, height, weight, legacy_cry, latest_cry, artwork, shiny_artwork)
VALUES ('shroodle', True, 930, 2, 7, None, https://raw.githubusercontent.com/PokeAPI/cries/main/cries/pokemon/latest/944.ogg, https://raw.githubusercontent.com/PokeAPI/sprites/master/sprites/pokemon/other/official-artwork/944.png, https://raw.githubusercontent.com/PokeAPI/sprites/master/sprites/pokemon/other/official-artwork/shiny/944.png);
INSERT INTO pokemon.base_stats (base_hp, base_attack, base_defense, base_special_attack, base_special_defense, base_speed, fk_generation, fk_form)
VALUES (40, 65, 35, 40, 35, 75, 9, 1188);
INSERT INTO pokemon.form_has_type_per_generation (fk_form, fk_type, fk_generation, is_primary)
VALUES (1188, 4, 9, True);
INSERT INTO pokemon.form_has_type_per_generation (fk_form, fk_type, fk_generation, is_primary)
VALUES (1188, 1, 9, False);

INSERT INTO pokemon.pokemon_species (name, pokedex_index, is_baby, is_legendary, is_mythical, evolves_from)
VALUES ('bramblin', 946, False, False, False, None);
INSERT INTO pokemon.form (name, is_default, fk_pokemon_species, height, weight, legacy_cry, latest_cry, artwork, shiny_artwork)
VALUES ('bramblin', True, 931, 6, 6, None, https://raw.githubusercontent.com/PokeAPI/cries/main/cries/pokemon/latest/946.ogg, https://raw.githubusercontent.com/PokeAPI/sprites/master/sprites/pokemon/other/official-artwork/946.png, https://raw.githubusercontent.com/PokeAPI/sprites/master/sprites/pokemon/other/official-artwork/shiny/946.png);
INSERT INTO pokemon.base_stats (base_hp, base_attack, base_defense, base_special_attack, base_special_defense, base_speed, fk_generation, fk_form)
VALUES (40, 65, 30, 45, 35, 60, 9, 1189);
INSERT INTO pokemon.form_has_type_per_generation (fk_form, fk_type, fk_generation, is_primary)
VALUES (1189, 12, 9, True);
INSERT INTO pokemon.form_has_type_per_generation (fk_form, fk_type, fk_generation, is_primary)
VALUES (1189, 8, 9, False);

INSERT INTO pokemon.pokemon_species (name, pokedex_index, is_baby, is_legendary, is_mythical, evolves_from)
VALUES ('toedscool', 948, False, False, False, None);
INSERT INTO pokemon.form (name, is_default, fk_pokemon_species, height, weight, legacy_cry, latest_cry, artwork, shiny_artwork)
VALUES ('toedscool', True, 932, 9, 330, None, https://raw.githubusercontent.com/PokeAPI/cries/main/cries/pokemon/latest/948.ogg, https://raw.githubusercontent.com/PokeAPI/sprites/master/sprites/pokemon/other/official-artwork/948.png, https://raw.githubusercontent.com/PokeAPI/sprites/master/sprites/pokemon/other/official-artwork/shiny/948.png);
INSERT INTO pokemon.base_stats (base_hp, base_attack, base_defense, base_special_attack, base_special_defense, base_speed, fk_generation, fk_form)
VALUES (40, 40, 35, 50, 100, 70, 9, 1190);
INSERT INTO pokemon.form_has_type_per_generation (fk_form, fk_type, fk_generation, is_primary)
VALUES (1190, 5, 9, True);
INSERT INTO pokemon.form_has_type_per_generation (fk_form, fk_type, fk_generation, is_primary)
VALUES (1190, 12, 9, False);

INSERT INTO pokemon.pokemon_species (name, pokedex_index, is_baby, is_legendary, is_mythical, evolves_from)
VALUES ('klawf', 950, False, False, False, None);
INSERT INTO pokemon.form (name, is_default, fk_pokemon_species, height, weight, legacy_cry, latest_cry, artwork, shiny_artwork)
VALUES ('klawf', True, 933, 13, 790, None, https://raw.githubusercontent.com/PokeAPI/cries/main/cries/pokemon/latest/950.ogg, https://raw.githubusercontent.com/PokeAPI/sprites/master/sprites/pokemon/other/official-artwork/950.png, https://raw.githubusercontent.com/PokeAPI/sprites/master/sprites/pokemon/other/official-artwork/shiny/950.png);
INSERT INTO pokemon.base_stats (base_hp, base_attack, base_defense, base_special_attack, base_special_defense, base_speed, fk_generation, fk_form)
VALUES (70, 100, 115, 35, 55, 75, 9, 1191);
INSERT INTO pokemon.form_has_type_per_generation (fk_form, fk_type, fk_generation, is_primary)
VALUES (1191, 6, 9, True);

INSERT INTO pokemon.pokemon_species (name, pokedex_index, is_baby, is_legendary, is_mythical, evolves_from)
VALUES ('capsakid', 951, False, False, False, None);
INSERT INTO pokemon.form (name, is_default, fk_pokemon_species, height, weight, legacy_cry, latest_cry, artwork, shiny_artwork)
VALUES ('capsakid', True, 934, 3, 30, None, https://raw.githubusercontent.com/PokeAPI/cries/main/cries/pokemon/latest/951.ogg, https://raw.githubusercontent.com/PokeAPI/sprites/master/sprites/pokemon/other/official-artwork/951.png, https://raw.githubusercontent.com/PokeAPI/sprites/master/sprites/pokemon/other/official-artwork/shiny/951.png);
INSERT INTO pokemon.base_stats (base_hp, base_attack, base_defense, base_special_attack, base_special_defense, base_speed, fk_generation, fk_form)
VALUES (50, 62, 40, 62, 40, 50, 9, 1192);
INSERT INTO pokemon.form_has_type_per_generation (fk_form, fk_type, fk_generation, is_primary)
VALUES (1192, 12, 9, True);

INSERT INTO pokemon.pokemon_species (name, pokedex_index, is_baby, is_legendary, is_mythical, evolves_from)
VALUES ('rellor', 953, False, False, False, None);
INSERT INTO pokemon.form (name, is_default, fk_pokemon_species, height, weight, legacy_cry, latest_cry, artwork, shiny_artwork)
VALUES ('rellor', True, 935, 2, 10, None, https://raw.githubusercontent.com/PokeAPI/cries/main/cries/pokemon/latest/953.ogg, https://raw.githubusercontent.com/PokeAPI/sprites/master/sprites/pokemon/other/official-artwork/953.png, https://raw.githubusercontent.com/PokeAPI/sprites/master/sprites/pokemon/other/official-artwork/shiny/953.png);
INSERT INTO pokemon.base_stats (base_hp, base_attack, base_defense, base_special_attack, base_special_defense, base_speed, fk_generation, fk_form)
VALUES (41, 50, 60, 31, 58, 30, 9, 1193);
INSERT INTO pokemon.form_has_type_per_generation (fk_form, fk_type, fk_generation, is_primary)
VALUES (1193, 7, 9, True);

INSERT INTO pokemon.pokemon_species (name, pokedex_index, is_baby, is_legendary, is_mythical, evolves_from)
VALUES ('flittle', 955, False, False, False, None);
INSERT INTO pokemon.form (name, is_default, fk_pokemon_species, height, weight, legacy_cry, latest_cry, artwork, shiny_artwork)
VALUES ('flittle', True, 936, 2, 15, None, https://raw.githubusercontent.com/PokeAPI/cries/main/cries/pokemon/latest/955.ogg, https://raw.githubusercontent.com/PokeAPI/sprites/master/sprites/pokemon/other/official-artwork/955.png, https://raw.githubusercontent.com/PokeAPI/sprites/master/sprites/pokemon/other/official-artwork/shiny/955.png);
INSERT INTO pokemon.base_stats (base_hp, base_attack, base_defense, base_special_attack, base_special_defense, base_speed, fk_generation, fk_form)
VALUES (30, 35, 30, 55, 30, 75, 9, 1194);
INSERT INTO pokemon.form_has_type_per_generation (fk_form, fk_type, fk_generation, is_primary)
VALUES (1194, 14, 9, True);

INSERT INTO pokemon.pokemon_species (name, pokedex_index, is_baby, is_legendary, is_mythical, evolves_from)
VALUES ('tinkatink', 957, False, False, False, None);
INSERT INTO pokemon.form (name, is_default, fk_pokemon_species, height, weight, legacy_cry, latest_cry, artwork, shiny_artwork)
VALUES ('tinkatink', True, 937, 4, 89, None, https://raw.githubusercontent.com/PokeAPI/cries/main/cries/pokemon/latest/957.ogg, https://raw.githubusercontent.com/PokeAPI/sprites/master/sprites/pokemon/other/official-artwork/957.png, https://raw.githubusercontent.com/PokeAPI/sprites/master/sprites/pokemon/other/official-artwork/shiny/957.png);
INSERT INTO pokemon.base_stats (base_hp, base_attack, base_defense, base_special_attack, base_special_defense, base_speed, fk_generation, fk_form)
VALUES (50, 45, 45, 35, 64, 58, 9, 1195);
INSERT INTO pokemon.form_has_type_per_generation (fk_form, fk_type, fk_generation, is_primary)
VALUES (1195, 18, 9, True);
INSERT INTO pokemon.form_has_type_per_generation (fk_form, fk_type, fk_generation, is_primary)
VALUES (1195, 9, 9, False);

INSERT INTO pokemon.pokemon_species (name, pokedex_index, is_baby, is_legendary, is_mythical, evolves_from)
VALUES ('wiglett', 960, False, False, False, None);
INSERT INTO pokemon.form (name, is_default, fk_pokemon_species, height, weight, legacy_cry, latest_cry, artwork, shiny_artwork)
VALUES ('wiglett', True, 938, 12, 18, None, https://raw.githubusercontent.com/PokeAPI/cries/main/cries/pokemon/latest/960.ogg, https://raw.githubusercontent.com/PokeAPI/sprites/master/sprites/pokemon/other/official-artwork/960.png, https://raw.githubusercontent.com/PokeAPI/sprites/master/sprites/pokemon/other/official-artwork/shiny/960.png);
INSERT INTO pokemon.base_stats (base_hp, base_attack, base_defense, base_special_attack, base_special_defense, base_speed, fk_generation, fk_form)
VALUES (10, 55, 25, 35, 25, 95, 9, 1196);
INSERT INTO pokemon.form_has_type_per_generation (fk_form, fk_type, fk_generation, is_primary)
VALUES (1196, 11, 9, True);

INSERT INTO pokemon.pokemon_species (name, pokedex_index, is_baby, is_legendary, is_mythical, evolves_from)
VALUES ('bombirdier', 962, False, False, False, None);
INSERT INTO pokemon.form (name, is_default, fk_pokemon_species, height, weight, legacy_cry, latest_cry, artwork, shiny_artwork)
VALUES ('bombirdier', True, 939, 15, 429, None, https://raw.githubusercontent.com/PokeAPI/cries/main/cries/pokemon/latest/962.ogg, https://raw.githubusercontent.com/PokeAPI/sprites/master/sprites/pokemon/other/official-artwork/962.png, https://raw.githubusercontent.com/PokeAPI/sprites/master/sprites/pokemon/other/official-artwork/shiny/962.png);
INSERT INTO pokemon.base_stats (base_hp, base_attack, base_defense, base_special_attack, base_special_defense, base_speed, fk_generation, fk_form)
VALUES (70, 103, 85, 60, 85, 82, 9, 1197);
INSERT INTO pokemon.form_has_type_per_generation (fk_form, fk_type, fk_generation, is_primary)
VALUES (1197, 3, 9, True);
INSERT INTO pokemon.form_has_type_per_generation (fk_form, fk_type, fk_generation, is_primary)
VALUES (1197, 17, 9, False);

INSERT INTO pokemon.pokemon_species (name, pokedex_index, is_baby, is_legendary, is_mythical, evolves_from)
VALUES ('finizen', 963, False, False, False, None);
INSERT INTO pokemon.form (name, is_default, fk_pokemon_species, height, weight, legacy_cry, latest_cry, artwork, shiny_artwork)
VALUES ('finizen', True, 940, 13, 602, None, https://raw.githubusercontent.com/PokeAPI/cries/main/cries/pokemon/latest/963.ogg, https://raw.githubusercontent.com/PokeAPI/sprites/master/sprites/pokemon/other/official-artwork/963.png, https://raw.githubusercontent.com/PokeAPI/sprites/master/sprites/pokemon/other/official-artwork/shiny/963.png);
INSERT INTO pokemon.base_stats (base_hp, base_attack, base_defense, base_special_attack, base_special_defense, base_speed, fk_generation, fk_form)
VALUES (70, 45, 40, 45, 40, 75, 9, 1198);
INSERT INTO pokemon.form_has_type_per_generation (fk_form, fk_type, fk_generation, is_primary)
VALUES (1198, 11, 9, True);

INSERT INTO pokemon.pokemon_species (name, pokedex_index, is_baby, is_legendary, is_mythical, evolves_from)
VALUES ('varoom', 965, False, False, False, None);
INSERT INTO pokemon.form (name, is_default, fk_pokemon_species, height, weight, legacy_cry, latest_cry, artwork, shiny_artwork)
VALUES ('varoom', True, 941, 10, 350, None, https://raw.githubusercontent.com/PokeAPI/cries/main/cries/pokemon/latest/965.ogg, https://raw.githubusercontent.com/PokeAPI/sprites/master/sprites/pokemon/other/official-artwork/965.png, https://raw.githubusercontent.com/PokeAPI/sprites/master/sprites/pokemon/other/official-artwork/shiny/965.png);
INSERT INTO pokemon.base_stats (base_hp, base_attack, base_defense, base_special_attack, base_special_defense, base_speed, fk_generation, fk_form)
VALUES (45, 70, 63, 30, 45, 47, 9, 1199);
INSERT INTO pokemon.form_has_type_per_generation (fk_form, fk_type, fk_generation, is_primary)
VALUES (1199, 9, 9, True);
INSERT INTO pokemon.form_has_type_per_generation (fk_form, fk_type, fk_generation, is_primary)
VALUES (1199, 4, 9, False);

INSERT INTO pokemon.pokemon_species (name, pokedex_index, is_baby, is_legendary, is_mythical, evolves_from)
VALUES ('cyclizar', 967, False, False, False, None);
INSERT INTO pokemon.form (name, is_default, fk_pokemon_species, height, weight, legacy_cry, latest_cry, artwork, shiny_artwork)
VALUES ('cyclizar', True, 942, 16, 630, None, https://raw.githubusercontent.com/PokeAPI/cries/main/cries/pokemon/latest/967.ogg, https://raw.githubusercontent.com/PokeAPI/sprites/master/sprites/pokemon/other/official-artwork/967.png, https://raw.githubusercontent.com/PokeAPI/sprites/master/sprites/pokemon/other/official-artwork/shiny/967.png);
INSERT INTO pokemon.base_stats (base_hp, base_attack, base_defense, base_special_attack, base_special_defense, base_speed, fk_generation, fk_form)
VALUES (70, 95, 65, 85, 65, 121, 9, 1200);
INSERT INTO pokemon.form_has_type_per_generation (fk_form, fk_type, fk_generation, is_primary)
VALUES (1200, 16, 9, True);
INSERT INTO pokemon.form_has_type_per_generation (fk_form, fk_type, fk_generation, is_primary)
VALUES (1200, 1, 9, False);

INSERT INTO pokemon.pokemon_species (name, pokedex_index, is_baby, is_legendary, is_mythical, evolves_from)
VALUES ('orthworm', 968, False, False, False, None);
INSERT INTO pokemon.form (name, is_default, fk_pokemon_species, height, weight, legacy_cry, latest_cry, artwork, shiny_artwork)
VALUES ('orthworm', True, 943, 25, 3100, None, https://raw.githubusercontent.com/PokeAPI/cries/main/cries/pokemon/latest/968.ogg, https://raw.githubusercontent.com/PokeAPI/sprites/master/sprites/pokemon/other/official-artwork/968.png, https://raw.githubusercontent.com/PokeAPI/sprites/master/sprites/pokemon/other/official-artwork/shiny/968.png);
INSERT INTO pokemon.base_stats (base_hp, base_attack, base_defense, base_special_attack, base_special_defense, base_speed, fk_generation, fk_form)
VALUES (70, 85, 145, 60, 55, 65, 9, 1201);
INSERT INTO pokemon.form_has_type_per_generation (fk_form, fk_type, fk_generation, is_primary)
VALUES (1201, 9, 9, True);

INSERT INTO pokemon.pokemon_species (name, pokedex_index, is_baby, is_legendary, is_mythical, evolves_from)
VALUES ('glimmet', 969, False, False, False, None);
INSERT INTO pokemon.form (name, is_default, fk_pokemon_species, height, weight, legacy_cry, latest_cry, artwork, shiny_artwork)
VALUES ('glimmet', True, 944, 7, 80, None, https://raw.githubusercontent.com/PokeAPI/cries/main/cries/pokemon/latest/969.ogg, https://raw.githubusercontent.com/PokeAPI/sprites/master/sprites/pokemon/other/official-artwork/969.png, https://raw.githubusercontent.com/PokeAPI/sprites/master/sprites/pokemon/other/official-artwork/shiny/969.png);
INSERT INTO pokemon.base_stats (base_hp, base_attack, base_defense, base_special_attack, base_special_defense, base_speed, fk_generation, fk_form)
VALUES (48, 35, 42, 105, 60, 60, 9, 1202);
INSERT INTO pokemon.form_has_type_per_generation (fk_form, fk_type, fk_generation, is_primary)
VALUES (1202, 6, 9, True);
INSERT INTO pokemon.form_has_type_per_generation (fk_form, fk_type, fk_generation, is_primary)
VALUES (1202, 4, 9, False);

INSERT INTO pokemon.pokemon_species (name, pokedex_index, is_baby, is_legendary, is_mythical, evolves_from)
VALUES ('greavard', 971, False, False, False, None);
INSERT INTO pokemon.form (name, is_default, fk_pokemon_species, height, weight, legacy_cry, latest_cry, artwork, shiny_artwork)
VALUES ('greavard', True, 945, 6, 350, None, https://raw.githubusercontent.com/PokeAPI/cries/main/cries/pokemon/latest/971.ogg, https://raw.githubusercontent.com/PokeAPI/sprites/master/sprites/pokemon/other/official-artwork/971.png, https://raw.githubusercontent.com/PokeAPI/sprites/master/sprites/pokemon/other/official-artwork/shiny/971.png);
INSERT INTO pokemon.base_stats (base_hp, base_attack, base_defense, base_special_attack, base_special_defense, base_speed, fk_generation, fk_form)
VALUES (50, 61, 60, 30, 55, 34, 9, 1203);
INSERT INTO pokemon.form_has_type_per_generation (fk_form, fk_type, fk_generation, is_primary)
VALUES (1203, 8, 9, True);

INSERT INTO pokemon.pokemon_species (name, pokedex_index, is_baby, is_legendary, is_mythical, evolves_from)
VALUES ('flamigo', 973, False, False, False, None);
INSERT INTO pokemon.form (name, is_default, fk_pokemon_species, height, weight, legacy_cry, latest_cry, artwork, shiny_artwork)
VALUES ('flamigo', True, 946, 16, 370, None, https://raw.githubusercontent.com/PokeAPI/cries/main/cries/pokemon/latest/973.ogg, https://raw.githubusercontent.com/PokeAPI/sprites/master/sprites/pokemon/other/official-artwork/973.png, https://raw.githubusercontent.com/PokeAPI/sprites/master/sprites/pokemon/other/official-artwork/shiny/973.png);
INSERT INTO pokemon.base_stats (base_hp, base_attack, base_defense, base_special_attack, base_special_defense, base_speed, fk_generation, fk_form)
VALUES (82, 115, 74, 75, 64, 90, 9, 1204);
INSERT INTO pokemon.form_has_type_per_generation (fk_form, fk_type, fk_generation, is_primary)
VALUES (1204, 3, 9, True);
INSERT INTO pokemon.form_has_type_per_generation (fk_form, fk_type, fk_generation, is_primary)
VALUES (1204, 2, 9, False);

INSERT INTO pokemon.pokemon_species (name, pokedex_index, is_baby, is_legendary, is_mythical, evolves_from)
VALUES ('cetoddle', 974, False, False, False, None);
INSERT INTO pokemon.form (name, is_default, fk_pokemon_species, height, weight, legacy_cry, latest_cry, artwork, shiny_artwork)
VALUES ('cetoddle', True, 947, 12, 450, None, https://raw.githubusercontent.com/PokeAPI/cries/main/cries/pokemon/latest/974.ogg, https://raw.githubusercontent.com/PokeAPI/sprites/master/sprites/pokemon/other/official-artwork/974.png, https://raw.githubusercontent.com/PokeAPI/sprites/master/sprites/pokemon/other/official-artwork/shiny/974.png);
INSERT INTO pokemon.base_stats (base_hp, base_attack, base_defense, base_special_attack, base_special_defense, base_speed, fk_generation, fk_form)
VALUES (108, 68, 45, 30, 40, 43, 9, 1205);
INSERT INTO pokemon.form_has_type_per_generation (fk_form, fk_type, fk_generation, is_primary)
VALUES (1205, 15, 9, True);

INSERT INTO pokemon.pokemon_species (name, pokedex_index, is_baby, is_legendary, is_mythical, evolves_from)
VALUES ('veluza', 976, False, False, False, None);
INSERT INTO pokemon.form (name, is_default, fk_pokemon_species, height, weight, legacy_cry, latest_cry, artwork, shiny_artwork)
VALUES ('veluza', True, 948, 25, 900, None, https://raw.githubusercontent.com/PokeAPI/cries/main/cries/pokemon/latest/976.ogg, https://raw.githubusercontent.com/PokeAPI/sprites/master/sprites/pokemon/other/official-artwork/976.png, https://raw.githubusercontent.com/PokeAPI/sprites/master/sprites/pokemon/other/official-artwork/shiny/976.png);
INSERT INTO pokemon.base_stats (base_hp, base_attack, base_defense, base_special_attack, base_special_defense, base_speed, fk_generation, fk_form)
VALUES (90, 102, 73, 78, 65, 70, 9, 1206);
INSERT INTO pokemon.form_has_type_per_generation (fk_form, fk_type, fk_generation, is_primary)
VALUES (1206, 11, 9, True);
INSERT INTO pokemon.form_has_type_per_generation (fk_form, fk_type, fk_generation, is_primary)
VALUES (1206, 14, 9, False);

INSERT INTO pokemon.pokemon_species (name, pokedex_index, is_baby, is_legendary, is_mythical, evolves_from)
VALUES ('dondozo', 977, False, False, False, None);
INSERT INTO pokemon.form (name, is_default, fk_pokemon_species, height, weight, legacy_cry, latest_cry, artwork, shiny_artwork)
VALUES ('dondozo', True, 949, 120, 2200, None, https://raw.githubusercontent.com/PokeAPI/cries/main/cries/pokemon/latest/977.ogg, https://raw.githubusercontent.com/PokeAPI/sprites/master/sprites/pokemon/other/official-artwork/977.png, https://raw.githubusercontent.com/PokeAPI/sprites/master/sprites/pokemon/other/official-artwork/shiny/977.png);
INSERT INTO pokemon.base_stats (base_hp, base_attack, base_defense, base_special_attack, base_special_defense, base_speed, fk_generation, fk_form)
VALUES (150, 100, 115, 65, 65, 35, 9, 1207);
INSERT INTO pokemon.form_has_type_per_generation (fk_form, fk_type, fk_generation, is_primary)
VALUES (1207, 11, 9, True);

INSERT INTO pokemon.pokemon_species (name, pokedex_index, is_baby, is_legendary, is_mythical, evolves_from)
VALUES ('tatsugiri', 978, False, False, False, None);
INSERT INTO pokemon.form (name, is_default, fk_pokemon_species, height, weight, legacy_cry, latest_cry, artwork, shiny_artwork)
VALUES ('tatsugiri-curly', False, 950, 3, 80, None, https://raw.githubusercontent.com/PokeAPI/cries/main/cries/pokemon/latest/978.ogg, https://raw.githubusercontent.com/PokeAPI/sprites/master/sprites/pokemon/other/official-artwork/978.png, https://raw.githubusercontent.com/PokeAPI/sprites/master/sprites/pokemon/other/official-artwork/shiny/978.png);
INSERT INTO pokemon.base_stats (base_hp, base_attack, base_defense, base_special_attack, base_special_defense, base_speed, fk_generation, fk_form)
VALUES (68, 50, 60, 120, 95, 82, 9, 1208);
INSERT INTO pokemon.form_has_type_per_generation (fk_form, fk_type, fk_generation, is_primary)
VALUES (1208, 16, 9, True);
INSERT INTO pokemon.form_has_type_per_generation (fk_form, fk_type, fk_generation, is_primary)
VALUES (1208, 11, 9, False);

INSERT INTO pokemon.form (name, is_default, fk_pokemon_species, height, weight, legacy_cry, latest_cry, artwork, shiny_artwork)
VALUES ('tatsugiri-droopy', False, 950, 3, 80, None, https://raw.githubusercontent.com/PokeAPI/cries/main/cries/pokemon/latest/10258.ogg, https://raw.githubusercontent.com/PokeAPI/sprites/master/sprites/pokemon/other/official-artwork/10258.png, https://raw.githubusercontent.com/PokeAPI/sprites/master/sprites/pokemon/other/official-artwork/shiny/10258.png);
INSERT INTO pokemon.base_stats (base_hp, base_attack, base_defense, base_special_attack, base_special_defense, base_speed, fk_generation, fk_form)
VALUES (68, 50, 60, 120, 95, 82, 9, 1209);
INSERT INTO pokemon.form_has_type_per_generation (fk_form, fk_type, fk_generation, is_primary)
VALUES (1209, 16, 9, True);
INSERT INTO pokemon.form_has_type_per_generation (fk_form, fk_type, fk_generation, is_primary)
VALUES (1209, 11, 9, False);

INSERT INTO pokemon.form (name, is_default, fk_pokemon_species, height, weight, legacy_cry, latest_cry, artwork, shiny_artwork)
VALUES ('tatsugiri-stretchy', False, 950, 3, 80, None, https://raw.githubusercontent.com/PokeAPI/cries/main/cries/pokemon/latest/10259.ogg, https://raw.githubusercontent.com/PokeAPI/sprites/master/sprites/pokemon/other/official-artwork/10259.png, https://raw.githubusercontent.com/PokeAPI/sprites/master/sprites/pokemon/other/official-artwork/shiny/10259.png);
INSERT INTO pokemon.base_stats (base_hp, base_attack, base_defense, base_special_attack, base_special_defense, base_speed, fk_generation, fk_form)
VALUES (68, 50, 60, 120, 95, 82, 9, 1210);
INSERT INTO pokemon.form_has_type_per_generation (fk_form, fk_type, fk_generation, is_primary)
VALUES (1210, 16, 9, True);
INSERT INTO pokemon.form_has_type_per_generation (fk_form, fk_type, fk_generation, is_primary)
VALUES (1210, 11, 9, False);

INSERT INTO pokemon.pokemon_species (name, pokedex_index, is_baby, is_legendary, is_mythical, evolves_from)
VALUES ('great-tusk', 984, False, False, False, None);
INSERT INTO pokemon.form (name, is_default, fk_pokemon_species, height, weight, legacy_cry, latest_cry, artwork, shiny_artwork)
VALUES ('great-tusk', True, 951, 22, 3200, None, https://raw.githubusercontent.com/PokeAPI/cries/main/cries/pokemon/latest/984.ogg, https://raw.githubusercontent.com/PokeAPI/sprites/master/sprites/pokemon/other/official-artwork/984.png, https://raw.githubusercontent.com/PokeAPI/sprites/master/sprites/pokemon/other/official-artwork/shiny/984.png);
INSERT INTO pokemon.base_stats (base_hp, base_attack, base_defense, base_special_attack, base_special_defense, base_speed, fk_generation, fk_form)
VALUES (115, 131, 131, 53, 53, 87, 9, 1211);
INSERT INTO pokemon.form_has_type_per_generation (fk_form, fk_type, fk_generation, is_primary)
VALUES (1211, 5, 9, True);
INSERT INTO pokemon.form_has_type_per_generation (fk_form, fk_type, fk_generation, is_primary)
VALUES (1211, 2, 9, False);

INSERT INTO pokemon.pokemon_species (name, pokedex_index, is_baby, is_legendary, is_mythical, evolves_from)
VALUES ('scream-tail', 985, False, False, False, None);
INSERT INTO pokemon.form (name, is_default, fk_pokemon_species, height, weight, legacy_cry, latest_cry, artwork, shiny_artwork)
VALUES ('scream-tail', True, 952, 12, 80, None, https://raw.githubusercontent.com/PokeAPI/cries/main/cries/pokemon/latest/985.ogg, https://raw.githubusercontent.com/PokeAPI/sprites/master/sprites/pokemon/other/official-artwork/985.png, https://raw.githubusercontent.com/PokeAPI/sprites/master/sprites/pokemon/other/official-artwork/shiny/985.png);
INSERT INTO pokemon.base_stats (base_hp, base_attack, base_defense, base_special_attack, base_special_defense, base_speed, fk_generation, fk_form)
VALUES (115, 65, 99, 65, 115, 111, 9, 1212);
INSERT INTO pokemon.form_has_type_per_generation (fk_form, fk_type, fk_generation, is_primary)
VALUES (1212, 18, 9, True);
INSERT INTO pokemon.form_has_type_per_generation (fk_form, fk_type, fk_generation, is_primary)
VALUES (1212, 14, 9, False);

INSERT INTO pokemon.pokemon_species (name, pokedex_index, is_baby, is_legendary, is_mythical, evolves_from)
VALUES ('brute-bonnet', 986, False, False, False, None);
INSERT INTO pokemon.form (name, is_default, fk_pokemon_species, height, weight, legacy_cry, latest_cry, artwork, shiny_artwork)
VALUES ('brute-bonnet', True, 953, 12, 210, None, https://raw.githubusercontent.com/PokeAPI/cries/main/cries/pokemon/latest/986.ogg, https://raw.githubusercontent.com/PokeAPI/sprites/master/sprites/pokemon/other/official-artwork/986.png, https://raw.githubusercontent.com/PokeAPI/sprites/master/sprites/pokemon/other/official-artwork/shiny/986.png);
INSERT INTO pokemon.base_stats (base_hp, base_attack, base_defense, base_special_attack, base_special_defense, base_speed, fk_generation, fk_form)
VALUES (111, 127, 99, 79, 99, 55, 9, 1213);
INSERT INTO pokemon.form_has_type_per_generation (fk_form, fk_type, fk_generation, is_primary)
VALUES (1213, 12, 9, True);
INSERT INTO pokemon.form_has_type_per_generation (fk_form, fk_type, fk_generation, is_primary)
VALUES (1213, 17, 9, False);

INSERT INTO pokemon.pokemon_species (name, pokedex_index, is_baby, is_legendary, is_mythical, evolves_from)
VALUES ('flutter-mane', 987, False, False, False, None);
INSERT INTO pokemon.form (name, is_default, fk_pokemon_species, height, weight, legacy_cry, latest_cry, artwork, shiny_artwork)
VALUES ('flutter-mane', True, 954, 14, 40, None, https://raw.githubusercontent.com/PokeAPI/cries/main/cries/pokemon/latest/987.ogg, https://raw.githubusercontent.com/PokeAPI/sprites/master/sprites/pokemon/other/official-artwork/987.png, https://raw.githubusercontent.com/PokeAPI/sprites/master/sprites/pokemon/other/official-artwork/shiny/987.png);
INSERT INTO pokemon.base_stats (base_hp, base_attack, base_defense, base_special_attack, base_special_defense, base_speed, fk_generation, fk_form)
VALUES (55, 55, 55, 135, 135, 135, 9, 1214);
INSERT INTO pokemon.form_has_type_per_generation (fk_form, fk_type, fk_generation, is_primary)
VALUES (1214, 8, 9, True);
INSERT INTO pokemon.form_has_type_per_generation (fk_form, fk_type, fk_generation, is_primary)
VALUES (1214, 18, 9, False);

INSERT INTO pokemon.pokemon_species (name, pokedex_index, is_baby, is_legendary, is_mythical, evolves_from)
VALUES ('slither-wing', 988, False, False, False, None);
INSERT INTO pokemon.form (name, is_default, fk_pokemon_species, height, weight, legacy_cry, latest_cry, artwork, shiny_artwork)
VALUES ('slither-wing', True, 955, 32, 920, None, https://raw.githubusercontent.com/PokeAPI/cries/main/cries/pokemon/latest/988.ogg, https://raw.githubusercontent.com/PokeAPI/sprites/master/sprites/pokemon/other/official-artwork/988.png, https://raw.githubusercontent.com/PokeAPI/sprites/master/sprites/pokemon/other/official-artwork/shiny/988.png);
INSERT INTO pokemon.base_stats (base_hp, base_attack, base_defense, base_special_attack, base_special_defense, base_speed, fk_generation, fk_form)
VALUES (85, 135, 79, 85, 105, 81, 9, 1215);
INSERT INTO pokemon.form_has_type_per_generation (fk_form, fk_type, fk_generation, is_primary)
VALUES (1215, 7, 9, True);
INSERT INTO pokemon.form_has_type_per_generation (fk_form, fk_type, fk_generation, is_primary)
VALUES (1215, 2, 9, False);

INSERT INTO pokemon.pokemon_species (name, pokedex_index, is_baby, is_legendary, is_mythical, evolves_from)
VALUES ('sandy-shocks', 989, False, False, False, None);
INSERT INTO pokemon.form (name, is_default, fk_pokemon_species, height, weight, legacy_cry, latest_cry, artwork, shiny_artwork)
VALUES ('sandy-shocks', True, 956, 23, 600, None, https://raw.githubusercontent.com/PokeAPI/cries/main/cries/pokemon/latest/989.ogg, https://raw.githubusercontent.com/PokeAPI/sprites/master/sprites/pokemon/other/official-artwork/989.png, https://raw.githubusercontent.com/PokeAPI/sprites/master/sprites/pokemon/other/official-artwork/shiny/989.png);
INSERT INTO pokemon.base_stats (base_hp, base_attack, base_defense, base_special_attack, base_special_defense, base_speed, fk_generation, fk_form)
VALUES (85, 81, 97, 121, 85, 101, 9, 1216);
INSERT INTO pokemon.form_has_type_per_generation (fk_form, fk_type, fk_generation, is_primary)
VALUES (1216, 13, 9, True);
INSERT INTO pokemon.form_has_type_per_generation (fk_form, fk_type, fk_generation, is_primary)
VALUES (1216, 5, 9, False);

INSERT INTO pokemon.pokemon_species (name, pokedex_index, is_baby, is_legendary, is_mythical, evolves_from)
VALUES ('iron-treads', 990, False, False, False, None);
INSERT INTO pokemon.form (name, is_default, fk_pokemon_species, height, weight, legacy_cry, latest_cry, artwork, shiny_artwork)
VALUES ('iron-treads', True, 957, 9, 2400, None, https://raw.githubusercontent.com/PokeAPI/cries/main/cries/pokemon/latest/990.ogg, https://raw.githubusercontent.com/PokeAPI/sprites/master/sprites/pokemon/other/official-artwork/990.png, https://raw.githubusercontent.com/PokeAPI/sprites/master/sprites/pokemon/other/official-artwork/shiny/990.png);
INSERT INTO pokemon.base_stats (base_hp, base_attack, base_defense, base_special_attack, base_special_defense, base_speed, fk_generation, fk_form)
VALUES (90, 112, 120, 72, 70, 106, 9, 1217);
INSERT INTO pokemon.form_has_type_per_generation (fk_form, fk_type, fk_generation, is_primary)
VALUES (1217, 5, 9, True);
INSERT INTO pokemon.form_has_type_per_generation (fk_form, fk_type, fk_generation, is_primary)
VALUES (1217, 9, 9, False);

INSERT INTO pokemon.pokemon_species (name, pokedex_index, is_baby, is_legendary, is_mythical, evolves_from)
VALUES ('iron-bundle', 991, False, False, False, None);
INSERT INTO pokemon.form (name, is_default, fk_pokemon_species, height, weight, legacy_cry, latest_cry, artwork, shiny_artwork)
VALUES ('iron-bundle', True, 958, 6, 110, None, https://raw.githubusercontent.com/PokeAPI/cries/main/cries/pokemon/latest/991.ogg, https://raw.githubusercontent.com/PokeAPI/sprites/master/sprites/pokemon/other/official-artwork/991.png, https://raw.githubusercontent.com/PokeAPI/sprites/master/sprites/pokemon/other/official-artwork/shiny/991.png);
INSERT INTO pokemon.base_stats (base_hp, base_attack, base_defense, base_special_attack, base_special_defense, base_speed, fk_generation, fk_form)
VALUES (56, 80, 114, 124, 60, 136, 9, 1218);
INSERT INTO pokemon.form_has_type_per_generation (fk_form, fk_type, fk_generation, is_primary)
VALUES (1218, 15, 9, True);
INSERT INTO pokemon.form_has_type_per_generation (fk_form, fk_type, fk_generation, is_primary)
VALUES (1218, 11, 9, False);

INSERT INTO pokemon.pokemon_species (name, pokedex_index, is_baby, is_legendary, is_mythical, evolves_from)
VALUES ('iron-hands', 992, False, False, False, None);
INSERT INTO pokemon.form (name, is_default, fk_pokemon_species, height, weight, legacy_cry, latest_cry, artwork, shiny_artwork)
VALUES ('iron-hands', True, 959, 18, 3807, None, https://raw.githubusercontent.com/PokeAPI/cries/main/cries/pokemon/latest/992.ogg, https://raw.githubusercontent.com/PokeAPI/sprites/master/sprites/pokemon/other/official-artwork/992.png, https://raw.githubusercontent.com/PokeAPI/sprites/master/sprites/pokemon/other/official-artwork/shiny/992.png);
INSERT INTO pokemon.base_stats (base_hp, base_attack, base_defense, base_special_attack, base_special_defense, base_speed, fk_generation, fk_form)
VALUES (154, 140, 108, 50, 68, 50, 9, 1219);
INSERT INTO pokemon.form_has_type_per_generation (fk_form, fk_type, fk_generation, is_primary)
VALUES (1219, 2, 9, True);
INSERT INTO pokemon.form_has_type_per_generation (fk_form, fk_type, fk_generation, is_primary)
VALUES (1219, 13, 9, False);

INSERT INTO pokemon.pokemon_species (name, pokedex_index, is_baby, is_legendary, is_mythical, evolves_from)
VALUES ('iron-jugulis', 993, False, False, False, None);
INSERT INTO pokemon.form (name, is_default, fk_pokemon_species, height, weight, legacy_cry, latest_cry, artwork, shiny_artwork)
VALUES ('iron-jugulis', True, 960, 13, 1110, None, https://raw.githubusercontent.com/PokeAPI/cries/main/cries/pokemon/latest/993.ogg, https://raw.githubusercontent.com/PokeAPI/sprites/master/sprites/pokemon/other/official-artwork/993.png, https://raw.githubusercontent.com/PokeAPI/sprites/master/sprites/pokemon/other/official-artwork/shiny/993.png);
INSERT INTO pokemon.base_stats (base_hp, base_attack, base_defense, base_special_attack, base_special_defense, base_speed, fk_generation, fk_form)
VALUES (94, 80, 86, 122, 80, 108, 9, 1220);
INSERT INTO pokemon.form_has_type_per_generation (fk_form, fk_type, fk_generation, is_primary)
VALUES (1220, 17, 9, True);
INSERT INTO pokemon.form_has_type_per_generation (fk_form, fk_type, fk_generation, is_primary)
VALUES (1220, 3, 9, False);

INSERT INTO pokemon.pokemon_species (name, pokedex_index, is_baby, is_legendary, is_mythical, evolves_from)
VALUES ('iron-moth', 994, False, False, False, None);
INSERT INTO pokemon.form (name, is_default, fk_pokemon_species, height, weight, legacy_cry, latest_cry, artwork, shiny_artwork)
VALUES ('iron-moth', True, 961, 12, 360, None, https://raw.githubusercontent.com/PokeAPI/cries/main/cries/pokemon/latest/994.ogg, https://raw.githubusercontent.com/PokeAPI/sprites/master/sprites/pokemon/other/official-artwork/994.png, https://raw.githubusercontent.com/PokeAPI/sprites/master/sprites/pokemon/other/official-artwork/shiny/994.png);
INSERT INTO pokemon.base_stats (base_hp, base_attack, base_defense, base_special_attack, base_special_defense, base_speed, fk_generation, fk_form)
VALUES (80, 70, 60, 140, 110, 110, 9, 1221);
INSERT INTO pokemon.form_has_type_per_generation (fk_form, fk_type, fk_generation, is_primary)
VALUES (1221, 10, 9, True);
INSERT INTO pokemon.form_has_type_per_generation (fk_form, fk_type, fk_generation, is_primary)
VALUES (1221, 4, 9, False);

INSERT INTO pokemon.pokemon_species (name, pokedex_index, is_baby, is_legendary, is_mythical, evolves_from)
VALUES ('iron-thorns', 995, False, False, False, None);
INSERT INTO pokemon.form (name, is_default, fk_pokemon_species, height, weight, legacy_cry, latest_cry, artwork, shiny_artwork)
VALUES ('iron-thorns', True, 962, 16, 3030, None, https://raw.githubusercontent.com/PokeAPI/cries/main/cries/pokemon/latest/995.ogg, https://raw.githubusercontent.com/PokeAPI/sprites/master/sprites/pokemon/other/official-artwork/995.png, https://raw.githubusercontent.com/PokeAPI/sprites/master/sprites/pokemon/other/official-artwork/shiny/995.png);
INSERT INTO pokemon.base_stats (base_hp, base_attack, base_defense, base_special_attack, base_special_defense, base_speed, fk_generation, fk_form)
VALUES (100, 134, 110, 70, 84, 72, 9, 1222);
INSERT INTO pokemon.form_has_type_per_generation (fk_form, fk_type, fk_generation, is_primary)
VALUES (1222, 6, 9, True);
INSERT INTO pokemon.form_has_type_per_generation (fk_form, fk_type, fk_generation, is_primary)
VALUES (1222, 13, 9, False);

INSERT INTO pokemon.pokemon_species (name, pokedex_index, is_baby, is_legendary, is_mythical, evolves_from)
VALUES ('frigibax', 996, False, False, False, None);
INSERT INTO pokemon.form (name, is_default, fk_pokemon_species, height, weight, legacy_cry, latest_cry, artwork, shiny_artwork)
VALUES ('frigibax', True, 963, 5, 170, None, https://raw.githubusercontent.com/PokeAPI/cries/main/cries/pokemon/latest/996.ogg, https://raw.githubusercontent.com/PokeAPI/sprites/master/sprites/pokemon/other/official-artwork/996.png, https://raw.githubusercontent.com/PokeAPI/sprites/master/sprites/pokemon/other/official-artwork/shiny/996.png);
INSERT INTO pokemon.base_stats (base_hp, base_attack, base_defense, base_special_attack, base_special_defense, base_speed, fk_generation, fk_form)
VALUES (65, 75, 45, 35, 45, 55, 9, 1223);
INSERT INTO pokemon.form_has_type_per_generation (fk_form, fk_type, fk_generation, is_primary)
VALUES (1223, 16, 9, True);
INSERT INTO pokemon.form_has_type_per_generation (fk_form, fk_type, fk_generation, is_primary)
VALUES (1223, 15, 9, False);

INSERT INTO pokemon.pokemon_species (name, pokedex_index, is_baby, is_legendary, is_mythical, evolves_from)
VALUES ('pawmo', 922, False, False, False, pawmi);
INSERT INTO pokemon.form (name, is_default, fk_pokemon_species, height, weight, legacy_cry, latest_cry, artwork, shiny_artwork)
VALUES ('pawmo', True, 964, 4, 65, None, https://raw.githubusercontent.com/PokeAPI/cries/main/cries/pokemon/latest/922.ogg, https://raw.githubusercontent.com/PokeAPI/sprites/master/sprites/pokemon/other/official-artwork/922.png, https://raw.githubusercontent.com/PokeAPI/sprites/master/sprites/pokemon/other/official-artwork/shiny/922.png);
INSERT INTO pokemon.base_stats (base_hp, base_attack, base_defense, base_special_attack, base_special_defense, base_speed, fk_generation, fk_form)
VALUES (60, 75, 40, 50, 40, 85, 9, 1224);
INSERT INTO pokemon.form_has_type_per_generation (fk_form, fk_type, fk_generation, is_primary)
VALUES (1224, 13, 9, True);
INSERT INTO pokemon.form_has_type_per_generation (fk_form, fk_type, fk_generation, is_primary)
VALUES (1224, 2, 9, False);

INSERT INTO pokemon.pokemon_species (name, pokedex_index, is_baby, is_legendary, is_mythical, evolves_from)
VALUES ('pawmot', 923, False, False, False, pawmo);
INSERT INTO pokemon.form (name, is_default, fk_pokemon_species, height, weight, legacy_cry, latest_cry, artwork, shiny_artwork)
VALUES ('pawmot', True, 965, 9, 410, None, https://raw.githubusercontent.com/PokeAPI/cries/main/cries/pokemon/latest/923.ogg, https://raw.githubusercontent.com/PokeAPI/sprites/master/sprites/pokemon/other/official-artwork/923.png, https://raw.githubusercontent.com/PokeAPI/sprites/master/sprites/pokemon/other/official-artwork/shiny/923.png);
INSERT INTO pokemon.base_stats (base_hp, base_attack, base_defense, base_special_attack, base_special_defense, base_speed, fk_generation, fk_form)
VALUES (70, 115, 70, 70, 60, 105, 9, 1225);
INSERT INTO pokemon.form_has_type_per_generation (fk_form, fk_type, fk_generation, is_primary)
VALUES (1225, 13, 9, True);
INSERT INTO pokemon.form_has_type_per_generation (fk_form, fk_type, fk_generation, is_primary)
VALUES (1225, 2, 9, False);

INSERT INTO pokemon.pokemon_species (name, pokedex_index, is_baby, is_legendary, is_mythical, evolves_from)
VALUES ('maushold', 925, False, False, False, tandemaus);
INSERT INTO pokemon.form (name, is_default, fk_pokemon_species, height, weight, legacy_cry, latest_cry, artwork, shiny_artwork)
VALUES ('maushold-family-of-four', False, 966, 3, 23, None, https://raw.githubusercontent.com/PokeAPI/cries/main/cries/pokemon/latest/925.ogg, https://raw.githubusercontent.com/PokeAPI/sprites/master/sprites/pokemon/other/official-artwork/925.png, https://raw.githubusercontent.com/PokeAPI/sprites/master/sprites/pokemon/other/official-artwork/shiny/925.png);
INSERT INTO pokemon.base_stats (base_hp, base_attack, base_defense, base_special_attack, base_special_defense, base_speed, fk_generation, fk_form)
VALUES (74, 75, 70, 65, 75, 111, 9, 1226);
INSERT INTO pokemon.form_has_type_per_generation (fk_form, fk_type, fk_generation, is_primary)
VALUES (1226, 1, 9, True);

INSERT INTO pokemon.form (name, is_default, fk_pokemon_species, height, weight, legacy_cry, latest_cry, artwork, shiny_artwork)
VALUES ('maushold-family-of-three', False, 966, 3, 28, None, https://raw.githubusercontent.com/PokeAPI/cries/main/cries/pokemon/latest/10257.ogg, https://raw.githubusercontent.com/PokeAPI/sprites/master/sprites/pokemon/other/official-artwork/10257.png, None);
INSERT INTO pokemon.base_stats (base_hp, base_attack, base_defense, base_special_attack, base_special_defense, base_speed, fk_generation, fk_form)
VALUES (74, 75, 70, 65, 75, 111, 9, 1227);
INSERT INTO pokemon.form_has_type_per_generation (fk_form, fk_type, fk_generation, is_primary)
VALUES (1227, 1, 9, True);

INSERT INTO pokemon.pokemon_species (name, pokedex_index, is_baby, is_legendary, is_mythical, evolves_from)
VALUES ('dachsbun', 927, False, False, False, fidough);
INSERT INTO pokemon.form (name, is_default, fk_pokemon_species, height, weight, legacy_cry, latest_cry, artwork, shiny_artwork)
VALUES ('dachsbun', True, 967, 5, 149, None, https://raw.githubusercontent.com/PokeAPI/cries/main/cries/pokemon/latest/927.ogg, https://raw.githubusercontent.com/PokeAPI/sprites/master/sprites/pokemon/other/official-artwork/927.png, https://raw.githubusercontent.com/PokeAPI/sprites/master/sprites/pokemon/other/official-artwork/shiny/927.png);
INSERT INTO pokemon.base_stats (base_hp, base_attack, base_defense, base_special_attack, base_special_defense, base_speed, fk_generation, fk_form)
VALUES (57, 80, 115, 50, 80, 95, 9, 1228);
INSERT INTO pokemon.form_has_type_per_generation (fk_form, fk_type, fk_generation, is_primary)
VALUES (1228, 18, 9, True);

INSERT INTO pokemon.pokemon_species (name, pokedex_index, is_baby, is_legendary, is_mythical, evolves_from)
VALUES ('dolliv', 929, False, False, False, smoliv);
INSERT INTO pokemon.form (name, is_default, fk_pokemon_species, height, weight, legacy_cry, latest_cry, artwork, shiny_artwork)
VALUES ('dolliv', True, 968, 6, 119, None, https://raw.githubusercontent.com/PokeAPI/cries/main/cries/pokemon/latest/929.ogg, https://raw.githubusercontent.com/PokeAPI/sprites/master/sprites/pokemon/other/official-artwork/929.png, https://raw.githubusercontent.com/PokeAPI/sprites/master/sprites/pokemon/other/official-artwork/shiny/929.png);
INSERT INTO pokemon.base_stats (base_hp, base_attack, base_defense, base_special_attack, base_special_defense, base_speed, fk_generation, fk_form)
VALUES (52, 53, 60, 78, 78, 33, 9, 1229);
INSERT INTO pokemon.form_has_type_per_generation (fk_form, fk_type, fk_generation, is_primary)
VALUES (1229, 12, 9, True);
INSERT INTO pokemon.form_has_type_per_generation (fk_form, fk_type, fk_generation, is_primary)
VALUES (1229, 1, 9, False);

INSERT INTO pokemon.pokemon_species (name, pokedex_index, is_baby, is_legendary, is_mythical, evolves_from)
VALUES ('naclstack', 933, False, False, False, nacli);
INSERT INTO pokemon.form (name, is_default, fk_pokemon_species, height, weight, legacy_cry, latest_cry, artwork, shiny_artwork)
VALUES ('naclstack', True, 969, 6, 1050, None, https://raw.githubusercontent.com/PokeAPI/cries/main/cries/pokemon/latest/933.ogg, https://raw.githubusercontent.com/PokeAPI/sprites/master/sprites/pokemon/other/official-artwork/933.png, https://raw.githubusercontent.com/PokeAPI/sprites/master/sprites/pokemon/other/official-artwork/shiny/933.png);
INSERT INTO pokemon.base_stats (base_hp, base_attack, base_defense, base_special_attack, base_special_defense, base_speed, fk_generation, fk_form)
VALUES (60, 60, 100, 35, 65, 35, 9, 1230);
INSERT INTO pokemon.form_has_type_per_generation (fk_form, fk_type, fk_generation, is_primary)
VALUES (1230, 6, 9, True);

INSERT INTO pokemon.pokemon_species (name, pokedex_index, is_baby, is_legendary, is_mythical, evolves_from)
VALUES ('garganacl', 934, False, False, False, naclstack);
INSERT INTO pokemon.form (name, is_default, fk_pokemon_species, height, weight, legacy_cry, latest_cry, artwork, shiny_artwork)
VALUES ('garganacl', True, 970, 23, 2400, None, https://raw.githubusercontent.com/PokeAPI/cries/main/cries/pokemon/latest/934.ogg, https://raw.githubusercontent.com/PokeAPI/sprites/master/sprites/pokemon/other/official-artwork/934.png, https://raw.githubusercontent.com/PokeAPI/sprites/master/sprites/pokemon/other/official-artwork/shiny/934.png);
INSERT INTO pokemon.base_stats (base_hp, base_attack, base_defense, base_special_attack, base_special_defense, base_speed, fk_generation, fk_form)
VALUES (100, 100, 130, 45, 90, 35, 9, 1231);
INSERT INTO pokemon.form_has_type_per_generation (fk_form, fk_type, fk_generation, is_primary)
VALUES (1231, 6, 9, True);

INSERT INTO pokemon.pokemon_species (name, pokedex_index, is_baby, is_legendary, is_mythical, evolves_from)
VALUES ('armarouge', 936, False, False, False, charcadet);
INSERT INTO pokemon.form (name, is_default, fk_pokemon_species, height, weight, legacy_cry, latest_cry, artwork, shiny_artwork)
VALUES ('armarouge', True, 971, 15, 850, None, https://raw.githubusercontent.com/PokeAPI/cries/main/cries/pokemon/latest/936.ogg, https://raw.githubusercontent.com/PokeAPI/sprites/master/sprites/pokemon/other/official-artwork/936.png, https://raw.githubusercontent.com/PokeAPI/sprites/master/sprites/pokemon/other/official-artwork/shiny/936.png);
INSERT INTO pokemon.base_stats (base_hp, base_attack, base_defense, base_special_attack, base_special_defense, base_speed, fk_generation, fk_form)
VALUES (85, 60, 100, 125, 80, 75, 9, 1232);
INSERT INTO pokemon.form_has_type_per_generation (fk_form, fk_type, fk_generation, is_primary)
VALUES (1232, 10, 9, True);
INSERT INTO pokemon.form_has_type_per_generation (fk_form, fk_type, fk_generation, is_primary)
VALUES (1232, 14, 9, False);

INSERT INTO pokemon.pokemon_species (name, pokedex_index, is_baby, is_legendary, is_mythical, evolves_from)
VALUES ('ceruledge', 937, False, False, False, charcadet);
INSERT INTO pokemon.form (name, is_default, fk_pokemon_species, height, weight, legacy_cry, latest_cry, artwork, shiny_artwork)
VALUES ('ceruledge', True, 972, 16, 620, None, https://raw.githubusercontent.com/PokeAPI/cries/main/cries/pokemon/latest/937.ogg, https://raw.githubusercontent.com/PokeAPI/sprites/master/sprites/pokemon/other/official-artwork/937.png, https://raw.githubusercontent.com/PokeAPI/sprites/master/sprites/pokemon/other/official-artwork/shiny/937.png);
INSERT INTO pokemon.base_stats (base_hp, base_attack, base_defense, base_special_attack, base_special_defense, base_speed, fk_generation, fk_form)
VALUES (75, 125, 80, 60, 100, 85, 9, 1233);
INSERT INTO pokemon.form_has_type_per_generation (fk_form, fk_type, fk_generation, is_primary)
VALUES (1233, 10, 9, True);
INSERT INTO pokemon.form_has_type_per_generation (fk_form, fk_type, fk_generation, is_primary)
VALUES (1233, 8, 9, False);

INSERT INTO pokemon.pokemon_species (name, pokedex_index, is_baby, is_legendary, is_mythical, evolves_from)
VALUES ('bellibolt', 939, False, False, False, tadbulb);
INSERT INTO pokemon.form (name, is_default, fk_pokemon_species, height, weight, legacy_cry, latest_cry, artwork, shiny_artwork)
VALUES ('bellibolt', True, 973, 12, 1130, None, https://raw.githubusercontent.com/PokeAPI/cries/main/cries/pokemon/latest/939.ogg, https://raw.githubusercontent.com/PokeAPI/sprites/master/sprites/pokemon/other/official-artwork/939.png, https://raw.githubusercontent.com/PokeAPI/sprites/master/sprites/pokemon/other/official-artwork/shiny/939.png);
INSERT INTO pokemon.base_stats (base_hp, base_attack, base_defense, base_special_attack, base_special_defense, base_speed, fk_generation, fk_form)
VALUES (109, 64, 91, 103, 83, 45, 9, 1234);
INSERT INTO pokemon.form_has_type_per_generation (fk_form, fk_type, fk_generation, is_primary)
VALUES (1234, 13, 9, True);

INSERT INTO pokemon.pokemon_species (name, pokedex_index, is_baby, is_legendary, is_mythical, evolves_from)
VALUES ('kilowattrel', 941, False, False, False, wattrel);
INSERT INTO pokemon.form (name, is_default, fk_pokemon_species, height, weight, legacy_cry, latest_cry, artwork, shiny_artwork)
VALUES ('kilowattrel', True, 974, 14, 386, None, https://raw.githubusercontent.com/PokeAPI/cries/main/cries/pokemon/latest/941.ogg, https://raw.githubusercontent.com/PokeAPI/sprites/master/sprites/pokemon/other/official-artwork/941.png, https://raw.githubusercontent.com/PokeAPI/sprites/master/sprites/pokemon/other/official-artwork/shiny/941.png);
INSERT INTO pokemon.base_stats (base_hp, base_attack, base_defense, base_special_attack, base_special_defense, base_speed, fk_generation, fk_form)
VALUES (70, 70, 60, 105, 60, 125, 9, 1235);
INSERT INTO pokemon.form_has_type_per_generation (fk_form, fk_type, fk_generation, is_primary)
VALUES (1235, 13, 9, True);
INSERT INTO pokemon.form_has_type_per_generation (fk_form, fk_type, fk_generation, is_primary)
VALUES (1235, 3, 9, False);

INSERT INTO pokemon.pokemon_species (name, pokedex_index, is_baby, is_legendary, is_mythical, evolves_from)
VALUES ('mabosstiff', 943, False, False, False, maschiff);
INSERT INTO pokemon.form (name, is_default, fk_pokemon_species, height, weight, legacy_cry, latest_cry, artwork, shiny_artwork)
VALUES ('mabosstiff', True, 975, 11, 610, None, https://raw.githubusercontent.com/PokeAPI/cries/main/cries/pokemon/latest/943.ogg, https://raw.githubusercontent.com/PokeAPI/sprites/master/sprites/pokemon/other/official-artwork/943.png, https://raw.githubusercontent.com/PokeAPI/sprites/master/sprites/pokemon/other/official-artwork/shiny/943.png);
INSERT INTO pokemon.base_stats (base_hp, base_attack, base_defense, base_special_attack, base_special_defense, base_speed, fk_generation, fk_form)
VALUES (80, 120, 90, 60, 70, 85, 9, 1236);
INSERT INTO pokemon.form_has_type_per_generation (fk_form, fk_type, fk_generation, is_primary)
VALUES (1236, 17, 9, True);

INSERT INTO pokemon.pokemon_species (name, pokedex_index, is_baby, is_legendary, is_mythical, evolves_from)
VALUES ('grafaiai', 945, False, False, False, shroodle);
INSERT INTO pokemon.form (name, is_default, fk_pokemon_species, height, weight, legacy_cry, latest_cry, artwork, shiny_artwork)
VALUES ('grafaiai', True, 976, 7, 272, None, https://raw.githubusercontent.com/PokeAPI/cries/main/cries/pokemon/latest/945.ogg, https://raw.githubusercontent.com/PokeAPI/sprites/master/sprites/pokemon/other/official-artwork/945.png, https://raw.githubusercontent.com/PokeAPI/sprites/master/sprites/pokemon/other/official-artwork/shiny/945.png);
INSERT INTO pokemon.base_stats (base_hp, base_attack, base_defense, base_special_attack, base_special_defense, base_speed, fk_generation, fk_form)
VALUES (63, 95, 65, 80, 72, 110, 9, 1237);
INSERT INTO pokemon.form_has_type_per_generation (fk_form, fk_type, fk_generation, is_primary)
VALUES (1237, 4, 9, True);
INSERT INTO pokemon.form_has_type_per_generation (fk_form, fk_type, fk_generation, is_primary)
VALUES (1237, 1, 9, False);

INSERT INTO pokemon.pokemon_species (name, pokedex_index, is_baby, is_legendary, is_mythical, evolves_from)
VALUES ('brambleghast', 947, False, False, False, bramblin);
INSERT INTO pokemon.form (name, is_default, fk_pokemon_species, height, weight, legacy_cry, latest_cry, artwork, shiny_artwork)
VALUES ('brambleghast', True, 977, 12, 60, None, https://raw.githubusercontent.com/PokeAPI/cries/main/cries/pokemon/latest/947.ogg, https://raw.githubusercontent.com/PokeAPI/sprites/master/sprites/pokemon/other/official-artwork/947.png, https://raw.githubusercontent.com/PokeAPI/sprites/master/sprites/pokemon/other/official-artwork/shiny/947.png);
INSERT INTO pokemon.base_stats (base_hp, base_attack, base_defense, base_special_attack, base_special_defense, base_speed, fk_generation, fk_form)
VALUES (55, 115, 70, 80, 70, 90, 9, 1238);
INSERT INTO pokemon.form_has_type_per_generation (fk_form, fk_type, fk_generation, is_primary)
VALUES (1238, 12, 9, True);
INSERT INTO pokemon.form_has_type_per_generation (fk_form, fk_type, fk_generation, is_primary)
VALUES (1238, 8, 9, False);

INSERT INTO pokemon.pokemon_species (name, pokedex_index, is_baby, is_legendary, is_mythical, evolves_from)
VALUES ('toedscruel', 949, False, False, False, toedscool);
INSERT INTO pokemon.form (name, is_default, fk_pokemon_species, height, weight, legacy_cry, latest_cry, artwork, shiny_artwork)
VALUES ('toedscruel', True, 978, 19, 580, None, https://raw.githubusercontent.com/PokeAPI/cries/main/cries/pokemon/latest/949.ogg, https://raw.githubusercontent.com/PokeAPI/sprites/master/sprites/pokemon/other/official-artwork/949.png, https://raw.githubusercontent.com/PokeAPI/sprites/master/sprites/pokemon/other/official-artwork/shiny/949.png);
INSERT INTO pokemon.base_stats (base_hp, base_attack, base_defense, base_special_attack, base_special_defense, base_speed, fk_generation, fk_form)
VALUES (80, 70, 65, 80, 120, 100, 9, 1239);
INSERT INTO pokemon.form_has_type_per_generation (fk_form, fk_type, fk_generation, is_primary)
VALUES (1239, 5, 9, True);
INSERT INTO pokemon.form_has_type_per_generation (fk_form, fk_type, fk_generation, is_primary)
VALUES (1239, 12, 9, False);

INSERT INTO pokemon.pokemon_species (name, pokedex_index, is_baby, is_legendary, is_mythical, evolves_from)
VALUES ('scovillain', 952, False, False, False, capsakid);
INSERT INTO pokemon.form (name, is_default, fk_pokemon_species, height, weight, legacy_cry, latest_cry, artwork, shiny_artwork)
VALUES ('scovillain', True, 979, 9, 150, None, https://raw.githubusercontent.com/PokeAPI/cries/main/cries/pokemon/latest/952.ogg, https://raw.githubusercontent.com/PokeAPI/sprites/master/sprites/pokemon/other/official-artwork/952.png, https://raw.githubusercontent.com/PokeAPI/sprites/master/sprites/pokemon/other/official-artwork/shiny/952.png);
INSERT INTO pokemon.base_stats (base_hp, base_attack, base_defense, base_special_attack, base_special_defense, base_speed, fk_generation, fk_form)
VALUES (65, 108, 65, 108, 65, 75, 9, 1240);
INSERT INTO pokemon.form_has_type_per_generation (fk_form, fk_type, fk_generation, is_primary)
VALUES (1240, 12, 9, True);
INSERT INTO pokemon.form_has_type_per_generation (fk_form, fk_type, fk_generation, is_primary)
VALUES (1240, 10, 9, False);

INSERT INTO pokemon.pokemon_species (name, pokedex_index, is_baby, is_legendary, is_mythical, evolves_from)
VALUES ('rabsca', 954, False, False, False, rellor);
INSERT INTO pokemon.form (name, is_default, fk_pokemon_species, height, weight, legacy_cry, latest_cry, artwork, shiny_artwork)
VALUES ('rabsca', True, 980, 3, 35, None, https://raw.githubusercontent.com/PokeAPI/cries/main/cries/pokemon/latest/954.ogg, https://raw.githubusercontent.com/PokeAPI/sprites/master/sprites/pokemon/other/official-artwork/954.png, https://raw.githubusercontent.com/PokeAPI/sprites/master/sprites/pokemon/other/official-artwork/shiny/954.png);
INSERT INTO pokemon.base_stats (base_hp, base_attack, base_defense, base_special_attack, base_special_defense, base_speed, fk_generation, fk_form)
VALUES (75, 50, 85, 115, 100, 45, 9, 1241);
INSERT INTO pokemon.form_has_type_per_generation (fk_form, fk_type, fk_generation, is_primary)
VALUES (1241, 7, 9, True);
INSERT INTO pokemon.form_has_type_per_generation (fk_form, fk_type, fk_generation, is_primary)
VALUES (1241, 14, 9, False);

INSERT INTO pokemon.pokemon_species (name, pokedex_index, is_baby, is_legendary, is_mythical, evolves_from)
VALUES ('espathra', 956, False, False, False, flittle);
INSERT INTO pokemon.form (name, is_default, fk_pokemon_species, height, weight, legacy_cry, latest_cry, artwork, shiny_artwork)
VALUES ('espathra', True, 981, 19, 900, None, https://raw.githubusercontent.com/PokeAPI/cries/main/cries/pokemon/latest/956.ogg, https://raw.githubusercontent.com/PokeAPI/sprites/master/sprites/pokemon/other/official-artwork/956.png, https://raw.githubusercontent.com/PokeAPI/sprites/master/sprites/pokemon/other/official-artwork/shiny/956.png);
INSERT INTO pokemon.base_stats (base_hp, base_attack, base_defense, base_special_attack, base_special_defense, base_speed, fk_generation, fk_form)
VALUES (95, 60, 60, 101, 60, 105, 9, 1242);
INSERT INTO pokemon.form_has_type_per_generation (fk_form, fk_type, fk_generation, is_primary)
VALUES (1242, 14, 9, True);

INSERT INTO pokemon.pokemon_species (name, pokedex_index, is_baby, is_legendary, is_mythical, evolves_from)
VALUES ('tinkatuff', 958, False, False, False, tinkatink);
INSERT INTO pokemon.form (name, is_default, fk_pokemon_species, height, weight, legacy_cry, latest_cry, artwork, shiny_artwork)
VALUES ('tinkatuff', True, 982, 7, 591, None, https://raw.githubusercontent.com/PokeAPI/cries/main/cries/pokemon/latest/958.ogg, https://raw.githubusercontent.com/PokeAPI/sprites/master/sprites/pokemon/other/official-artwork/958.png, https://raw.githubusercontent.com/PokeAPI/sprites/master/sprites/pokemon/other/official-artwork/shiny/958.png);
INSERT INTO pokemon.base_stats (base_hp, base_attack, base_defense, base_special_attack, base_special_defense, base_speed, fk_generation, fk_form)
VALUES (65, 55, 55, 45, 82, 78, 9, 1243);
INSERT INTO pokemon.form_has_type_per_generation (fk_form, fk_type, fk_generation, is_primary)
VALUES (1243, 18, 9, True);
INSERT INTO pokemon.form_has_type_per_generation (fk_form, fk_type, fk_generation, is_primary)
VALUES (1243, 9, 9, False);

INSERT INTO pokemon.pokemon_species (name, pokedex_index, is_baby, is_legendary, is_mythical, evolves_from)
VALUES ('tinkaton', 959, False, False, False, tinkatuff);
INSERT INTO pokemon.form (name, is_default, fk_pokemon_species, height, weight, legacy_cry, latest_cry, artwork, shiny_artwork)
VALUES ('tinkaton', True, 983, 7, 1128, None, https://raw.githubusercontent.com/PokeAPI/cries/main/cries/pokemon/latest/959.ogg, https://raw.githubusercontent.com/PokeAPI/sprites/master/sprites/pokemon/other/official-artwork/959.png, https://raw.githubusercontent.com/PokeAPI/sprites/master/sprites/pokemon/other/official-artwork/shiny/959.png);
INSERT INTO pokemon.base_stats (base_hp, base_attack, base_defense, base_special_attack, base_special_defense, base_speed, fk_generation, fk_form)
VALUES (85, 75, 77, 70, 105, 94, 9, 1244);
INSERT INTO pokemon.form_has_type_per_generation (fk_form, fk_type, fk_generation, is_primary)
VALUES (1244, 18, 9, True);
INSERT INTO pokemon.form_has_type_per_generation (fk_form, fk_type, fk_generation, is_primary)
VALUES (1244, 9, 9, False);

INSERT INTO pokemon.pokemon_species (name, pokedex_index, is_baby, is_legendary, is_mythical, evolves_from)
VALUES ('wugtrio', 961, False, False, False, wiglett);
INSERT INTO pokemon.form (name, is_default, fk_pokemon_species, height, weight, legacy_cry, latest_cry, artwork, shiny_artwork)
VALUES ('wugtrio', True, 984, 12, 54, None, https://raw.githubusercontent.com/PokeAPI/cries/main/cries/pokemon/latest/961.ogg, https://raw.githubusercontent.com/PokeAPI/sprites/master/sprites/pokemon/other/official-artwork/961.png, https://raw.githubusercontent.com/PokeAPI/sprites/master/sprites/pokemon/other/official-artwork/shiny/961.png);
INSERT INTO pokemon.base_stats (base_hp, base_attack, base_defense, base_special_attack, base_special_defense, base_speed, fk_generation, fk_form)
VALUES (35, 100, 50, 50, 70, 120, 9, 1245);
INSERT INTO pokemon.form_has_type_per_generation (fk_form, fk_type, fk_generation, is_primary)
VALUES (1245, 11, 9, True);

INSERT INTO pokemon.pokemon_species (name, pokedex_index, is_baby, is_legendary, is_mythical, evolves_from)
VALUES ('palafin', 964, False, False, False, finizen);
INSERT INTO pokemon.form (name, is_default, fk_pokemon_species, height, weight, legacy_cry, latest_cry, artwork, shiny_artwork)
VALUES ('palafin-zero', False, 985, 13, 602, None, https://raw.githubusercontent.com/PokeAPI/cries/main/cries/pokemon/latest/964.ogg, https://raw.githubusercontent.com/PokeAPI/sprites/master/sprites/pokemon/other/official-artwork/964.png, https://raw.githubusercontent.com/PokeAPI/sprites/master/sprites/pokemon/other/official-artwork/shiny/964.png);
INSERT INTO pokemon.base_stats (base_hp, base_attack, base_defense, base_special_attack, base_special_defense, base_speed, fk_generation, fk_form)
VALUES (100, 70, 72, 53, 62, 100, 9, 1246);
INSERT INTO pokemon.form_has_type_per_generation (fk_form, fk_type, fk_generation, is_primary)
VALUES (1246, 11, 9, True);

INSERT INTO pokemon.form (name, is_default, fk_pokemon_species, height, weight, legacy_cry, latest_cry, artwork, shiny_artwork)
VALUES ('palafin-hero', False, 985, 18, 974, None, https://raw.githubusercontent.com/PokeAPI/cries/main/cries/pokemon/latest/10256.ogg, https://raw.githubusercontent.com/PokeAPI/sprites/master/sprites/pokemon/other/official-artwork/10256.png, https://raw.githubusercontent.com/PokeAPI/sprites/master/sprites/pokemon/other/official-artwork/shiny/10256.png);
INSERT INTO pokemon.base_stats (base_hp, base_attack, base_defense, base_special_attack, base_special_defense, base_speed, fk_generation, fk_form)
VALUES (100, 160, 97, 106, 87, 100, 9, 1247);
INSERT INTO pokemon.form_has_type_per_generation (fk_form, fk_type, fk_generation, is_primary)
VALUES (1247, 11, 9, True);

INSERT INTO pokemon.pokemon_species (name, pokedex_index, is_baby, is_legendary, is_mythical, evolves_from)
VALUES ('glimmora', 970, False, False, False, glimmet);
INSERT INTO pokemon.form (name, is_default, fk_pokemon_species, height, weight, legacy_cry, latest_cry, artwork, shiny_artwork)
VALUES ('glimmora', True, 986, 15, 450, None, https://raw.githubusercontent.com/PokeAPI/cries/main/cries/pokemon/latest/970.ogg, https://raw.githubusercontent.com/PokeAPI/sprites/master/sprites/pokemon/other/official-artwork/970.png, https://raw.githubusercontent.com/PokeAPI/sprites/master/sprites/pokemon/other/official-artwork/shiny/970.png);
INSERT INTO pokemon.base_stats (base_hp, base_attack, base_defense, base_special_attack, base_special_defense, base_speed, fk_generation, fk_form)
VALUES (83, 55, 90, 130, 81, 86, 9, 1248);
INSERT INTO pokemon.form_has_type_per_generation (fk_form, fk_type, fk_generation, is_primary)
VALUES (1248, 6, 9, True);
INSERT INTO pokemon.form_has_type_per_generation (fk_form, fk_type, fk_generation, is_primary)
VALUES (1248, 4, 9, False);

INSERT INTO pokemon.pokemon_species (name, pokedex_index, is_baby, is_legendary, is_mythical, evolves_from)
VALUES ('houndstone', 972, False, False, False, greavard);
INSERT INTO pokemon.form (name, is_default, fk_pokemon_species, height, weight, legacy_cry, latest_cry, artwork, shiny_artwork)
VALUES ('houndstone', True, 987, 20, 150, None, https://raw.githubusercontent.com/PokeAPI/cries/main/cries/pokemon/latest/972.ogg, https://raw.githubusercontent.com/PokeAPI/sprites/master/sprites/pokemon/other/official-artwork/972.png, https://raw.githubusercontent.com/PokeAPI/sprites/master/sprites/pokemon/other/official-artwork/shiny/972.png);
INSERT INTO pokemon.base_stats (base_hp, base_attack, base_defense, base_special_attack, base_special_defense, base_speed, fk_generation, fk_form)
VALUES (72, 101, 100, 50, 97, 68, 9, 1249);
INSERT INTO pokemon.form_has_type_per_generation (fk_form, fk_type, fk_generation, is_primary)
VALUES (1249, 8, 9, True);

INSERT INTO pokemon.pokemon_species (name, pokedex_index, is_baby, is_legendary, is_mythical, evolves_from)
VALUES ('cetitan', 975, False, False, False, cetoddle);
INSERT INTO pokemon.form (name, is_default, fk_pokemon_species, height, weight, legacy_cry, latest_cry, artwork, shiny_artwork)
VALUES ('cetitan', True, 988, 45, 7000, None, https://raw.githubusercontent.com/PokeAPI/cries/main/cries/pokemon/latest/975.ogg, https://raw.githubusercontent.com/PokeAPI/sprites/master/sprites/pokemon/other/official-artwork/975.png, https://raw.githubusercontent.com/PokeAPI/sprites/master/sprites/pokemon/other/official-artwork/shiny/975.png);
INSERT INTO pokemon.base_stats (base_hp, base_attack, base_defense, base_special_attack, base_special_defense, base_speed, fk_generation, fk_form)
VALUES (170, 113, 65, 45, 55, 73, 9, 1250);
INSERT INTO pokemon.form_has_type_per_generation (fk_form, fk_type, fk_generation, is_primary)
VALUES (1250, 15, 9, True);

INSERT INTO pokemon.pokemon_species (name, pokedex_index, is_baby, is_legendary, is_mythical, evolves_from)
VALUES ('annihilape', 979, False, False, False, primeape);
INSERT INTO pokemon.form (name, is_default, fk_pokemon_species, height, weight, legacy_cry, latest_cry, artwork, shiny_artwork)
VALUES ('annihilape', True, 989, 12, 560, None, https://raw.githubusercontent.com/PokeAPI/cries/main/cries/pokemon/latest/979.ogg, https://raw.githubusercontent.com/PokeAPI/sprites/master/sprites/pokemon/other/official-artwork/979.png, https://raw.githubusercontent.com/PokeAPI/sprites/master/sprites/pokemon/other/official-artwork/shiny/979.png);
INSERT INTO pokemon.base_stats (base_hp, base_attack, base_defense, base_special_attack, base_special_defense, base_speed, fk_generation, fk_form)
VALUES (110, 115, 80, 50, 90, 90, 9, 1251);
INSERT INTO pokemon.form_has_type_per_generation (fk_form, fk_type, fk_generation, is_primary)
VALUES (1251, 2, 9, True);
INSERT INTO pokemon.form_has_type_per_generation (fk_form, fk_type, fk_generation, is_primary)
VALUES (1251, 8, 9, False);

INSERT INTO pokemon.pokemon_species (name, pokedex_index, is_baby, is_legendary, is_mythical, evolves_from)
VALUES ('clodsire', 980, False, False, False, wooper);
INSERT INTO pokemon.form (name, is_default, fk_pokemon_species, height, weight, legacy_cry, latest_cry, artwork, shiny_artwork)
VALUES ('clodsire', True, 990, 18, 2230, None, https://raw.githubusercontent.com/PokeAPI/cries/main/cries/pokemon/latest/980.ogg, https://raw.githubusercontent.com/PokeAPI/sprites/master/sprites/pokemon/other/official-artwork/980.png, https://raw.githubusercontent.com/PokeAPI/sprites/master/sprites/pokemon/other/official-artwork/shiny/980.png);
INSERT INTO pokemon.base_stats (base_hp, base_attack, base_defense, base_special_attack, base_special_defense, base_speed, fk_generation, fk_form)
VALUES (130, 75, 60, 45, 100, 20, 9, 1252);
INSERT INTO pokemon.form_has_type_per_generation (fk_form, fk_type, fk_generation, is_primary)
VALUES (1252, 4, 9, True);
INSERT INTO pokemon.form_has_type_per_generation (fk_form, fk_type, fk_generation, is_primary)
VALUES (1252, 5, 9, False);

INSERT INTO pokemon.pokemon_species (name, pokedex_index, is_baby, is_legendary, is_mythical, evolves_from)
VALUES ('farigiraf', 981, False, False, False, girafarig);
INSERT INTO pokemon.form (name, is_default, fk_pokemon_species, height, weight, legacy_cry, latest_cry, artwork, shiny_artwork)
VALUES ('farigiraf', True, 991, 32, 1600, None, https://raw.githubusercontent.com/PokeAPI/cries/main/cries/pokemon/latest/981.ogg, https://raw.githubusercontent.com/PokeAPI/sprites/master/sprites/pokemon/other/official-artwork/981.png, https://raw.githubusercontent.com/PokeAPI/sprites/master/sprites/pokemon/other/official-artwork/shiny/981.png);
INSERT INTO pokemon.base_stats (base_hp, base_attack, base_defense, base_special_attack, base_special_defense, base_speed, fk_generation, fk_form)
VALUES (120, 90, 70, 110, 70, 60, 9, 1253);
INSERT INTO pokemon.form_has_type_per_generation (fk_form, fk_type, fk_generation, is_primary)
VALUES (1253, 1, 9, True);
INSERT INTO pokemon.form_has_type_per_generation (fk_form, fk_type, fk_generation, is_primary)
VALUES (1253, 14, 9, False);

INSERT INTO pokemon.pokemon_species (name, pokedex_index, is_baby, is_legendary, is_mythical, evolves_from)
VALUES ('dudunsparce', 982, False, False, False, dunsparce);
INSERT INTO pokemon.form (name, is_default, fk_pokemon_species, height, weight, legacy_cry, latest_cry, artwork, shiny_artwork)
VALUES ('dudunsparce-two-segment', False, 992, 36, 392, None, https://raw.githubusercontent.com/PokeAPI/cries/main/cries/pokemon/latest/982.ogg, https://raw.githubusercontent.com/PokeAPI/sprites/master/sprites/pokemon/other/official-artwork/982.png, https://raw.githubusercontent.com/PokeAPI/sprites/master/sprites/pokemon/other/official-artwork/shiny/982.png);
INSERT INTO pokemon.base_stats (base_hp, base_attack, base_defense, base_special_attack, base_special_defense, base_speed, fk_generation, fk_form)
VALUES (125, 100, 80, 85, 75, 55, 9, 1254);
INSERT INTO pokemon.form_has_type_per_generation (fk_form, fk_type, fk_generation, is_primary)
VALUES (1254, 1, 9, True);

INSERT INTO pokemon.form (name, is_default, fk_pokemon_species, height, weight, legacy_cry, latest_cry, artwork, shiny_artwork)
VALUES ('dudunsparce-three-segment', False, 992, 45, 474, None, https://raw.githubusercontent.com/PokeAPI/cries/main/cries/pokemon/latest/10255.ogg, https://raw.githubusercontent.com/PokeAPI/sprites/master/sprites/pokemon/other/official-artwork/10255.png, None);
INSERT INTO pokemon.base_stats (base_hp, base_attack, base_defense, base_special_attack, base_special_defense, base_speed, fk_generation, fk_form)
VALUES (125, 100, 80, 85, 75, 55, 9, 1255);
INSERT INTO pokemon.form_has_type_per_generation (fk_form, fk_type, fk_generation, is_primary)
VALUES (1255, 1, 9, True);

INSERT INTO pokemon.pokemon_species (name, pokedex_index, is_baby, is_legendary, is_mythical, evolves_from)
VALUES ('kingambit', 983, False, False, False, bisharp);
INSERT INTO pokemon.form (name, is_default, fk_pokemon_species, height, weight, legacy_cry, latest_cry, artwork, shiny_artwork)
VALUES ('kingambit', True, 993, 20, 1200, None, https://raw.githubusercontent.com/PokeAPI/cries/main/cries/pokemon/latest/983.ogg, https://raw.githubusercontent.com/PokeAPI/sprites/master/sprites/pokemon/other/official-artwork/983.png, https://raw.githubusercontent.com/PokeAPI/sprites/master/sprites/pokemon/other/official-artwork/shiny/983.png);
INSERT INTO pokemon.base_stats (base_hp, base_attack, base_defense, base_special_attack, base_special_defense, base_speed, fk_generation, fk_form)
VALUES (100, 135, 120, 60, 85, 50, 9, 1256);
INSERT INTO pokemon.form_has_type_per_generation (fk_form, fk_type, fk_generation, is_primary)
VALUES (1256, 17, 9, True);
INSERT INTO pokemon.form_has_type_per_generation (fk_form, fk_type, fk_generation, is_primary)
VALUES (1256, 9, 9, False);

INSERT INTO pokemon.pokemon_species (name, pokedex_index, is_baby, is_legendary, is_mythical, evolves_from)
VALUES ('gimmighoul', 999, False, False, False, None);
INSERT INTO pokemon.form (name, is_default, fk_pokemon_species, height, weight, legacy_cry, latest_cry, artwork, shiny_artwork)
VALUES ('gimmighoul', True, 994, 3, 50, None, https://raw.githubusercontent.com/PokeAPI/cries/main/cries/pokemon/latest/999.ogg, https://raw.githubusercontent.com/PokeAPI/sprites/master/sprites/pokemon/other/official-artwork/999.png, https://raw.githubusercontent.com/PokeAPI/sprites/master/sprites/pokemon/other/official-artwork/shiny/999.png);
INSERT INTO pokemon.base_stats (base_hp, base_attack, base_defense, base_special_attack, base_special_defense, base_speed, fk_generation, fk_form)
VALUES (45, 30, 70, 75, 70, 10, 9, 1257);
INSERT INTO pokemon.form_has_type_per_generation (fk_form, fk_type, fk_generation, is_primary)
VALUES (1257, 8, 9, True);

INSERT INTO pokemon.form (name, is_default, fk_pokemon_species, height, weight, legacy_cry, latest_cry, artwork, shiny_artwork)
VALUES ('gimmighoul-roaming', False, 994, 1, 10, None, https://raw.githubusercontent.com/PokeAPI/cries/main/cries/pokemon/latest/10263.ogg, https://raw.githubusercontent.com/PokeAPI/sprites/master/sprites/pokemon/other/official-artwork/10263.png, https://raw.githubusercontent.com/PokeAPI/sprites/master/sprites/pokemon/other/official-artwork/shiny/10263.png);
INSERT INTO pokemon.base_stats (base_hp, base_attack, base_defense, base_special_attack, base_special_defense, base_speed, fk_generation, fk_form)
VALUES (45, 30, 25, 75, 45, 80, 9, 1258);
INSERT INTO pokemon.form_has_type_per_generation (fk_form, fk_type, fk_generation, is_primary)
VALUES (1258, 8, 9, True);

INSERT INTO pokemon.pokemon_species (name, pokedex_index, is_baby, is_legendary, is_mythical, evolves_from)
VALUES ('wo-chien', 1001, False, True, False, None);
INSERT INTO pokemon.form (name, is_default, fk_pokemon_species, height, weight, legacy_cry, latest_cry, artwork, shiny_artwork)
VALUES ('wo-chien', True, 995, 15, 742, None, https://raw.githubusercontent.com/PokeAPI/cries/main/cries/pokemon/latest/1001.ogg, https://raw.githubusercontent.com/PokeAPI/sprites/master/sprites/pokemon/other/official-artwork/1001.png, https://raw.githubusercontent.com/PokeAPI/sprites/master/sprites/pokemon/other/official-artwork/shiny/1001.png);
INSERT INTO pokemon.base_stats (base_hp, base_attack, base_defense, base_special_attack, base_special_defense, base_speed, fk_generation, fk_form)
VALUES (85, 85, 100, 95, 135, 70, 9, 1259);
INSERT INTO pokemon.form_has_type_per_generation (fk_form, fk_type, fk_generation, is_primary)
VALUES (1259, 17, 9, True);
INSERT INTO pokemon.form_has_type_per_generation (fk_form, fk_type, fk_generation, is_primary)
VALUES (1259, 12, 9, False);

INSERT INTO pokemon.pokemon_species (name, pokedex_index, is_baby, is_legendary, is_mythical, evolves_from)
VALUES ('chien-pao', 1002, False, True, False, None);
INSERT INTO pokemon.form (name, is_default, fk_pokemon_species, height, weight, legacy_cry, latest_cry, artwork, shiny_artwork)
VALUES ('chien-pao', True, 996, 19, 1522, None, https://raw.githubusercontent.com/PokeAPI/cries/main/cries/pokemon/latest/1002.ogg, https://raw.githubusercontent.com/PokeAPI/sprites/master/sprites/pokemon/other/official-artwork/1002.png, https://raw.githubusercontent.com/PokeAPI/sprites/master/sprites/pokemon/other/official-artwork/shiny/1002.png);
INSERT INTO pokemon.base_stats (base_hp, base_attack, base_defense, base_special_attack, base_special_defense, base_speed, fk_generation, fk_form)
VALUES (80, 120, 80, 90, 65, 135, 9, 1260);
INSERT INTO pokemon.form_has_type_per_generation (fk_form, fk_type, fk_generation, is_primary)
VALUES (1260, 17, 9, True);
INSERT INTO pokemon.form_has_type_per_generation (fk_form, fk_type, fk_generation, is_primary)
VALUES (1260, 15, 9, False);

INSERT INTO pokemon.pokemon_species (name, pokedex_index, is_baby, is_legendary, is_mythical, evolves_from)
VALUES ('ting-lu', 1003, False, True, False, None);
INSERT INTO pokemon.form (name, is_default, fk_pokemon_species, height, weight, legacy_cry, latest_cry, artwork, shiny_artwork)
VALUES ('ting-lu', True, 997, 27, 6997, None, https://raw.githubusercontent.com/PokeAPI/cries/main/cries/pokemon/latest/1003.ogg, https://raw.githubusercontent.com/PokeAPI/sprites/master/sprites/pokemon/other/official-artwork/1003.png, https://raw.githubusercontent.com/PokeAPI/sprites/master/sprites/pokemon/other/official-artwork/shiny/1003.png);
INSERT INTO pokemon.base_stats (base_hp, base_attack, base_defense, base_special_attack, base_special_defense, base_speed, fk_generation, fk_form)
VALUES (155, 110, 125, 55, 80, 45, 9, 1261);
INSERT INTO pokemon.form_has_type_per_generation (fk_form, fk_type, fk_generation, is_primary)
VALUES (1261, 17, 9, True);
INSERT INTO pokemon.form_has_type_per_generation (fk_form, fk_type, fk_generation, is_primary)
VALUES (1261, 5, 9, False);

INSERT INTO pokemon.pokemon_species (name, pokedex_index, is_baby, is_legendary, is_mythical, evolves_from)
VALUES ('chi-yu', 1004, False, True, False, None);
INSERT INTO pokemon.form (name, is_default, fk_pokemon_species, height, weight, legacy_cry, latest_cry, artwork, shiny_artwork)
VALUES ('chi-yu', True, 998, 4, 49, None, https://raw.githubusercontent.com/PokeAPI/cries/main/cries/pokemon/latest/1004.ogg, https://raw.githubusercontent.com/PokeAPI/sprites/master/sprites/pokemon/other/official-artwork/1004.png, https://raw.githubusercontent.com/PokeAPI/sprites/master/sprites/pokemon/other/official-artwork/shiny/1004.png);
INSERT INTO pokemon.base_stats (base_hp, base_attack, base_defense, base_special_attack, base_special_defense, base_speed, fk_generation, fk_form)
VALUES (55, 80, 80, 135, 120, 100, 9, 1262);
INSERT INTO pokemon.form_has_type_per_generation (fk_form, fk_type, fk_generation, is_primary)
VALUES (1262, 17, 9, True);
INSERT INTO pokemon.form_has_type_per_generation (fk_form, fk_type, fk_generation, is_primary)
VALUES (1262, 10, 9, False);

INSERT INTO pokemon.pokemon_species (name, pokedex_index, is_baby, is_legendary, is_mythical, evolves_from)
VALUES ('roaring-moon', 1005, False, False, False, None);
INSERT INTO pokemon.form (name, is_default, fk_pokemon_species, height, weight, legacy_cry, latest_cry, artwork, shiny_artwork)
VALUES ('roaring-moon', True, 999, 20, 3800, None, https://raw.githubusercontent.com/PokeAPI/cries/main/cries/pokemon/latest/1005.ogg, https://raw.githubusercontent.com/PokeAPI/sprites/master/sprites/pokemon/other/official-artwork/1005.png, https://raw.githubusercontent.com/PokeAPI/sprites/master/sprites/pokemon/other/official-artwork/shiny/1005.png);
INSERT INTO pokemon.base_stats (base_hp, base_attack, base_defense, base_special_attack, base_special_defense, base_speed, fk_generation, fk_form)
VALUES (105, 139, 71, 55, 101, 119, 9, 1263);
INSERT INTO pokemon.form_has_type_per_generation (fk_form, fk_type, fk_generation, is_primary)
VALUES (1263, 16, 9, True);
INSERT INTO pokemon.form_has_type_per_generation (fk_form, fk_type, fk_generation, is_primary)
VALUES (1263, 17, 9, False);

INSERT INTO pokemon.pokemon_species (name, pokedex_index, is_baby, is_legendary, is_mythical, evolves_from)
VALUES ('iron-valiant', 1006, False, False, False, None);
INSERT INTO pokemon.form (name, is_default, fk_pokemon_species, height, weight, legacy_cry, latest_cry, artwork, shiny_artwork)
VALUES ('iron-valiant', True, 1000, 14, 350, None, https://raw.githubusercontent.com/PokeAPI/cries/main/cries/pokemon/latest/1006.ogg, https://raw.githubusercontent.com/PokeAPI/sprites/master/sprites/pokemon/other/official-artwork/1006.png, https://raw.githubusercontent.com/PokeAPI/sprites/master/sprites/pokemon/other/official-artwork/shiny/1006.png);
INSERT INTO pokemon.base_stats (base_hp, base_attack, base_defense, base_special_attack, base_special_defense, base_speed, fk_generation, fk_form)
VALUES (74, 130, 90, 120, 60, 116, 9, 1264);
INSERT INTO pokemon.form_has_type_per_generation (fk_form, fk_type, fk_generation, is_primary)
VALUES (1264, 18, 9, True);
INSERT INTO pokemon.form_has_type_per_generation (fk_form, fk_type, fk_generation, is_primary)
VALUES (1264, 2, 9, False);

INSERT INTO pokemon.pokemon_species (name, pokedex_index, is_baby, is_legendary, is_mythical, evolves_from)
VALUES ('koraidon', 1007, False, True, False, None);
INSERT INTO pokemon.form (name, is_default, fk_pokemon_species, height, weight, legacy_cry, latest_cry, artwork, shiny_artwork)
VALUES ('koraidon', True, 1001, 25, 3030, None, https://raw.githubusercontent.com/PokeAPI/cries/main/cries/pokemon/latest/1007.ogg, https://raw.githubusercontent.com/PokeAPI/sprites/master/sprites/pokemon/other/official-artwork/1007.png, https://raw.githubusercontent.com/PokeAPI/sprites/master/sprites/pokemon/other/official-artwork/shiny/1007.png);
INSERT INTO pokemon.base_stats (base_hp, base_attack, base_defense, base_special_attack, base_special_defense, base_speed, fk_generation, fk_form)
VALUES (100, 135, 115, 85, 100, 135, 9, 1265);
INSERT INTO pokemon.form_has_type_per_generation (fk_form, fk_type, fk_generation, is_primary)
VALUES (1265, 2, 9, True);
INSERT INTO pokemon.form_has_type_per_generation (fk_form, fk_type, fk_generation, is_primary)
VALUES (1265, 16, 9, False);

INSERT INTO pokemon.form (name, is_default, fk_pokemon_species, height, weight, legacy_cry, latest_cry, artwork, shiny_artwork)
VALUES ('koraidon-limited-build', False, 1001, 35, 3030, None, https://raw.githubusercontent.com/PokeAPI/cries/main/cries/pokemon/latest/10264.ogg, None, None);
INSERT INTO pokemon.base_stats (base_hp, base_attack, base_defense, base_special_attack, base_special_defense, base_speed, fk_generation, fk_form)
VALUES (100, 135, 115, 85, 100, 135, 9, 1266);
INSERT INTO pokemon.form_has_type_per_generation (fk_form, fk_type, fk_generation, is_primary)
VALUES (1266, 2, 9, True);
INSERT INTO pokemon.form_has_type_per_generation (fk_form, fk_type, fk_generation, is_primary)
VALUES (1266, 16, 9, False);

INSERT INTO pokemon.form (name, is_default, fk_pokemon_species, height, weight, legacy_cry, latest_cry, artwork, shiny_artwork)
VALUES ('koraidon-sprinting-build', False, 1001, 35, 3030, None, https://raw.githubusercontent.com/PokeAPI/cries/main/cries/pokemon/latest/10265.ogg, None, None);
INSERT INTO pokemon.base_stats (base_hp, base_attack, base_defense, base_special_attack, base_special_defense, base_speed, fk_generation, fk_form)
VALUES (100, 135, 115, 85, 100, 135, 9, 1267);
INSERT INTO pokemon.form_has_type_per_generation (fk_form, fk_type, fk_generation, is_primary)
VALUES (1267, 2, 9, True);
INSERT INTO pokemon.form_has_type_per_generation (fk_form, fk_type, fk_generation, is_primary)
VALUES (1267, 16, 9, False);

INSERT INTO pokemon.form (name, is_default, fk_pokemon_species, height, weight, legacy_cry, latest_cry, artwork, shiny_artwork)
VALUES ('koraidon-swimming-build', False, 1001, 35, 3030, None, https://raw.githubusercontent.com/PokeAPI/cries/main/cries/pokemon/latest/10266.ogg, None, None);
INSERT INTO pokemon.base_stats (base_hp, base_attack, base_defense, base_special_attack, base_special_defense, base_speed, fk_generation, fk_form)
VALUES (100, 135, 115, 85, 100, 135, 9, 1268);
INSERT INTO pokemon.form_has_type_per_generation (fk_form, fk_type, fk_generation, is_primary)
VALUES (1268, 2, 9, True);
INSERT INTO pokemon.form_has_type_per_generation (fk_form, fk_type, fk_generation, is_primary)
VALUES (1268, 16, 9, False);

INSERT INTO pokemon.form (name, is_default, fk_pokemon_species, height, weight, legacy_cry, latest_cry, artwork, shiny_artwork)
VALUES ('koraidon-gliding-build', False, 1001, 35, 3030, None, https://raw.githubusercontent.com/PokeAPI/cries/main/cries/pokemon/latest/10267.ogg, None, None);
INSERT INTO pokemon.base_stats (base_hp, base_attack, base_defense, base_special_attack, base_special_defense, base_speed, fk_generation, fk_form)
VALUES (100, 135, 115, 85, 100, 135, 9, 1269);
INSERT INTO pokemon.form_has_type_per_generation (fk_form, fk_type, fk_generation, is_primary)
VALUES (1269, 2, 9, True);
INSERT INTO pokemon.form_has_type_per_generation (fk_form, fk_type, fk_generation, is_primary)
VALUES (1269, 16, 9, False);

INSERT INTO pokemon.pokemon_species (name, pokedex_index, is_baby, is_legendary, is_mythical, evolves_from)
VALUES ('miraidon', 1008, False, True, False, None);
INSERT INTO pokemon.form (name, is_default, fk_pokemon_species, height, weight, legacy_cry, latest_cry, artwork, shiny_artwork)
VALUES ('miraidon', True, 1002, 35, 2400, None, https://raw.githubusercontent.com/PokeAPI/cries/main/cries/pokemon/latest/1008.ogg, https://raw.githubusercontent.com/PokeAPI/sprites/master/sprites/pokemon/other/official-artwork/1008.png, https://raw.githubusercontent.com/PokeAPI/sprites/master/sprites/pokemon/other/official-artwork/shiny/1008.png);
INSERT INTO pokemon.base_stats (base_hp, base_attack, base_defense, base_special_attack, base_special_defense, base_speed, fk_generation, fk_form)
VALUES (100, 85, 100, 135, 115, 135, 9, 1270);
INSERT INTO pokemon.form_has_type_per_generation (fk_form, fk_type, fk_generation, is_primary)
VALUES (1270, 13, 9, True);
INSERT INTO pokemon.form_has_type_per_generation (fk_form, fk_type, fk_generation, is_primary)
VALUES (1270, 16, 9, False);

INSERT INTO pokemon.form (name, is_default, fk_pokemon_species, height, weight, legacy_cry, latest_cry, artwork, shiny_artwork)
VALUES ('miraidon-low-power-mode', False, 1002, 28, 2400, None, https://raw.githubusercontent.com/PokeAPI/cries/main/cries/pokemon/latest/10268.ogg, None, None);
INSERT INTO pokemon.base_stats (base_hp, base_attack, base_defense, base_special_attack, base_special_defense, base_speed, fk_generation, fk_form)
VALUES (100, 85, 100, 135, 115, 135, 9, 1271);
INSERT INTO pokemon.form_has_type_per_generation (fk_form, fk_type, fk_generation, is_primary)
VALUES (1271, 13, 9, True);
INSERT INTO pokemon.form_has_type_per_generation (fk_form, fk_type, fk_generation, is_primary)
VALUES (1271, 16, 9, False);

INSERT INTO pokemon.form (name, is_default, fk_pokemon_species, height, weight, legacy_cry, latest_cry, artwork, shiny_artwork)
VALUES ('miraidon-drive-mode', False, 1002, 28, 2400, None, https://raw.githubusercontent.com/PokeAPI/cries/main/cries/pokemon/latest/10269.ogg, None, None);
INSERT INTO pokemon.base_stats (base_hp, base_attack, base_defense, base_special_attack, base_special_defense, base_speed, fk_generation, fk_form)
VALUES (100, 85, 100, 135, 115, 135, 9, 1272);
INSERT INTO pokemon.form_has_type_per_generation (fk_form, fk_type, fk_generation, is_primary)
VALUES (1272, 13, 9, True);
INSERT INTO pokemon.form_has_type_per_generation (fk_form, fk_type, fk_generation, is_primary)
VALUES (1272, 16, 9, False);

INSERT INTO pokemon.form (name, is_default, fk_pokemon_species, height, weight, legacy_cry, latest_cry, artwork, shiny_artwork)
VALUES ('miraidon-aquatic-mode', False, 1002, 28, 2400, None, https://raw.githubusercontent.com/PokeAPI/cries/main/cries/pokemon/latest/10270.ogg, None, None);
INSERT INTO pokemon.base_stats (base_hp, base_attack, base_defense, base_special_attack, base_special_defense, base_speed, fk_generation, fk_form)
VALUES (100, 85, 100, 135, 115, 135, 9, 1273);
INSERT INTO pokemon.form_has_type_per_generation (fk_form, fk_type, fk_generation, is_primary)
VALUES (1273, 13, 9, True);
INSERT INTO pokemon.form_has_type_per_generation (fk_form, fk_type, fk_generation, is_primary)
VALUES (1273, 16, 9, False);

INSERT INTO pokemon.form (name, is_default, fk_pokemon_species, height, weight, legacy_cry, latest_cry, artwork, shiny_artwork)
VALUES ('miraidon-glide-mode', False, 1002, 28, 2400, None, https://raw.githubusercontent.com/PokeAPI/cries/main/cries/pokemon/latest/10271.ogg, None, None);
INSERT INTO pokemon.base_stats (base_hp, base_attack, base_defense, base_special_attack, base_special_defense, base_speed, fk_generation, fk_form)
VALUES (100, 85, 100, 135, 115, 135, 9, 1274);
INSERT INTO pokemon.form_has_type_per_generation (fk_form, fk_type, fk_generation, is_primary)
VALUES (1274, 13, 9, True);
INSERT INTO pokemon.form_has_type_per_generation (fk_form, fk_type, fk_generation, is_primary)
VALUES (1274, 16, 9, False);

INSERT INTO pokemon.pokemon_species (name, pokedex_index, is_baby, is_legendary, is_mythical, evolves_from)
VALUES ('walking-wake', 1009, False, False, False, None);
INSERT INTO pokemon.form (name, is_default, fk_pokemon_species, height, weight, legacy_cry, latest_cry, artwork, shiny_artwork)
VALUES ('walking-wake', True, 1003, 35, 2800, None, https://raw.githubusercontent.com/PokeAPI/cries/main/cries/pokemon/latest/1009.ogg, https://raw.githubusercontent.com/PokeAPI/sprites/master/sprites/pokemon/other/official-artwork/1009.png, https://raw.githubusercontent.com/PokeAPI/sprites/master/sprites/pokemon/other/official-artwork/shiny/1009.png);
INSERT INTO pokemon.base_stats (base_hp, base_attack, base_defense, base_special_attack, base_special_defense, base_speed, fk_generation, fk_form)
VALUES (99, 83, 91, 125, 83, 109, 9, 1275);
INSERT INTO pokemon.form_has_type_per_generation (fk_form, fk_type, fk_generation, is_primary)
VALUES (1275, 11, 9, True);
INSERT INTO pokemon.form_has_type_per_generation (fk_form, fk_type, fk_generation, is_primary)
VALUES (1275, 16, 9, False);

INSERT INTO pokemon.pokemon_species (name, pokedex_index, is_baby, is_legendary, is_mythical, evolves_from)
VALUES ('iron-leaves', 1010, False, False, False, None);
INSERT INTO pokemon.form (name, is_default, fk_pokemon_species, height, weight, legacy_cry, latest_cry, artwork, shiny_artwork)
VALUES ('iron-leaves', True, 1004, 15, 1250, None, https://raw.githubusercontent.com/PokeAPI/cries/main/cries/pokemon/latest/1010.ogg, https://raw.githubusercontent.com/PokeAPI/sprites/master/sprites/pokemon/other/official-artwork/1010.png, https://raw.githubusercontent.com/PokeAPI/sprites/master/sprites/pokemon/other/official-artwork/shiny/1010.png);
INSERT INTO pokemon.base_stats (base_hp, base_attack, base_defense, base_special_attack, base_special_defense, base_speed, fk_generation, fk_form)
VALUES (90, 130, 88, 70, 108, 104, 9, 1276);
INSERT INTO pokemon.form_has_type_per_generation (fk_form, fk_type, fk_generation, is_primary)
VALUES (1276, 12, 9, True);
INSERT INTO pokemon.form_has_type_per_generation (fk_form, fk_type, fk_generation, is_primary)
VALUES (1276, 14, 9, False);

INSERT INTO pokemon.pokemon_species (name, pokedex_index, is_baby, is_legendary, is_mythical, evolves_from)
VALUES ('poltchageist', 1012, False, False, False, None);
INSERT INTO pokemon.form (name, is_default, fk_pokemon_species, height, weight, legacy_cry, latest_cry, artwork, shiny_artwork)
VALUES ('poltchageist', True, 1005, 1, 11, None, https://raw.githubusercontent.com/PokeAPI/cries/main/cries/pokemon/latest/1012.ogg, https://raw.githubusercontent.com/PokeAPI/sprites/master/sprites/pokemon/other/official-artwork/1012.png, https://raw.githubusercontent.com/PokeAPI/sprites/master/sprites/pokemon/other/official-artwork/shiny/1012.png);
INSERT INTO pokemon.base_stats (base_hp, base_attack, base_defense, base_special_attack, base_special_defense, base_speed, fk_generation, fk_form)
VALUES (40, 45, 45, 74, 54, 50, 9, 1277);
INSERT INTO pokemon.form_has_type_per_generation (fk_form, fk_type, fk_generation, is_primary)
VALUES (1277, 12, 9, True);
INSERT INTO pokemon.form_has_type_per_generation (fk_form, fk_type, fk_generation, is_primary)
VALUES (1277, 8, 9, False);

INSERT INTO pokemon.pokemon_species (name, pokedex_index, is_baby, is_legendary, is_mythical, evolves_from)
VALUES ('okidogi', 1014, False, True, False, None);
INSERT INTO pokemon.form (name, is_default, fk_pokemon_species, height, weight, legacy_cry, latest_cry, artwork, shiny_artwork)
VALUES ('okidogi', True, 1006, 18, 922, None, https://raw.githubusercontent.com/PokeAPI/cries/main/cries/pokemon/latest/1014.ogg, https://raw.githubusercontent.com/PokeAPI/sprites/master/sprites/pokemon/other/official-artwork/1014.png, https://raw.githubusercontent.com/PokeAPI/sprites/master/sprites/pokemon/other/official-artwork/shiny/1014.png);
INSERT INTO pokemon.base_stats (base_hp, base_attack, base_defense, base_special_attack, base_special_defense, base_speed, fk_generation, fk_form)
VALUES (88, 128, 115, 58, 86, 80, 9, 1278);
INSERT INTO pokemon.form_has_type_per_generation (fk_form, fk_type, fk_generation, is_primary)
VALUES (1278, 4, 9, True);
INSERT INTO pokemon.form_has_type_per_generation (fk_form, fk_type, fk_generation, is_primary)
VALUES (1278, 2, 9, False);

INSERT INTO pokemon.pokemon_species (name, pokedex_index, is_baby, is_legendary, is_mythical, evolves_from)
VALUES ('munkidori', 1015, False, True, False, None);
INSERT INTO pokemon.form (name, is_default, fk_pokemon_species, height, weight, legacy_cry, latest_cry, artwork, shiny_artwork)
VALUES ('munkidori', True, 1007, 10, 122, None, https://raw.githubusercontent.com/PokeAPI/cries/main/cries/pokemon/latest/1015.ogg, https://raw.githubusercontent.com/PokeAPI/sprites/master/sprites/pokemon/other/official-artwork/1015.png, https://raw.githubusercontent.com/PokeAPI/sprites/master/sprites/pokemon/other/official-artwork/shiny/1015.png);
INSERT INTO pokemon.base_stats (base_hp, base_attack, base_defense, base_special_attack, base_special_defense, base_speed, fk_generation, fk_form)
VALUES (88, 75, 66, 130, 90, 106, 9, 1279);
INSERT INTO pokemon.form_has_type_per_generation (fk_form, fk_type, fk_generation, is_primary)
VALUES (1279, 4, 9, True);
INSERT INTO pokemon.form_has_type_per_generation (fk_form, fk_type, fk_generation, is_primary)
VALUES (1279, 14, 9, False);

INSERT INTO pokemon.pokemon_species (name, pokedex_index, is_baby, is_legendary, is_mythical, evolves_from)
VALUES ('fezandipiti', 1016, False, True, False, None);
INSERT INTO pokemon.form (name, is_default, fk_pokemon_species, height, weight, legacy_cry, latest_cry, artwork, shiny_artwork)
VALUES ('fezandipiti', True, 1008, 14, 301, None, https://raw.githubusercontent.com/PokeAPI/cries/main/cries/pokemon/latest/1016.ogg, https://raw.githubusercontent.com/PokeAPI/sprites/master/sprites/pokemon/other/official-artwork/1016.png, https://raw.githubusercontent.com/PokeAPI/sprites/master/sprites/pokemon/other/official-artwork/shiny/1016.png);
INSERT INTO pokemon.base_stats (base_hp, base_attack, base_defense, base_special_attack, base_special_defense, base_speed, fk_generation, fk_form)
VALUES (88, 91, 82, 70, 125, 99, 9, 1280);
INSERT INTO pokemon.form_has_type_per_generation (fk_form, fk_type, fk_generation, is_primary)
VALUES (1280, 4, 9, True);
INSERT INTO pokemon.form_has_type_per_generation (fk_form, fk_type, fk_generation, is_primary)
VALUES (1280, 18, 9, False);

INSERT INTO pokemon.pokemon_species (name, pokedex_index, is_baby, is_legendary, is_mythical, evolves_from)
VALUES ('ogerpon', 1017, False, True, False, None);
INSERT INTO pokemon.form (name, is_default, fk_pokemon_species, height, weight, legacy_cry, latest_cry, artwork, shiny_artwork)
VALUES ('ogerpon', True, 1009, 12, 398, None, https://raw.githubusercontent.com/PokeAPI/cries/main/cries/pokemon/latest/1017.ogg, https://raw.githubusercontent.com/PokeAPI/sprites/master/sprites/pokemon/other/official-artwork/1017.png, https://raw.githubusercontent.com/PokeAPI/sprites/master/sprites/pokemon/other/official-artwork/shiny/1017.png);
INSERT INTO pokemon.base_stats (base_hp, base_attack, base_defense, base_special_attack, base_special_defense, base_speed, fk_generation, fk_form)
VALUES (80, 120, 84, 60, 96, 110, 9, 1281);
INSERT INTO pokemon.form_has_type_per_generation (fk_form, fk_type, fk_generation, is_primary)
VALUES (1281, 12, 9, True);

INSERT INTO pokemon.form (name, is_default, fk_pokemon_species, height, weight, legacy_cry, latest_cry, artwork, shiny_artwork)
VALUES ('ogerpon-wellspring-mask', False, 1009, 12, 398, None, https://raw.githubusercontent.com/PokeAPI/cries/main/cries/pokemon/latest/10273.ogg, https://raw.githubusercontent.com/PokeAPI/sprites/master/sprites/pokemon/other/official-artwork/10273.png, https://raw.githubusercontent.com/PokeAPI/sprites/master/sprites/pokemon/other/official-artwork/shiny/10273.png);
INSERT INTO pokemon.base_stats (base_hp, base_attack, base_defense, base_special_attack, base_special_defense, base_speed, fk_generation, fk_form)
VALUES (80, 120, 84, 60, 96, 110, 9, 1282);
INSERT INTO pokemon.form_has_type_per_generation (fk_form, fk_type, fk_generation, is_primary)
VALUES (1282, 12, 9, True);
INSERT INTO pokemon.form_has_type_per_generation (fk_form, fk_type, fk_generation, is_primary)
VALUES (1282, 11, 9, False);

INSERT INTO pokemon.form (name, is_default, fk_pokemon_species, height, weight, legacy_cry, latest_cry, artwork, shiny_artwork)
VALUES ('ogerpon-hearthflame-mask', False, 1009, 12, 398, None, https://raw.githubusercontent.com/PokeAPI/cries/main/cries/pokemon/latest/10274.ogg, https://raw.githubusercontent.com/PokeAPI/sprites/master/sprites/pokemon/other/official-artwork/10274.png, https://raw.githubusercontent.com/PokeAPI/sprites/master/sprites/pokemon/other/official-artwork/shiny/10274.png);
INSERT INTO pokemon.base_stats (base_hp, base_attack, base_defense, base_special_attack, base_special_defense, base_speed, fk_generation, fk_form)
VALUES (80, 120, 84, 60, 96, 110, 9, 1283);
INSERT INTO pokemon.form_has_type_per_generation (fk_form, fk_type, fk_generation, is_primary)
VALUES (1283, 12, 9, True);
INSERT INTO pokemon.form_has_type_per_generation (fk_form, fk_type, fk_generation, is_primary)
VALUES (1283, 10, 9, False);

INSERT INTO pokemon.form (name, is_default, fk_pokemon_species, height, weight, legacy_cry, latest_cry, artwork, shiny_artwork)
VALUES ('ogerpon-cornerstone-mask', False, 1009, 12, 398, None, https://raw.githubusercontent.com/PokeAPI/cries/main/cries/pokemon/latest/10275.ogg, https://raw.githubusercontent.com/PokeAPI/sprites/master/sprites/pokemon/other/official-artwork/10275.png, https://raw.githubusercontent.com/PokeAPI/sprites/master/sprites/pokemon/other/official-artwork/shiny/10275.png);
INSERT INTO pokemon.base_stats (base_hp, base_attack, base_defense, base_special_attack, base_special_defense, base_speed, fk_generation, fk_form)
VALUES (80, 120, 84, 60, 96, 110, 9, 1284);
INSERT INTO pokemon.form_has_type_per_generation (fk_form, fk_type, fk_generation, is_primary)
VALUES (1284, 12, 9, True);
INSERT INTO pokemon.form_has_type_per_generation (fk_form, fk_type, fk_generation, is_primary)
VALUES (1284, 6, 9, False);

INSERT INTO pokemon.pokemon_species (name, pokedex_index, is_baby, is_legendary, is_mythical, evolves_from)
VALUES ('gouging-fire', 1020, False, False, False, None);
INSERT INTO pokemon.form (name, is_default, fk_pokemon_species, height, weight, legacy_cry, latest_cry, artwork, shiny_artwork)
VALUES ('gouging-fire', True, 1010, 35, 5900, None, https://raw.githubusercontent.com/PokeAPI/cries/main/cries/pokemon/latest/1020.ogg, https://raw.githubusercontent.com/PokeAPI/sprites/master/sprites/pokemon/other/official-artwork/1020.png, https://raw.githubusercontent.com/PokeAPI/sprites/master/sprites/pokemon/other/official-artwork/shiny/1020.png);
INSERT INTO pokemon.base_stats (base_hp, base_attack, base_defense, base_special_attack, base_special_defense, base_speed, fk_generation, fk_form)
VALUES (105, 115, 121, 65, 93, 91, 9, 1285);
INSERT INTO pokemon.form_has_type_per_generation (fk_form, fk_type, fk_generation, is_primary)
VALUES (1285, 10, 9, True);
INSERT INTO pokemon.form_has_type_per_generation (fk_form, fk_type, fk_generation, is_primary)
VALUES (1285, 16, 9, False);

INSERT INTO pokemon.pokemon_species (name, pokedex_index, is_baby, is_legendary, is_mythical, evolves_from)
VALUES ('raging-bolt', 1021, False, False, False, None);
INSERT INTO pokemon.form (name, is_default, fk_pokemon_species, height, weight, legacy_cry, latest_cry, artwork, shiny_artwork)
VALUES ('raging-bolt', True, 1011, 52, 4800, None, https://raw.githubusercontent.com/PokeAPI/cries/main/cries/pokemon/latest/1021.ogg, https://raw.githubusercontent.com/PokeAPI/sprites/master/sprites/pokemon/other/official-artwork/1021.png, https://raw.githubusercontent.com/PokeAPI/sprites/master/sprites/pokemon/other/official-artwork/shiny/1021.png);
INSERT INTO pokemon.base_stats (base_hp, base_attack, base_defense, base_special_attack, base_special_defense, base_speed, fk_generation, fk_form)
VALUES (125, 73, 91, 137, 89, 75, 9, 1286);
INSERT INTO pokemon.form_has_type_per_generation (fk_form, fk_type, fk_generation, is_primary)
VALUES (1286, 13, 9, True);
INSERT INTO pokemon.form_has_type_per_generation (fk_form, fk_type, fk_generation, is_primary)
VALUES (1286, 16, 9, False);

INSERT INTO pokemon.pokemon_species (name, pokedex_index, is_baby, is_legendary, is_mythical, evolves_from)
VALUES ('iron-boulder', 1022, False, False, False, None);
INSERT INTO pokemon.form (name, is_default, fk_pokemon_species, height, weight, legacy_cry, latest_cry, artwork, shiny_artwork)
VALUES ('iron-boulder', True, 1012, 15, 1625, None, https://raw.githubusercontent.com/PokeAPI/cries/main/cries/pokemon/latest/1022.ogg, https://raw.githubusercontent.com/PokeAPI/sprites/master/sprites/pokemon/other/official-artwork/1022.png, https://raw.githubusercontent.com/PokeAPI/sprites/master/sprites/pokemon/other/official-artwork/shiny/1022.png);
INSERT INTO pokemon.base_stats (base_hp, base_attack, base_defense, base_special_attack, base_special_defense, base_speed, fk_generation, fk_form)
VALUES (90, 120, 80, 68, 108, 124, 9, 1287);
INSERT INTO pokemon.form_has_type_per_generation (fk_form, fk_type, fk_generation, is_primary)
VALUES (1287, 6, 9, True);
INSERT INTO pokemon.form_has_type_per_generation (fk_form, fk_type, fk_generation, is_primary)
VALUES (1287, 14, 9, False);

INSERT INTO pokemon.pokemon_species (name, pokedex_index, is_baby, is_legendary, is_mythical, evolves_from)
VALUES ('iron-crown', 1023, False, False, False, None);
INSERT INTO pokemon.form (name, is_default, fk_pokemon_species, height, weight, legacy_cry, latest_cry, artwork, shiny_artwork)
VALUES ('iron-crown', True, 1013, 16, 1560, None, https://raw.githubusercontent.com/PokeAPI/cries/main/cries/pokemon/latest/1023.ogg, https://raw.githubusercontent.com/PokeAPI/sprites/master/sprites/pokemon/other/official-artwork/1023.png, https://raw.githubusercontent.com/PokeAPI/sprites/master/sprites/pokemon/other/official-artwork/shiny/1023.png);
INSERT INTO pokemon.base_stats (base_hp, base_attack, base_defense, base_special_attack, base_special_defense, base_speed, fk_generation, fk_form)
VALUES (90, 72, 100, 122, 108, 98, 9, 1288);
INSERT INTO pokemon.form_has_type_per_generation (fk_form, fk_type, fk_generation, is_primary)
VALUES (1288, 9, 9, True);
INSERT INTO pokemon.form_has_type_per_generation (fk_form, fk_type, fk_generation, is_primary)
VALUES (1288, 14, 9, False);

INSERT INTO pokemon.pokemon_species (name, pokedex_index, is_baby, is_legendary, is_mythical, evolves_from)
VALUES ('terapagos', 1024, False, True, False, None);
INSERT INTO pokemon.form (name, is_default, fk_pokemon_species, height, weight, legacy_cry, latest_cry, artwork, shiny_artwork)
VALUES ('terapagos', True, 1014, 2, 65, None, https://raw.githubusercontent.com/PokeAPI/cries/main/cries/pokemon/latest/1024.ogg, https://raw.githubusercontent.com/PokeAPI/sprites/master/sprites/pokemon/other/official-artwork/1024.png, https://raw.githubusercontent.com/PokeAPI/sprites/master/sprites/pokemon/other/official-artwork/shiny/1024.png);
INSERT INTO pokemon.base_stats (base_hp, base_attack, base_defense, base_special_attack, base_special_defense, base_speed, fk_generation, fk_form)
VALUES (90, 65, 85, 65, 85, 60, 9, 1289);
INSERT INTO pokemon.form_has_type_per_generation (fk_form, fk_type, fk_generation, is_primary)
VALUES (1289, 1, 9, True);

INSERT INTO pokemon.form (name, is_default, fk_pokemon_species, height, weight, legacy_cry, latest_cry, artwork, shiny_artwork)
VALUES ('terapagos-terastal', False, 1014, 3, 160, None, https://raw.githubusercontent.com/PokeAPI/cries/main/cries/pokemon/latest/10276.ogg, https://raw.githubusercontent.com/PokeAPI/sprites/master/sprites/pokemon/other/official-artwork/10276.png, https://raw.githubusercontent.com/PokeAPI/sprites/master/sprites/pokemon/other/official-artwork/shiny/10276.png);
INSERT INTO pokemon.base_stats (base_hp, base_attack, base_defense, base_special_attack, base_special_defense, base_speed, fk_generation, fk_form)
VALUES (95, 95, 110, 105, 110, 85, 9, 1290);
INSERT INTO pokemon.form_has_type_per_generation (fk_form, fk_type, fk_generation, is_primary)
VALUES (1290, 1, 9, True);

INSERT INTO pokemon.form (name, is_default, fk_pokemon_species, height, weight, legacy_cry, latest_cry, artwork, shiny_artwork)
VALUES ('terapagos-stellar', False, 1014, 17, 770, None, https://raw.githubusercontent.com/PokeAPI/cries/main/cries/pokemon/latest/10277.ogg, https://raw.githubusercontent.com/PokeAPI/sprites/master/sprites/pokemon/other/official-artwork/10277.png, None);
INSERT INTO pokemon.base_stats (base_hp, base_attack, base_defense, base_special_attack, base_special_defense, base_speed, fk_generation, fk_form)
VALUES (160, 105, 110, 130, 110, 85, 9, 1291);
INSERT INTO pokemon.form_has_type_per_generation (fk_form, fk_type, fk_generation, is_primary)
VALUES (1291, 1, 9, True);

INSERT INTO pokemon.pokemon_species (name, pokedex_index, is_baby, is_legendary, is_mythical, evolves_from)
VALUES ('pecharunt', 1025, False, False, True, None);
INSERT INTO pokemon.form (name, is_default, fk_pokemon_species, height, weight, legacy_cry, latest_cry, artwork, shiny_artwork)
VALUES ('pecharunt', True, 1015, 3, 3, None, https://raw.githubusercontent.com/PokeAPI/cries/main/cries/pokemon/latest/1025.ogg, https://raw.githubusercontent.com/PokeAPI/sprites/master/sprites/pokemon/other/official-artwork/1025.png, https://raw.githubusercontent.com/PokeAPI/sprites/master/sprites/pokemon/other/official-artwork/shiny/1025.png);
INSERT INTO pokemon.base_stats (base_hp, base_attack, base_defense, base_special_attack, base_special_defense, base_speed, fk_generation, fk_form)
VALUES (88, 88, 160, 88, 88, 88, 9, 1292);
INSERT INTO pokemon.form_has_type_per_generation (fk_form, fk_type, fk_generation, is_primary)
VALUES (1292, 4, 9, True);
INSERT INTO pokemon.form_has_type_per_generation (fk_form, fk_type, fk_generation, is_primary)
VALUES (1292, 8, 9, False);

INSERT INTO pokemon.pokemon_species (name, pokedex_index, is_baby, is_legendary, is_mythical, evolves_from)
VALUES ('lokix', 920, False, False, False, nymble);
INSERT INTO pokemon.form (name, is_default, fk_pokemon_species, height, weight, legacy_cry, latest_cry, artwork, shiny_artwork)
VALUES ('lokix', True, 1016, 10, 175, None, https://raw.githubusercontent.com/PokeAPI/cries/main/cries/pokemon/latest/920.ogg, https://raw.githubusercontent.com/PokeAPI/sprites/master/sprites/pokemon/other/official-artwork/920.png, https://raw.githubusercontent.com/PokeAPI/sprites/master/sprites/pokemon/other/official-artwork/shiny/920.png);
INSERT INTO pokemon.base_stats (base_hp, base_attack, base_defense, base_special_attack, base_special_defense, base_speed, fk_generation, fk_form)
VALUES (71, 102, 78, 52, 55, 92, 9, 1293);
INSERT INTO pokemon.form_has_type_per_generation (fk_form, fk_type, fk_generation, is_primary)
VALUES (1293, 7, 9, True);
INSERT INTO pokemon.form_has_type_per_generation (fk_form, fk_type, fk_generation, is_primary)
VALUES (1293, 17, 9, False);

INSERT INTO pokemon.pokemon_species (name, pokedex_index, is_baby, is_legendary, is_mythical, evolves_from)
VALUES ('arboliva', 930, False, False, False, dolliv);
INSERT INTO pokemon.form (name, is_default, fk_pokemon_species, height, weight, legacy_cry, latest_cry, artwork, shiny_artwork)
VALUES ('arboliva', True, 1017, 14, 482, None, https://raw.githubusercontent.com/PokeAPI/cries/main/cries/pokemon/latest/930.ogg, https://raw.githubusercontent.com/PokeAPI/sprites/master/sprites/pokemon/other/official-artwork/930.png, https://raw.githubusercontent.com/PokeAPI/sprites/master/sprites/pokemon/other/official-artwork/shiny/930.png);
INSERT INTO pokemon.base_stats (base_hp, base_attack, base_defense, base_special_attack, base_special_defense, base_speed, fk_generation, fk_form)
VALUES (78, 69, 90, 125, 109, 39, 9, 1294);
INSERT INTO pokemon.form_has_type_per_generation (fk_form, fk_type, fk_generation, is_primary)
VALUES (1294, 12, 9, True);
INSERT INTO pokemon.form_has_type_per_generation (fk_form, fk_type, fk_generation, is_primary)
VALUES (1294, 1, 9, False);

INSERT INTO pokemon.pokemon_species (name, pokedex_index, is_baby, is_legendary, is_mythical, evolves_from)
VALUES ('revavroom', 966, False, False, False, varoom);
INSERT INTO pokemon.form (name, is_default, fk_pokemon_species, height, weight, legacy_cry, latest_cry, artwork, shiny_artwork)
VALUES ('revavroom', True, 1018, 18, 1200, None, https://raw.githubusercontent.com/PokeAPI/cries/main/cries/pokemon/latest/966.ogg, https://raw.githubusercontent.com/PokeAPI/sprites/master/sprites/pokemon/other/official-artwork/966.png, https://raw.githubusercontent.com/PokeAPI/sprites/master/sprites/pokemon/other/official-artwork/shiny/966.png);
INSERT INTO pokemon.base_stats (base_hp, base_attack, base_defense, base_special_attack, base_special_defense, base_speed, fk_generation, fk_form)
VALUES (80, 119, 90, 54, 67, 90, 9, 1295);
INSERT INTO pokemon.form_has_type_per_generation (fk_form, fk_type, fk_generation, is_primary)
VALUES (1295, 9, 9, True);
INSERT INTO pokemon.form_has_type_per_generation (fk_form, fk_type, fk_generation, is_primary)
VALUES (1295, 4, 9, False);

INSERT INTO pokemon.pokemon_species (name, pokedex_index, is_baby, is_legendary, is_mythical, evolves_from)
VALUES ('arctibax', 997, False, False, False, frigibax);
INSERT INTO pokemon.form (name, is_default, fk_pokemon_species, height, weight, legacy_cry, latest_cry, artwork, shiny_artwork)
VALUES ('arctibax', True, 1019, 8, 300, None, https://raw.githubusercontent.com/PokeAPI/cries/main/cries/pokemon/latest/997.ogg, https://raw.githubusercontent.com/PokeAPI/sprites/master/sprites/pokemon/other/official-artwork/997.png, https://raw.githubusercontent.com/PokeAPI/sprites/master/sprites/pokemon/other/official-artwork/shiny/997.png);
INSERT INTO pokemon.base_stats (base_hp, base_attack, base_defense, base_special_attack, base_special_defense, base_speed, fk_generation, fk_form)
VALUES (90, 95, 66, 45, 65, 62, 9, 1296);
INSERT INTO pokemon.form_has_type_per_generation (fk_form, fk_type, fk_generation, is_primary)
VALUES (1296, 16, 9, True);
INSERT INTO pokemon.form_has_type_per_generation (fk_form, fk_type, fk_generation, is_primary)
VALUES (1296, 15, 9, False);

INSERT INTO pokemon.pokemon_species (name, pokedex_index, is_baby, is_legendary, is_mythical, evolves_from)
VALUES ('baxcalibur', 998, False, False, False, arctibax);
INSERT INTO pokemon.form (name, is_default, fk_pokemon_species, height, weight, legacy_cry, latest_cry, artwork, shiny_artwork)
VALUES ('baxcalibur', True, 1020, 21, 2100, None, https://raw.githubusercontent.com/PokeAPI/cries/main/cries/pokemon/latest/998.ogg, https://raw.githubusercontent.com/PokeAPI/sprites/master/sprites/pokemon/other/official-artwork/998.png, https://raw.githubusercontent.com/PokeAPI/sprites/master/sprites/pokemon/other/official-artwork/shiny/998.png);
INSERT INTO pokemon.base_stats (base_hp, base_attack, base_defense, base_special_attack, base_special_defense, base_speed, fk_generation, fk_form)
VALUES (115, 145, 92, 75, 86, 87, 9, 1297);
INSERT INTO pokemon.form_has_type_per_generation (fk_form, fk_type, fk_generation, is_primary)
VALUES (1297, 16, 9, True);
INSERT INTO pokemon.form_has_type_per_generation (fk_form, fk_type, fk_generation, is_primary)
VALUES (1297, 15, 9, False);

INSERT INTO pokemon.pokemon_species (name, pokedex_index, is_baby, is_legendary, is_mythical, evolves_from)
VALUES ('gholdengo', 1000, False, False, False, gimmighoul);
INSERT INTO pokemon.form (name, is_default, fk_pokemon_species, height, weight, legacy_cry, latest_cry, artwork, shiny_artwork)
VALUES ('gholdengo', True, 1021, 12, 300, None, https://raw.githubusercontent.com/PokeAPI/cries/main/cries/pokemon/latest/1000.ogg, https://raw.githubusercontent.com/PokeAPI/sprites/master/sprites/pokemon/other/official-artwork/1000.png, https://raw.githubusercontent.com/PokeAPI/sprites/master/sprites/pokemon/other/official-artwork/shiny/1000.png);
INSERT INTO pokemon.base_stats (base_hp, base_attack, base_defense, base_special_attack, base_special_defense, base_speed, fk_generation, fk_form)
VALUES (87, 60, 95, 133, 91, 84, 9, 1298);
INSERT INTO pokemon.form_has_type_per_generation (fk_form, fk_type, fk_generation, is_primary)
VALUES (1298, 9, 9, True);
INSERT INTO pokemon.form_has_type_per_generation (fk_form, fk_type, fk_generation, is_primary)
VALUES (1298, 8, 9, False);

INSERT INTO pokemon.pokemon_species (name, pokedex_index, is_baby, is_legendary, is_mythical, evolves_from)
VALUES ('dipplin', 1011, False, False, False, applin);
INSERT INTO pokemon.form (name, is_default, fk_pokemon_species, height, weight, legacy_cry, latest_cry, artwork, shiny_artwork)
VALUES ('dipplin', True, 1022, 4, 97, None, https://raw.githubusercontent.com/PokeAPI/cries/main/cries/pokemon/latest/1011.ogg, https://raw.githubusercontent.com/PokeAPI/sprites/master/sprites/pokemon/other/official-artwork/1011.png, https://raw.githubusercontent.com/PokeAPI/sprites/master/sprites/pokemon/other/official-artwork/shiny/1011.png);
INSERT INTO pokemon.base_stats (base_hp, base_attack, base_defense, base_special_attack, base_special_defense, base_speed, fk_generation, fk_form)
VALUES (80, 80, 110, 95, 80, 40, 9, 1299);
INSERT INTO pokemon.form_has_type_per_generation (fk_form, fk_type, fk_generation, is_primary)
VALUES (1299, 12, 9, True);
INSERT INTO pokemon.form_has_type_per_generation (fk_form, fk_type, fk_generation, is_primary)
VALUES (1299, 16, 9, False);

INSERT INTO pokemon.pokemon_species (name, pokedex_index, is_baby, is_legendary, is_mythical, evolves_from)
VALUES ('sinistcha', 1013, False, False, False, poltchageist);
INSERT INTO pokemon.form (name, is_default, fk_pokemon_species, height, weight, legacy_cry, latest_cry, artwork, shiny_artwork)
VALUES ('sinistcha', True, 1023, 2, 22, None, https://raw.githubusercontent.com/PokeAPI/cries/main/cries/pokemon/latest/1013.ogg, https://raw.githubusercontent.com/PokeAPI/sprites/master/sprites/pokemon/other/official-artwork/1013.png, https://raw.githubusercontent.com/PokeAPI/sprites/master/sprites/pokemon/other/official-artwork/shiny/1013.png);
INSERT INTO pokemon.base_stats (base_hp, base_attack, base_defense, base_special_attack, base_special_defense, base_speed, fk_generation, fk_form)
VALUES (71, 60, 106, 121, 80, 70, 9, 1300);
INSERT INTO pokemon.form_has_type_per_generation (fk_form, fk_type, fk_generation, is_primary)
VALUES (1300, 12, 9, True);
INSERT INTO pokemon.form_has_type_per_generation (fk_form, fk_type, fk_generation, is_primary)
VALUES (1300, 8, 9, False);

INSERT INTO pokemon.pokemon_species (name, pokedex_index, is_baby, is_legendary, is_mythical, evolves_from)
VALUES ('archaludon', 1018, False, False, False, duraludon);
INSERT INTO pokemon.form (name, is_default, fk_pokemon_species, height, weight, legacy_cry, latest_cry, artwork, shiny_artwork)
VALUES ('archaludon', True, 1024, 20, 600, None, https://raw.githubusercontent.com/PokeAPI/cries/main/cries/pokemon/latest/1018.ogg, https://raw.githubusercontent.com/PokeAPI/sprites/master/sprites/pokemon/other/official-artwork/1018.png, https://raw.githubusercontent.com/PokeAPI/sprites/master/sprites/pokemon/other/official-artwork/shiny/1018.png);
INSERT INTO pokemon.base_stats (base_hp, base_attack, base_defense, base_special_attack, base_special_defense, base_speed, fk_generation, fk_form)
VALUES (90, 105, 130, 125, 65, 85, 9, 1301);
INSERT INTO pokemon.form_has_type_per_generation (fk_form, fk_type, fk_generation, is_primary)
VALUES (1301, 9, 9, True);
INSERT INTO pokemon.form_has_type_per_generation (fk_form, fk_type, fk_generation, is_primary)
VALUES (1301, 16, 9, False);

INSERT INTO pokemon.pokemon_species (name, pokedex_index, is_baby, is_legendary, is_mythical, evolves_from)
VALUES ('hydrapple', 1019, False, False, False, dipplin);
INSERT INTO pokemon.form (name, is_default, fk_pokemon_species, height, weight, legacy_cry, latest_cry, artwork, shiny_artwork)
VALUES ('hydrapple', True, 1025, 18, 930, None, https://raw.githubusercontent.com/PokeAPI/cries/main/cries/pokemon/latest/1019.ogg, https://raw.githubusercontent.com/PokeAPI/sprites/master/sprites/pokemon/other/official-artwork/1019.png, https://raw.githubusercontent.com/PokeAPI/sprites/master/sprites/pokemon/other/official-artwork/shiny/1019.png);
INSERT INTO pokemon.base_stats (base_hp, base_attack, base_defense, base_special_attack, base_special_defense, base_speed, fk_generation, fk_form)
VALUES (106, 80, 110, 120, 80, 44, 9, 1302);
INSERT INTO pokemon.form_has_type_per_generation (fk_form, fk_type, fk_generation, is_primary)
VALUES (1302, 12, 9, True);
INSERT INTO pokemon.form_has_type_per_generation (fk_form, fk_type, fk_generation, is_primary)
VALUES (1302, 16, 9, False);



